
 Fire Dynamics Simulator

 Current Date     : August  8, 2026  12:10:47
 Revision         : FDS-6.11.0-0-g369a20b-release
 Revision Date    : Fri May 15 17:26:52 2026 -0400
 Compiler         : Intel(R) Fortran Compiler for applications running on Intel(R) 64, Version 2025.2.0 Build 20250605
 Compilation Date : Sun-05/17/2026-11:24-PM

 Number of MPI Processes:  4

 MPI version: 4.1
 MPI library version: Intel(R) MPI Library 2021.16 for Windows* OS

 Hypre library version: v3.0.0
 Sundials library version: v7.5.0

 Job TITLE        : VIB Hasenheide Stage 1 | hep_160_150 | <ParticipantID> | <RunID>
 Job ID string    : hep_160_150_1_1


 Grid Dimensions, Mesh     1

   Cells in the X Direction            44
   Cells in the Y Direction            46
   Cells in the Z Direction            51
   Number of Grid Cells            103224


 Physical Dimensions, Mesh     1

   Length (m)                       2.200
   Width  (m)                       2.300
   Height (m)                       2.550

 Grid Dimensions, Mesh     2

   Cells in the X Direction            41
   Cells in the Y Direction            46
   Cells in the Z Direction            51
   Number of Grid Cells             96186


 Physical Dimensions, Mesh     2

   Length (m)                       2.050
   Width  (m)                       2.300
   Height (m)                       2.550

 Grid Dimensions, Mesh     3

   Cells in the X Direction            44
   Cells in the Y Direction            42
   Cells in the Z Direction            51
   Number of Grid Cells             94248


 Physical Dimensions, Mesh     3

   Length (m)                       2.200
   Width  (m)                       2.100
   Height (m)                       2.550

 Grid Dimensions, Mesh     4

   Cells in the X Direction            41
   Cells in the Y Direction            42
   Cells in the Z Direction            51
   Number of Grid Cells             87822


 Physical Dimensions, Mesh     4

   Length (m)                       2.050
   Width  (m)                       2.100
   Height (m)                       2.550

 Miscellaneous Parameters

   Total Number of Grid Cells      381480
   Maximum Cell Aspect Ratio        1.000
   Initial Time Step (s)            0.050
   CFL Velocity Norm                    2
   Simulation Start Time (s)          0.0
   Simulation End Time (s)          340.0
   Background Pressure (Pa)      99300.00
   Ambient Temperature (C)          12.10

   3D Cartesian
   VLES Calculation
   Eddy Viscosity Model:  Deardorff (C_DEARDORFF = 0.10)
   Surface INERT Eddy Viscosity Model:  WALE (C_WALE = 0.60)
   Surface BURNER_PAN Eddy Viscosity Model:  WALE (C_WALE = 0.60)
   Turbulent Prandtl Number:         0.50
   Turbulent Schmidt Number:         0.50


 Pressure solver information

   Solver:                            FFT
   Velocity tolerance (m/s):    2.500E-02
   Press eqn res tol (1/s^2):   8.000E+03
   Max pressure iterations:            10


 Background Stratification

      Z (m)     P_0 (Pa)    TMP_0 (C)
   ------------------------------------
        2.52     99270.20     12.10
        2.47     99270.79     12.10
        2.42     99271.38     12.10
        2.38     99271.97     12.10
        2.32     99272.56     12.10
        2.27     99273.15     12.10
        2.22     99273.74     12.10
        2.17     99274.33     12.10
        2.12     99274.92     12.10
        2.07     99275.51     12.10
        2.02     99276.10     12.10
        1.97     99276.69     12.10
        1.92     99277.28     12.10
        1.88     99277.87     12.10
        1.82     99278.46     12.10
        1.77     99279.05     12.10
        1.72     99279.64     12.10
        1.67     99280.23     12.10
        1.62     99280.82     12.10
        1.57     99281.41     12.10
        1.52     99282.00     12.10
        1.47     99282.59     12.10
        1.42     99283.18     12.10
        1.38     99283.77     12.10
        1.32     99284.36     12.10
        1.27     99284.95     12.10
        1.23     99285.54     12.10
        1.17     99286.13     12.10
        1.12     99286.72     12.10
        1.07     99287.31     12.10
        1.02     99287.90     12.10
        0.97     99288.49     12.10
        0.92     99289.08     12.10
        0.88     99289.67     12.10
        0.82     99290.26     12.10
        0.77     99290.85     12.10
        0.72     99291.44     12.10
        0.67     99292.03     12.10
        0.62     99292.62     12.10
        0.57     99293.21     12.10
        0.52     99293.80     12.10
        0.47     99294.39     12.10
        0.42     99294.98     12.10
        0.38     99295.57     12.10
        0.32     99296.16     12.10
        0.27     99296.75     12.10
        0.22     99297.34     12.10
        0.17     99297.93     12.10
        0.12     99298.52     12.10
        0.07     99299.11     12.10
        0.02     99299.70     12.10


 Mass Fraction Transformation Matrix to Convert Species Mixtures (Columns) to Primitive Species (Rows)

                         AIR       HEPTAN_S  PRODUCTS
   NITROGEN              0.761864  0.000000  0.712150
   OXYGEN                0.230814  0.000000  0.000000
   CARBON DIOXIDE        0.000591  0.000000  0.189573
   WATER VAPOR           0.006731  0.000000  0.093768
   CARBON MONOXIDE       0.000000  0.000000  0.001103
   SOOT                  0.000000  0.000000  0.003406
   HYDROGEN              0.000000  0.000000  0.000000
   HYDROGEN CYANIDE      0.000000  0.000000  0.000000
   HEPTAN_SURROGATE      0.000000  1.000000  0.000000


 Primitive Species Information

   NITROGEN
   Gas Species
   Molecular Weight (g/mol)                28.01340
   Ambient Density (kg/m^3)                1.173
           Enthalpy of Formation (J/kg)  0.000E+00

   OXYGEN
   Gas Species
   Molecular Weight (g/mol)                31.99880
   Ambient Density (kg/m^3)                1.340
           Enthalpy of Formation (J/kg)  0.000E+00

   CARBON DIOXIDE
   Gas Species
   Molecular Weight (g/mol)                44.00950
   Ambient Density (kg/m^3)                1.843
           Enthalpy of Formation (J/kg) -8.941E+06

   WATER VAPOR
   Gas Species
   Molecular Weight (g/mol)                18.01528
   Ambient Density (kg/m^3)                0.754
           Enthalpy of Formation (J/kg) -1.342E+07

   CARBON MONOXIDE
   Gas Species
   Molecular Weight (g/mol)                28.01010
   Ambient Density (kg/m^3)                1.173
           Enthalpy of Formation (J/kg) -3.946E+06

   SOOT
   Gas Species
   Molecular Weight (g/mol)                12.01070
   Ambient Density (kg/m^3)                0.503
           Enthalpy of Formation (J/kg)  0.000E+00

   HYDROGEN
   Gas Species
   Molecular Weight (g/mol)                 2.01588
   Ambient Density (kg/m^3)                0.084
           Enthalpy of Formation (J/kg)  0.000E+00

   HYDROGEN CYANIDE
   Gas Species
   Molecular Weight (g/mol)                27.02534
   Ambient Density (kg/m^3)                1.132
           Enthalpy of Formation (J/kg)  4.924E+06

   HEPTAN_SURROGATE
   Gas Species
   Molecular Weight (g/mol)                96.08630
   Ambient Density (kg/m^3)                4.023
   Assumed Enthalpy of Formation (J/kg) -4.422E+06


 Tracked (Lumped) Species Information

   AIR
   Molecular Weight (g/mol)            28.73837
   Ambient Density (kg/m^3)            1.203
   Initial Mass Fraction               1.000
   Enthalpy of Formation (J/kg)     -9.564E+04

   Sub Species                    Mass Fraction     Mole Fraction
   NITROGEN                       7.618638E-01      7.815803E-01
   OXYGEN                         2.308138E-01      2.072956E-01
   CARBON DIOXIDE                 5.909948E-04      3.859218E-04
   WATER VAPOR                    6.731463E-03      1.073818E-02
 
     Viscosity (kg/m/s) Ambient,  285 K:  1.759E-05
                                  500 K:  2.612E-05
                                 1000 K:  4.125E-05
                                 1500 K:  5.371E-05
                                 2000 K:  6.476E-05
   Therm. Cond. (W/m/K) Ambient,  285 K:  2.503E-02
                                  500 K:  3.813E-02
                                 1000 K:  6.687E-02
                                 1500 K:  9.254E-02
                                 2000 K:  1.153E-01
        Enthalpy (J/kg) Ambient,  285 K: -1.088E+05
                                  500 K:  1.117E+05
                                 1000 K:  6.620E+05
                                 1500 K:  1.261E+06
                                 2000 K:  1.887E+06
    Spec. Heat (J/kg/K) Ambient,  285 K:  1.016E+03
                                  500 K:  1.043E+03
                                 1000 K:  1.157E+03
                                 1500 K:  1.230E+03
                                 2000 K:  1.271E+03
   Diff. Coeff. (m^2/s) Ambient,  285 K:  1.897E-05
                                  500 K:  4.962E-05
                                 1000 K:  1.581E-04
                                 1500 K:  3.096E-04
                                 2000 K:  4.986E-04
     Gibbs Energy Amb. (kJ/mol),  285 K: -5.737E+01
                                  500 K: -1.009E+02
                                 1000 K: -2.119E+02
                                 1500 K: -3.314E+02
                                 2000 K: -4.570E+02

   HEPTAN_SURROGATE
   Molecular Weight (g/mol)            96.08630
   Ambient Density (kg/m^3)            4.023
   Initial Mass Fraction               0.000
   Enthalpy of Formation (J/kg)     -4.422E+06

   Sub Species                    Mass Fraction     Mole Fraction
   HEPTAN_SURROGATE               1.000000E+00      1.000000E+00
 
     Viscosity (kg/m/s) Ambient,  285 K:  3.158E-05
                                  500 K:  4.652E-05
                                 1000 K:  7.312E-05
                                 1500 K:  9.513E-05
                                 2000 K:  1.146E-04
   Therm. Cond. (W/m/K) Ambient,  285 K:  1.347E-02
                                  500 K:  1.984E-02
                                 1000 K:  3.119E-02
                                 1500 K:  4.058E-02
                                 2000 K:  4.890E-02
        Enthalpy (J/kg) Ambient,  285 K: -4.426E+06
                                  500 K: -4.361E+06
                                 1000 K: -4.210E+06
                                 1500 K: -4.058E+06
                                 2000 K: -3.907E+06
    Spec. Heat (J/kg/K) Ambient,  285 K:  3.029E+02
                                  500 K:  3.029E+02
                                 1000 K:  3.029E+02
                                 1500 K:  3.029E+02
                                 2000 K:  3.029E+02
   Diff. Coeff. (m^2/s) Ambient,  285 K:  1.521E-05
                                  500 K:  3.965E-05
                                 1000 K:  1.260E-04
                                 1500 K:  2.467E-04
                                 2000 K:  3.973E-04

   PRODUCTS
   Molecular Weight (g/mol)            28.36300
   Ambient Density (kg/m^3)            1.188
   Initial Mass Fraction               0.000
   Enthalpy of Formation (J/kg)     -2.958E+06

   Sub Species                    Mass Fraction     Mole Fraction
   NITROGEN                       7.121495E-01      7.210370E-01
   CARBON DIOXIDE                 1.895732E-01      1.221751E-01
   WATER VAPOR                    9.376827E-02      1.476274E-01
   CARBON MONOXIDE                1.102784E-03      1.116678E-03
   SOOT                           3.406231E-03      8.043740E-03
   HYDROGEN CYANIDE               0.000000E+00      0.000000E+00
 
     Viscosity (kg/m/s) Ambient,  285 K:  1.582E-05
                                  500 K:  2.394E-05
                                 1000 K:  3.893E-05
                                 1500 K:  5.136E-05
                                 2000 K:  6.232E-05
   Therm. Cond. (W/m/K) Ambient,  285 K:  2.283E-02
                                  500 K:  3.613E-02
                                 1000 K:  6.690E-02
                                 1500 K:  9.571E-02
                                 2000 K:  1.215E-01
        Enthalpy (J/kg) Ambient,  285 K: -2.972E+06
                                  500 K: -2.735E+06
                                 1000 K: -2.129E+06
                                 1500 K: -1.457E+06
                                 2000 K: -7.447E+05
    Spec. Heat (J/kg/K) Ambient,  285 K:  1.076E+03
                                  500 K:  1.133E+03
                                 1000 K:  1.287E+03
                                 1500 K:  1.392E+03
                                 2000 K:  1.452E+03
   Diff. Coeff. (m^2/s) Ambient,  285 K:  1.856E-05
                                  500 K:  4.942E-05
                                 1000 K:  1.594E-04
                                 1500 K:  3.134E-04
                                 2000 K:  5.054E-04
     Gibbs Energy Amb. (kJ/mol),  285 K: -1.530E+02
                                  500 K: -1.966E+02
                                 1000 K: -3.090E+02
                                 1500 K: -4.310E+02
                                 2000 K: -5.599E+02


 Gas Phase Reaction Information

   Solver Details:  

      ODE Solver:  EXPLICIT EULER

      Fuel                                           Heat of Combustion (kJ/kg)
      HEPTAN_SURROGATE                                               39540.0000
      EPUMO2:                                                        11958.7215

      Primitive Species Stoich. Coeff.
      Species ID                                                          Molar
      NITROGEN                                                         0.000000
      OXYGEN                                                          -9.928410
      CARBON DIOXIDE                                                   6.324423
      WATER VAPOR                                                      7.150000
      CARBON MONOXIDE                                                  0.057974
      SOOT                                                             0.417603
      HEPTAN_SURROGATE                                                -1.000000

      Tracked (Lumped) Species Stoich. Coeff.
      Species ID                                             Molar         Mass
      AIR                                               -47.894937   -14.324855
      HEPTAN_SURROGATE                                   -1.000000    -1.000000
      PRODUCTS                                           51.916527    15.324855

      Reaction Kinetics

      Fast chemistry

      Extinction Model:  EXTINCTION 1
      Auto-Ignition Temperature (C):            -273.1
      Critical Flame Temperature (C):           1427.0

      Prescribed Radiative Fraction:             0.330


 Material Information


 Surface Conditions

   0 INERT (DEFAULT)

   1 BURNER_PAN
     HRR Per Unit Area (kW/m2)       1115.1
     HEPTAN_SURROGATE Mass Flux (kg/s/m2)   2.820E-02

   2 OPEN
     Passive Vent to Atmosphere

   3 MIRROR
     Symmetry Plane

   4 INTERPOLATED

   5 PERIODIC

   6 HVAC

   7 MASSLESS TRACER

   8 DROPLET

   9 MASSLESS TARGET

  10 PERIODIC FLOW ONLY


 Lagrangian Particle Classes


 Cut-off Density and Temperature

    Minimum Temperature:  -259.1 C
    Maximum Temperature:  2726.8 C
    Minimum Density:  1.000E-02 kg/m3
    Maximum Density:  1.000E+02 kg/m3


 Device Information

   1 ID: TC_Ceiling_F1
     QUANTITY: THERMOCOUPLE
     Coordinates (X,Y,Z):    2.062500E+00    2.137500E+00    2.540000E+00
     TEMPORAL STATISTIC: TIME AVERAGE
   2 ID: TC_F1_1_8
     QUANTITY: THERMOCOUPLE
     Coordinates (X,Y,Z):    3.650000E+00    5.000000E-01    1.800000E+00
     TEMPORAL STATISTIC: TIME AVERAGE
   3 ID: EXT_F1_1_8
     QUANTITY: EXTINCTION COEFFICIENT
     Species ID: SOOT
     Coordinates (X,Y,Z):    3.650000E+00    5.000000E-01    1.800000E+00
     TEMPORAL STATISTIC: TIME AVERAGE
   4 ID: EXT_DEVC_F1_2_3
     QUANTITY: EXTINCTION COEFFICIENT
     Species ID: SOOT
     Coordinates (X,Y,Z):    3.150000E+00    3.725000E+00    2.300000E+00
     TEMPORAL STATISTIC: TIME AVERAGE


 Radiation Model Information

   Number of control angles  104
   Time step increment         3
   Angle increment             5
   Theta band N_phi   Solid angle
     1:        4     0.120
     2:       12     0.114
     3:       16     0.127
     4:       20     0.120
     5:       20     0.120
     6:       16     0.127
     7:       12     0.114
     8:        4     0.120
   Using gray gas absorption.
   Mean beam length  1.000E-01 m


 Pressure Zone Information

   1 Volume: 4.7648E+01 m3, Cells: 381183, Mesh: 4, Indices: (41,42,51)
 
 

 Run Time Diagnostics

       Time Step        1   August  8, 2026  12:10:48
       Step Size:  0.500E-01 s, Total Time:    0.04999 s
       Pressure Iterations: 1
       Maximum Velocity Error:  0.28E-02 on Mesh 1 at (43,44,4)
       Maximum Pressure Error:  0.49E-05 on Mesh 3 at (42,2,2)
       Maximum CFL Number    :  0.26E-01 on Mesh 4 at (36,21,10)
       Maximum VN Number     :  0.37E-01 on Mesh 4 at (13,42,12)
       ---------------------------------------------------------------
       Mesh    1
       Max CFL number:  0.26E-01 at (19,22,23)
       Max divergence:  0.36E-01 at (41,44,5)
       Min divergence: -0.27E-05 at (42,20,50)
       Max VN number :  0.32E-01 at (1,14,24)
       Mesh    2
       Max CFL number:  0.26E-01 at (2,12,21)
       Max divergence:  0.10E-05 at (19,28,2)
       Min divergence: -0.26E-05 at (20,9,50)
       Max VN number :  0.29E-01 at (17,1,36)
       Mesh    3
       Max CFL number:  0.26E-01 at (13,41,36)
       Max divergence:  0.10E-05 at (18,2,2)
       Min divergence: -0.29E-05 at (10,19,50)
       Max VN number :  0.32E-01 at (15,34,51)
       Mesh    4
       Max CFL number:  0.26E-01 at (36,21,10)
       Max divergence:  0.13E-05 at (3,27,2)
       Min divergence: -0.28E-05 at (10,4,50)
       Max VN number :  0.37E-01 at (13,42,12)
 
       Time Step        2   August  8, 2026  12:10:49
       Step Size:  0.500E-01 s, Total Time:    0.09999 s
       Pressure Iterations: 10
       Maximum Velocity Error:  0.35E-01 on Mesh 1 at (41,42,4)
       Maximum Pressure Error:  0.52E+01 on Mesh 1 at (41,44,5)
       Maximum CFL Number    :  0.26E-01 on Mesh 4 at (36,21,10)
       Maximum VN Number     :  0.37E-01 on Mesh 4 at (13,42,12)
       ---------------------------------------------------------------
       Mesh    1
       Max CFL number:  0.26E-01 at (19,22,23)
       Max divergence:  0.65E+01 at (41,44,5)
       Min divergence: -0.39E-03 at (41,44,4)
       Max VN number :  0.31E-01 at (1,14,24)
       Mesh    2
       Max CFL number:  0.25E-01 at (2,12,21)
       Max divergence: -0.13E-03 at (1,44,5)
       Min divergence: -0.16E-03 at (1,44,6)
       Max VN number :  0.29E-01 at (17,1,36)
       Mesh    3
       Max CFL number:  0.26E-01 at (13,41,36)
       Max divergence: -0.15E-03 at (18,2,2)
       Min divergence: -0.15E-03 at (10,19,50)
       Max VN number :  0.32E-01 at (15,34,51)
       Mesh    4
       Max CFL number:  0.26E-01 at (36,21,10)
       Max divergence: -0.15E-03 at (3,27,2)
       Min divergence: -0.15E-03 at (10,4,50)
       Max VN number :  0.37E-01 at (13,42,12)
 
       Time Step        3   August  8, 2026  12:10:49
       Step Size:  0.500E-01 s, Total Time:    0.14998 s
       Pressure Iterations: 4
       Maximum Velocity Error:  0.22E-01 on Mesh 1 at (42,43,4)
       Maximum Pressure Error:  0.16E+02 on Mesh 1 at (41,42,5)
       Maximum CFL Number    :  0.59E+00 on Mesh 1 at (43,44,5)
       Maximum VN Number     :  0.11E+00 on Mesh 1 at (42,43,5)
       ---------------------------------------------------------------
       Mesh    1
       Max CFL number:  0.59E+00 at (43,44,5)
       Max divergence:  0.84E+01 at (41,42,5)
       Min divergence: -0.59E-02 at (44,42,6)
       Max VN number :  0.11E+00 at (42,43,5)
       Mesh    2
       Max CFL number:  0.44E-01 at (1,43,7)
       Max divergence:  0.14E-02 at (1,43,6)
       Min divergence: -0.24E-03 at (20,9,50)
       Max VN number :  0.29E-01 at (17,1,36)
       Mesh    3
       Max CFL number:  0.26E-01 at (41,2,7)
       Max divergence: -0.23E-03 at (43,1,6)
       Min divergence: -0.24E-03 at (10,19,50)
       Max VN number :  0.32E-01 at (15,34,51)
       Mesh    4
       Max CFL number:  0.26E-01 at (36,21,10)
       Max divergence: -0.24E-03 at (3,27,2)
       Min divergence: -0.24E-03 at (10,4,50)
       Max VN number :  0.37E-01 at (13,42,12)
 
       Time Step        4   August  8, 2026  12:10:50
       Step Size:  0.500E-01 s, Total Time:    0.19997 s
       Pressure Iterations: 5
       Maximum Velocity Error:  0.24E-01 on Mesh 1 at (40,44,5)
       Maximum Pressure Error:  0.97E+02 on Mesh 1 at (41,42,5)
       Maximum CFL Number    :  0.80E+00 on Mesh 1 at (43,44,5)
       Maximum VN Number     :  0.21E+00 on Mesh 1 at (42,45,6)
       ---------------------------------------------------------------
       Mesh    1
       Max CFL number:  0.80E+00 at (43,44,5)
       Max divergence:  0.73E+01 at (42,43,5)
       Min divergence: -0.42E-01 at (40,43,6)
       Max VN number :  0.21E+00 at (42,45,6)
       Mesh    2
       Max CFL number:  0.90E-01 at (1,43,7)
       Max divergence:  0.13E-01 at (1,43,6)
       Min divergence: -0.37E-03 at (1,42,7)
       Max VN number :  0.28E-01 at (17,1,36)
       Mesh    3
       Max CFL number:  0.43E-01 at (42,1,7)
       Max divergence: -0.24E-03 at (43,1,6)
       Min divergence: -0.28E-03 at (10,19,50)
       Max VN number :  0.32E-01 at (1,27,49)
       Mesh    4
       Max CFL number:  0.29E-01 at (2,3,5)
       Max divergence: -0.28E-03 at (3,27,2)
       Min divergence: -0.28E-03 at (10,4,50)
       Max VN number :  0.37E-01 at (13,42,12)
 
       Time Step        5   August  8, 2026  12:10:50
       Step Size:  0.500E-01 s, Total Time:    0.24997 s
       Pressure Iterations: 10
       Maximum Velocity Error:  0.56E-01 on Mesh 1 at (41,42,4)
       Maximum Pressure Error:  0.44E+03 on Mesh 1 at (41,42,5)
       Maximum CFL Number    :  0.80E+00 on Mesh 1 at (43,44,6)
       Maximum VN Number     :  0.38E+00 on Mesh 1 at (42,45,6)
       ---------------------------------------------------------------
       Mesh    1
       Max CFL number:  0.80E+00 at (43,44,6)
       Max divergence:  0.38E+01 at (42,43,5)
       Min divergence: -0.12E-01 at (44,43,6)
       Max VN number :  0.38E+00 at (42,45,6)
       Mesh    2
       Max CFL number:  0.11E+00 at (1,43,7)
       Max divergence:  0.50E-02 at (1,43,6)
       Min divergence: -0.22E-03 at (1,42,8)
       Max VN number :  0.28E-01 at (17,1,36)
       Mesh    3
       Max CFL number:  0.48E-01 at (42,1,7)
       Max divergence: -0.13E-03 at (43,1,6)
       Min divergence: -0.20E-03 at (41,1,7)
       Max VN number :  0.32E-01 at (1,27,49)
       Mesh    4
       Max CFL number:  0.29E-01 at (2,3,5)
       Max divergence: -0.20E-03 at (3,27,2)
       Min divergence: -0.20E-03 at (10,4,50)
       Max VN number :  0.37E-01 at (13,42,12)
 
       Time Step        6   August  8, 2026  12:10:51
       Step Size:  0.500E-01 s, Total Time:    0.29996 s
       Pressure Iterations: 10
       Maximum Velocity Error:  0.97E-01 on Mesh 1 at (41,42,4)
       Maximum Pressure Error:  0.85E+03 on Mesh 1 at (41,42,5)
       Maximum CFL Number    :  0.57E+00 on Mesh 1 at (43,44,6)
       Maximum VN Number     :  0.35E+00 on Mesh 1 at (42,45,6)
       ---------------------------------------------------------------
       Mesh    1
       Max CFL number:  0.57E+00 at (43,44,6)
       Max divergence:  0.12E+01 at (42,43,7)
       Min divergence: -0.61E+01 at (41,42,5)
       Max VN number :  0.35E+00 at (42,45,6)
       Mesh    2
       Max CFL number:  0.88E-01 at (1,43,8)
       Max divergence:  0.17E-01 at (1,43,7)
       Min divergence: -0.51E-02 at (1,43,6)
       Max VN number :  0.28E-01 at (17,1,36)
       Mesh    3
       Max CFL number:  0.42E-01 at (43,1,8)
       Max divergence:  0.13E-03 at (43,1,6)
       Min divergence:  0.75E-04 at (10,19,50)
       Max VN number :  0.32E-01 at (1,27,49)
       Mesh    4
       Max CFL number:  0.25E-01 at (36,21,10)
       Max divergence:  0.79E-04 at (3,27,2)
       Min divergence:  0.75E-04 at (10,4,50)
       Max VN number :  0.36E-01 at (13,42,12)
 
       Time Step        7   August  8, 2026  12:10:52
       Step Size:  0.500E-01 s, Total Time:    0.34995 s
       Pressure Iterations: 5
       Maximum Velocity Error:  0.23E-01 on Mesh 1 at (44,43,4)
       Maximum Pressure Error:  0.46E+03 on Mesh 1 at (41,42,5)
       Maximum CFL Number    :  0.44E+00 on Mesh 1 at (41,42,5)
       Maximum VN Number     :  0.14E+00 on Mesh 1 at (43,44,8)
       ---------------------------------------------------------------
       Mesh    1
       Max CFL number:  0.44E+00 at (41,42,5)
       Max divergence:  0.68E+00 at (42,43,7)
       Min divergence: -0.34E+01 at (43,44,6)
       Max VN number :  0.14E+00 at (43,44,8)
       Mesh    2
       Max CFL number:  0.62E-01 at (1,43,6)
       Max divergence:  0.14E-01 at (1,43,7)
       Min divergence: -0.37E-02 at (1,44,5)
       Max VN number :  0.28E-01 at (17,1,36)
       Mesh    3
       Max CFL number:  0.33E-01 at (43,1,7)
       Max divergence:  0.12E-03 at (42,1,7)
       Min divergence:  0.56E-04 at (10,19,50)
       Max VN number :  0.32E-01 at (1,27,49)
       Mesh    4
       Max CFL number:  0.25E-01 at (36,21,10)
       Max divergence:  0.60E-04 at (3,27,2)
       Min divergence:  0.56E-04 at (10,4,50)
       Max VN number :  0.36E-01 at (13,42,12)
 
       Time Step        8   August  8, 2026  12:10:52
       Step Size:  0.500E-01 s, Total Time:    0.39994 s
       Pressure Iterations: 10
       Maximum Velocity Error:  0.33E-01 on Mesh 1 at (41,42,4)
       Maximum Pressure Error:  0.18E+03 on Mesh 1 at (41,44,6)
       Maximum CFL Number    :  0.52E+00 on Mesh 1 at (41,42,7)
       Maximum VN Number     :  0.15E+00 on Mesh 1 at (43,44,8)
       ---------------------------------------------------------------
       Mesh    1
       Max CFL number:  0.52E+00 at (41,42,7)
       Max divergence:  0.30E+00 at (42,43,7)
       Min divergence: -0.47E+01 at (42,43,5)
       Max VN number :  0.15E+00 at (43,44,8)
       Mesh    2
       Max CFL number:  0.10E+00 at (1,43,7)
       Max divergence:  0.13E-01 at (1,44,7)
       Min divergence: -0.15E-01 at (1,43,5)
       Max VN number :  0.48E-01 at (3,43,4)
       Mesh    3
       Max CFL number:  0.44E-01 at (43,1,7)
       Max divergence:  0.11E-03 at (42,1,7)
       Min divergence:  0.21E-04 at (10,19,50)
       Max VN number :  0.32E-01 at (1,27,49)
       Mesh    4
       Max CFL number:  0.27E-01 at (2,3,8)
       Max divergence:  0.25E-04 at (3,27,2)
       Min divergence:  0.22E-04 at (10,4,50)
       Max VN number :  0.36E-01 at (13,42,12)
 
       Time Step        9   August  8, 2026  12:10:53
       Step Size:  0.500E-01 s, Total Time:    0.44994 s
       Pressure Iterations: 10
       Maximum Velocity Error:  0.40E-01 on Mesh 1 at (41,42,4)
       Maximum Pressure Error:  0.19E+03 on Mesh 1 at (42,43,4)
       Maximum CFL Number    :  0.54E+00 on Mesh 1 at (43,44,7)
       Maximum VN Number     :  0.43E+00 on Mesh 1 at (43,42,6)
       ---------------------------------------------------------------
       Mesh    1
       Max CFL number:  0.54E+00 at (43,44,7)
       Max divergence:  0.68E+00 at (41,42,6)
       Min divergence: -0.45E+00 at (41,42,5)
       Max VN number :  0.43E+00 at (43,42,6)
       Mesh    2
       Max CFL number:  0.10E+00 at (1,43,7)
       Max divergence:  0.92E-02 at (1,43,7)
       Min divergence: -0.16E-01 at (1,43,5)
       Max VN number :  0.28E-01 at (17,1,36)
       Mesh    3
       Max CFL number:  0.37E-01 at (41,1,7)
       Max divergence:  0.85E-04 at (42,1,7)
       Min divergence: -0.27E-04 at (42,1,5)
       Max VN number :  0.32E-01 at (1,27,49)
       Mesh    4
       Max CFL number:  0.25E-01 at (36,21,10)
       Max divergence: -0.92E-05 at (3,27,2)
       Min divergence: -0.13E-04 at (10,4,50)
       Max VN number :  0.36E-01 at (13,42,12)
 
       Time Step       10   August  8, 2026  12:10:53
       Step Size:  0.500E-01 s, Total Time:    0.49993 s
       Pressure Iterations: 10
       Maximum Velocity Error:  0.27E-01 on Mesh 1 at (43,44,4)
       Maximum Pressure Error:  0.10E+03 on Mesh 1 at (43,43,5)
       Maximum CFL Number    :  0.54E+00 on Mesh 1 at (43,44,7)
       Maximum VN Number     :  0.48E+00 on Mesh 1 at (43,44,6)
       ---------------------------------------------------------------
       Mesh    1
       Max CFL number:  0.54E+00 at (43,44,7)
       Max divergence:  0.11E+01 at (41,44,6)
       Min divergence: -0.26E+00 at (42,44,5)
       Max VN number :  0.48E+00 at (43,44,6)
       Mesh    2
       Max CFL number:  0.98E-01 at (1,43,7)
       Max divergence:  0.93E-02 at (1,43,8)
       Min divergence: -0.11E-01 at (1,43,5)
       Max VN number :  0.28E-01 at (17,1,36)
       Mesh    3
       Max CFL number:  0.34E-01 at (43,1,7)
       Max divergence:  0.73E-04 at (42,1,7)
       Min divergence: -0.98E-04 at (42,1,5)
       Max VN number :  0.32E-01 at (1,27,49)
       Mesh    4
       Max CFL number:  0.25E-01 at (36,21,10)
       Max divergence: -0.22E-04 at (3,27,2)
       Min divergence: -0.26E-04 at (10,4,50)
       Max VN number :  0.36E-01 at (13,42,12)
 
       Time Step       20   August  8, 2026  12:10:58
       Step Size:  0.228E-02 s, Total Time:    0.93011 s
       Pressure Iterations: 4
       Maximum Velocity Error:  0.24E-01 on Mesh 1 at (41,41,5)
       Maximum Pressure Error:  0.25E+04 on Mesh 1 at (42,42,6)
       Maximum CFL Number    :  0.11E+00 on Mesh 1 at (41,42,5)
       Maximum VN Number     :  0.21E-01 on Mesh 1 at (41,42,6)
       ---------------------------------------------------------------
       Mesh    1
       Max CFL number:  0.11E+00 at (41,42,5)
       Max divergence:  0.33E+02 at (41,42,5)
       Min divergence: -0.58E+00 at (41,43,6)
       Max VN number :  0.21E-01 at (41,42,6)
       No. of CLIP DT restrictions:  1
       Mesh    2
       Max CFL number:  0.69E-02 at (1,43,8)
       Max divergence:  0.13E-01 at (1,43,10)
       Min divergence: -0.26E-03 at (1,41,4)
       Max VN number :  0.25E-02 at (1,43,9)
       Mesh    3
       Max CFL number:  0.30E-02 at (42,1,11)
       Max divergence:  0.68E-03 at (42,1,9)
       Min divergence: -0.23E-03 at (42,1,4)
       Max VN number :  0.15E-02 at (1,27,49)
       Mesh    4
       Max CFL number:  0.15E-02 at (1,1,11)
       Max divergence: -0.18E-03 at (3,27,2)
       Min divergence: -0.19E-03 at (10,4,50)
       Max VN number :  0.16E-02 at (13,42,12)
 
       Time Step       30   August  8, 2026  12:11:03
       Step Size:  0.592E-02 s, Total Time:    0.97015 s
       Pressure Iterations: 2
       Maximum Velocity Error:  0.24E-01 on Mesh 1 at (42,43,4)
       Maximum Pressure Error:  0.37E+03 on Mesh 1 at (42,44,6)
       Maximum CFL Number    :  0.14E+00 on Mesh 1 at (42,43,10)
       Maximum VN Number     :  0.39E-01 on Mesh 1 at (42,43,9)
       ---------------------------------------------------------------
       Mesh    1
       Max CFL number:  0.14E+00 at (42,43,10)
       Max divergence:  0.50E+01 at (41,43,7)
       Min divergence: -0.82E+00 at (41,42,5)
       Max VN number :  0.39E-01 at (42,43,9)
       Mesh    2
       Max CFL number:  0.20E-01 at (1,43,8)
       Max divergence:  0.12E-01 at (1,43,10)
       Min divergence: -0.14E-03 at (1,41,4)
       Max VN number :  0.69E-02 at (1,43,9)
       Mesh    3
       Max CFL number:  0.83E-02 at (42,1,11)
       Max divergence:  0.11E-02 at (42,1,10)
       Min divergence: -0.11E-03 at (42,1,4)
       Max VN number :  0.38E-02 at (1,27,49)
       Mesh    4
       Max CFL number:  0.42E-02 at (1,1,11)
       Max divergence: -0.66E-04 at (3,27,2)
       Min divergence: -0.70E-04 at (1,1,10)
       Max VN number :  0.41E-02 at (13,42,12)
 
       Time Step       40   August  8, 2026  12:11:08
       Step Size:  0.154E-01 s, Total Time:    1.07398 s
       Pressure Iterations: 1
       Maximum Velocity Error:  0.14E-01 on Mesh 1 at (42,41,6)
       Maximum Pressure Error:  0.18E+03 on Mesh 1 at (42,43,6)
       Maximum CFL Number    :  0.40E+00 on Mesh 1 at (41,43,7)
       Maximum VN Number     :  0.15E+00 on Mesh 1 at (41,43,8)
       ---------------------------------------------------------------
       Mesh    1
       Max CFL number:  0.40E+00 at (41,43,7)
       Max divergence:  0.73E+01 at (43,43,7)
       Min divergence: -0.10E+01 at (43,43,8)
       Max VN number :  0.15E+00 at (41,43,8)
       Mesh    2
       Max CFL number:  0.48E-01 at (1,43,12)
       Max divergence:  0.14E-01 at (1,43,11)
       Min divergence: -0.20E-03 at (1,41,4)
       Max VN number :  0.19E-01 at (1,43,9)
       Mesh    3
       Max CFL number:  0.26E-01 at (42,1,11)
       Max divergence:  0.16E-02 at (42,1,10)
       Min divergence: -0.22E-03 at (42,1,4)
       Max VN number :  0.12E-01 at (42,1,4)
       Mesh    4
       Max CFL number:  0.13E-01 at (1,1,11)
       Max divergence: -0.12E-05 at (2,1,10)
       Min divergence: -0.96E-04 at (10,4,50)
       Max VN number :  0.11E-01 at (13,42,12)
 
       Time Step       50   August  8, 2026  12:11:14
       Step Size:  0.174E-01 s, Total Time:    1.28410 s
       Pressure Iterations: 7
       Maximum Velocity Error:  0.25E-01 on Mesh 1 at (43,44,4)
       Maximum Pressure Error:  0.72E+03 on Mesh 1 at (43,44,5)
       Maximum CFL Number    :  0.87E+00 on Mesh 1 at (42,43,10)
       Maximum VN Number     :  0.31E+00 on Mesh 1 at (42,43,9)
       ---------------------------------------------------------------
       Mesh    1
       Max CFL number:  0.87E+00 at (42,43,10)
       Max divergence:  0.99E+01 at (42,42,6)
       Min divergence: -0.48E+01 at (42,43,10)
       Max VN number :  0.31E+00 at (42,43,9)
       Mesh    2
       Max CFL number:  0.96E-01 at (1,43,14)
       Max divergence:  0.46E-01 at (1,43,13)
       Min divergence: -0.32E-03 at (1,41,4)
       Max VN number :  0.30E-01 at (1,43,12)
       Mesh    3
       Max CFL number:  0.43E-01 at (43,1,13)
       Max divergence:  0.19E-02 at (42,1,11)
       Min divergence: -0.37E-03 at (42,1,4)
       Max VN number :  0.19E-01 at (42,1,4)
       Mesh    4
       Max CFL number:  0.23E-01 at (1,1,13)
       Max divergence: -0.12E-03 at (1,1,9)
       Min divergence: -0.24E-03 at (41,42,1)
       Max VN number :  0.12E-01 at (13,42,12)
 
       Time Step       60   August  8, 2026  12:11:19
       Step Size:  0.131E-01 s, Total Time:    1.43047 s
       Pressure Iterations: 3
       Maximum Velocity Error:  0.16E-01 on Mesh 1 at (42,41,6)
       Maximum Pressure Error:  0.38E+03 on Mesh 1 at (42,44,6)
       Maximum CFL Number    :  0.93E+00 on Mesh 1 at (42,43,15)
       Maximum VN Number     :  0.30E+00 on Mesh 1 at (42,43,16)
       ---------------------------------------------------------------
       Mesh    1
       Max CFL number:  0.93E+00 at (42,43,15)
       Max divergence:  0.94E+01 at (42,42,6)
       Min divergence: -0.30E+01 at (42,43,16)
       Max VN number :  0.30E+00 at (42,43,16)
       Mesh    2
       Max CFL number:  0.95E-01 at (1,43,17)
       Max divergence:  0.51E-01 at (1,43,15)
       Min divergence: -0.18E-03 at (1,41,4)
       Max VN number :  0.28E-01 at (1,43,13)
       Mesh    3
       Max CFL number:  0.35E-01 at (42,1,10)
       Max divergence:  0.21E-02 at (42,1,12)
       Min divergence: -0.20E-03 at (42,1,4)
       Max VN number :  0.20E-01 at (42,1,4)
       Mesh    4
       Max CFL number:  0.20E-01 at (1,1,16)
       Max divergence: -0.57E-04 at (1,1,7)
       Min divergence: -0.16E-03 at (41,42,1)
       Max VN number :  0.88E-02 at (13,42,12)
 
       Time Step       70   August  8, 2026  12:11:24
       Step Size:  0.131E-01 s, Total Time:    1.56156 s
       Pressure Iterations: 3
       Maximum Velocity Error:  0.18E-01 on Mesh 1 at (40,43,6)
       Maximum Pressure Error:  0.59E+03 on Mesh 1 at (43,43,6)
       Maximum CFL Number    :  0.97E+00 on Mesh 1 at (42,42,18)
       Maximum VN Number     :  0.35E+00 on Mesh 1 at (42,42,18)
       ---------------------------------------------------------------
       Mesh    1
       Max CFL number:  0.97E+00 at (42,42,18)
       Max divergence:  0.11E+02 at (41,43,6)
       Min divergence: -0.21E+01 at (42,43,9)
       Max VN number :  0.35E+00 at (42,42,18)
       Mesh    2
       Max CFL number:  0.86E-01 at (1,43,21)
       Max divergence:  0.62E-01 at (1,43,19)
       Min divergence: -0.31E-03 at (1,44,13)
       Max VN number :  0.30E-01 at (1,43,13)
       Mesh    3
       Max CFL number:  0.36E-01 at (42,1,19)
       Max divergence:  0.26E-02 at (42,1,12)
       Min divergence: -0.16E-03 at (1,42,7)
       Max VN number :  0.21E-01 at (42,1,4)
       Mesh    4
       Max CFL number:  0.20E-01 at (1,1,19)
       Max divergence: -0.14E-04 at (1,1,7)
       Min divergence: -0.16E-03 at (41,42,1)
       Max VN number :  0.87E-02 at (13,42,12)
 
       Time Step       80   August  8, 2026  12:11:28
       Step Size:  0.131E-01 s, Total Time:    1.69266 s
       Pressure Iterations: 1
       Maximum Velocity Error:  0.25E-01 on Mesh 1 at (44,42,23)
       Maximum Pressure Error:  0.11E+03 on Mesh 1 at (42,42,24)
       Maximum CFL Number    :  0.92E+00 on Mesh 1 at (42,44,23)
       Maximum VN Number     :  0.36E+00 on Mesh 1 at (42,44,22)
       ---------------------------------------------------------------
       Mesh    1
       Max CFL number:  0.92E+00 at (42,44,23)
       Max divergence:  0.43E+01 at (42,42,7)
       Min divergence: -0.18E+01 at (42,43,10)
       Max VN number :  0.36E+00 at (42,44,22)
       Mesh    2
       Max CFL number:  0.91E-01 at (1,43,24)
       Max divergence:  0.48E-01 at (1,43,21)
       Min divergence: -0.44E-03 at (1,44,13)
       Max VN number :  0.30E-01 at (1,43,13)
       Mesh    3
       Max CFL number:  0.48E-01 at (42,1,23)
       Max divergence:  0.26E-02 at (42,1,14)
       Min divergence: -0.14E-03 at (42,42,51)
       Max VN number :  0.15E-01 at (42,1,4)
       Mesh    4
       Max CFL number:  0.23E-01 at (1,1,23)
       Max divergence:  0.29E-03 at (1,1,7)
       Min divergence: -0.14E-03 at (41,42,34)
       Max VN number :  0.86E-02 at (13,42,12)
 
       Time Step       90   August  8, 2026  12:11:33
       Step Size:  0.131E-01 s, Total Time:    1.82376 s
       Pressure Iterations: 2
       Maximum Velocity Error:  0.11E-01 on Mesh 1 at (44,43,25)
       Maximum Pressure Error:  0.54E+02 on Mesh 1 at (42,42,15)
       Maximum CFL Number    :  0.84E+00 on Mesh 1 at (42,44,27)
       Maximum VN Number     :  0.35E+00 on Mesh 1 at (42,44,27)
       ---------------------------------------------------------------
       Mesh    1
       Max CFL number:  0.84E+00 at (42,44,27)
       Max divergence:  0.63E+01 at (42,42,7)
       Min divergence: -0.24E+01 at (42,43,10)
       Max VN number :  0.35E+00 at (42,44,27)
       Mesh    2
       Max CFL number:  0.86E-01 at (1,43,27)
       Max divergence:  0.38E-01 at (1,42,25)
       Min divergence: -0.17E-03 at (41,43,51)
       Max VN number :  0.31E-01 at (1,43,14)
       Mesh    3
       Max CFL number:  0.59E-01 at (42,1,27)
       Max divergence:  0.38E-02 at (42,1,22)
       Min divergence: -0.17E-03 at (1,42,7)
       Max VN number :  0.12E-01 at (42,1,4)
       Mesh    4
       Max CFL number:  0.26E-01 at (1,1,26)
       Max divergence:  0.31E-03 at (1,1,8)
       Min divergence: -0.17E-03 at (41,42,34)
       Max VN number :  0.86E-02 at (13,42,12)
 
       Time Step      100   August  8, 2026  12:11:38
       Step Size:  0.144E-01 s, Total Time:    1.96273 s
       Pressure Iterations: 2
       Maximum Velocity Error:  0.12E-01 on Mesh 1 at (41,44,5)
       Maximum Pressure Error:  0.12E+03 on Mesh 1 at (42,43,10)
       Maximum CFL Number    :  0.88E+00 on Mesh 1 at (42,43,25)
       Maximum VN Number     :  0.32E+00 on Mesh 1 at (42,44,31)
       ---------------------------------------------------------------
       Mesh    1
       Max CFL number:  0.88E+00 at (42,43,25)
       Max divergence:  0.11E+02 at (42,42,7)
       Min divergence: -0.50E+01 at (42,43,10)
       Max VN number :  0.32E+00 at (42,44,31)
       Mesh    2
       Max CFL number:  0.12E+00 at (1,43,30)
       Max divergence:  0.68E-01 at (1,43,19)
       Min divergence: -0.12E-02 at (1,43,6)
       Max VN number :  0.33E-01 at (1,42,18)
       Mesh    3
       Max CFL number:  0.82E-01 at (42,1,30)
       Max divergence:  0.81E-02 at (42,1,30)
       Min divergence: -0.34E-03 at (1,42,7)
       Max VN number :  0.12E-01 at (43,1,28)
       Mesh    4
       Max CFL number:  0.34E-01 at (1,1,30)
       Max divergence:  0.85E-04 at (1,1,8)
       Min divergence: -0.34E-03 at (41,42,35)
       Max VN number :  0.93E-02 at (13,42,12)
 
       Time Step      200   August  8, 2026  12:12:26
       Step Size:  0.117E-01 s, Total Time:    3.08117 s
       Pressure Iterations: 3
       Maximum Velocity Error:  0.17E-01 on Mesh 1 at (42,46,50)
       Maximum Pressure Error:  0.55E+02 on Mesh 1 at (42,43,9)
       Maximum CFL Number    :  0.88E+00 on Mesh 1 at (40,44,48)
       Maximum VN Number     :  0.61E+00 on Mesh 3 at (38,1,51)
       ---------------------------------------------------------------
       Mesh    1
       Max CFL number:  0.88E+00 at (40,44,48)
       Max divergence:  0.81E+01 at (41,42,7)
       Min divergence: -0.18E+01 at (43,44,10)
       Max VN number :  0.53E+00 at (41,38,51)
       Mesh    2
       Max CFL number:  0.65E+00 at (1,38,51)
       Max divergence:  0.20E+00 at (1,43,29)
       Min divergence: -0.33E+00 at (1,43,26)
       Max VN number :  0.51E+00 at (4,46,51)
       Mesh    3
       Max CFL number:  0.86E+00 at (42,2,51)
       Max divergence:  0.27E+00 at (43,1,50)
       Min divergence: -0.23E+00 at (42,3,51)
       Max VN number :  0.61E+00 at (38,1,51)
       Mesh    4
       Max CFL number:  0.70E+00 at (1,1,51)
       Max divergence:  0.12E+00 at (1,1,50)
       Min divergence: -0.20E+00 at (1,2,51)
       Max VN number :  0.54E+00 at (3,1,51)
 
       Time Step      300   August  8, 2026  12:13:15
       Step Size:  0.125E-01 s, Total Time:    4.38020 s
       Pressure Iterations: 3
       Maximum Velocity Error:  0.15E-01 on Mesh 1 at (44,42,31)
       Maximum Pressure Error:  0.86E+02 on Mesh 1 at (39,43,26)
       Maximum CFL Number    :  0.93E+00 on Mesh 1 at (41,44,29)
       Maximum VN Number     :  0.43E+00 on Mesh 1 at (21,30,51)
       ---------------------------------------------------------------
       Mesh    1
       Max CFL number:  0.93E+00 at (41,44,29)
       Max divergence:  0.95E+01 at (41,42,7)
       Min divergence: -0.23E+01 at (41,42,11)
       Max VN number :  0.43E+00 at (21,30,51)
       Mesh    2
       Max CFL number:  0.58E+00 at (1,41,30)
       Max divergence:  0.19E+00 at (1,43,32)
       Min divergence: -0.21E+00 at (1,40,27)
       Max VN number :  0.35E+00 at (14,40,51)
       Mesh    3
       Max CFL number:  0.42E+00 at (41,1,51)
       Max divergence:  0.71E-01 at (43,1,48)
       Min divergence: -0.89E-01 at (44,2,48)
       Max VN number :  0.31E+00 at (25,13,51)
       Mesh    4
       Max CFL number:  0.39E+00 at (1,1,46)
       Max divergence:  0.43E-01 at (2,2,48)
       Min divergence: -0.53E-01 at (1,1,48)
       Max VN number :  0.29E+00 at (14,13,51)
 
       Time Step      400   August  8, 2026  12:14:03
       Step Size:  0.128E-01 s, Total Time:    5.67053 s
       Pressure Iterations: 2
       Maximum Velocity Error:  0.19E-01 on Mesh 1 at (44,40,41)
       Maximum Pressure Error:  0.13E+03 on Mesh 1 at (41,42,12)
       Maximum CFL Number    :  0.88E+00 on Mesh 1 at (43,44,38)
       Maximum VN Number     :  0.36E+00 on Mesh 1 at (27,44,51)
       ---------------------------------------------------------------
       Mesh    1
       Max CFL number:  0.88E+00 at (43,44,38)
       Max divergence:  0.11E+02 at (41,43,7)
       Min divergence: -0.33E+01 at (41,42,11)
       Max VN number :  0.36E+00 at (27,44,51)
       Mesh    2
       Max CFL number:  0.45E+00 at (4,36,51)
       Max divergence:  0.92E-01 at (1,44,29)
       Min divergence: -0.11E+00 at (1,40,38)
       Max VN number :  0.28E+00 at (15,37,51)
       Mesh    3
       Max CFL number:  0.49E+00 at (36,14,51)
       Max divergence:  0.70E-01 at (43,6,50)
       Min divergence: -0.53E-01 at (42,5,50)
       Max VN number :  0.32E+00 at (13,18,51)
       Mesh    4
       Max CFL number:  0.44E+00 at (3,2,51)
       Max divergence:  0.53E-01 at (4,6,50)
       Min divergence: -0.67E-01 at (3,6,51)
       Max VN number :  0.28E+00 at (30,12,51)
 
       Time Step      500   August  8, 2026  12:14:54
       Step Size:  0.117E-01 s, Total Time:    6.83020 s
       Pressure Iterations: 3
       Maximum Velocity Error:  0.21E-01 on Mesh 1 at (44,44,50)
       Maximum Pressure Error:  0.24E+03 on Mesh 1 at (41,43,11)
       Maximum CFL Number    :  0.87E+00 on Mesh 1 at (41,42,16)
       Maximum VN Number     :  0.39E+00 on Mesh 1 at (42,42,6)
       ---------------------------------------------------------------
       Mesh    1
       Max CFL number:  0.87E+00 at (41,42,16)
       Max divergence:  0.10E+02 at (41,42,7)
       Min divergence: -0.36E+01 at (41,43,11)
       Max VN number :  0.39E+00 at (42,42,6)
       Mesh    2
       Max CFL number:  0.59E+00 at (1,41,50)
       Max divergence:  0.19E+00 at (1,42,17)
       Min divergence: -0.12E+00 at (1,44,50)
       Max VN number :  0.35E+00 at (12,39,51)
       Mesh    3
       Max CFL number:  0.47E+00 at (41,1,40)
       Max divergence:  0.11E+00 at (41,1,42)
       Min divergence: -0.21E+00 at (43,1,50)
       Max VN number :  0.21E+00 at (30,36,51)
       Mesh    4
       Max CFL number:  0.38E+00 at (3,1,51)
       Max divergence:  0.65E-01 at (1,1,46)
       Min divergence: -0.35E-01 at (8,32,51)
       Max VN number :  0.26E+00 at (1,33,51)
 
       Time Step      600   August  8, 2026  12:15:49
       Step Size:  0.131E-01 s, Total Time:    8.03269 s
       Pressure Iterations: 2
       Maximum Velocity Error:  0.15E-01 on Mesh 1 at (44,43,39)
       Maximum Pressure Error:  0.16E+03 on Mesh 1 at (42,42,29)
       Maximum CFL Number    :  0.93E+00 on Mesh 1 at (42,42,29)
       Maximum VN Number     :  0.32E+00 on Mesh 2 at (12,42,51)
       ---------------------------------------------------------------
       Mesh    1
       Max CFL number:  0.93E+00 at (42,42,29)
       Max divergence:  0.91E+01 at (42,44,7)
       Min divergence: -0.20E+01 at (42,43,11)
       Max VN number :  0.32E+00 at (42,29,51)
       Mesh    2
       Max CFL number:  0.53E+00 at (2,40,42)
       Max divergence:  0.96E-01 at (1,43,25)
       Min divergence: -0.12E+00 at (2,41,44)
       Max VN number :  0.32E+00 at (12,42,51)
       Mesh    3
       Max CFL number:  0.56E+00 at (39,5,51)
       Max divergence:  0.78E-01 at (42,1,30)
       Min divergence: -0.74E-01 at (39,4,50)
       Max VN number :  0.29E+00 at (17,41,51)
       Mesh    4
       Max CFL number:  0.47E+00 at (2,4,51)
       Max divergence:  0.46E-01 at (2,6,50)
       Min divergence: -0.57E-01 at (11,3,51)
       Max VN number :  0.31E+00 at (19,19,51)
 
       Time Step      700   August  8, 2026  12:16:39
       Step Size:  0.108E-01 s, Total Time:    9.16704 s
       Pressure Iterations: 3
       Maximum Velocity Error:  0.17E-01 on Mesh 1 at (42,41,6)
       Maximum Pressure Error:  0.44E+03 on Mesh 1 at (42,42,6)
       Maximum CFL Number    :  0.82E+00 on Mesh 1 at (40,42,31)
       Maximum VN Number     :  0.33E+00 on Mesh 1 at (41,39,51)
       ---------------------------------------------------------------
       Mesh    1
       Max CFL number:  0.82E+00 at (40,42,31)
       Max divergence:  0.11E+02 at (42,42,6)
       Min divergence: -0.18E+01 at (42,43,10)
       Max VN number :  0.33E+00 at (41,39,51)
       Mesh    2
       Max CFL number:  0.52E+00 at (1,39,51)
       Max divergence:  0.20E+00 at (1,41,31)
       Min divergence: -0.12E+00 at (1,41,29)
       Max VN number :  0.26E+00 at (8,43,51)
       Mesh    3
       Max CFL number:  0.37E+00 at (41,13,51)
       Max divergence:  0.75E-01 at (43,1,34)
       Min divergence: -0.20E+00 at (41,1,38)
       Max VN number :  0.24E+00 at (27,1,51)
       Mesh    4
       Max CFL number:  0.40E+00 at (8,1,51)
       Max divergence:  0.42E-01 at (6,6,50)
       Min divergence: -0.63E-01 at (12,2,51)
       Max VN number :  0.27E+00 at (12,1,51)
 
       Time Step      800   August  8, 2026  12:17:30
       Step Size:  0.115E-01 s, Total Time:   10.39278 s
       Pressure Iterations: 3
       Maximum Velocity Error:  0.17E-01 on Mesh 2 at (0,44,41)
       Maximum Pressure Error:  0.35E+03 on Mesh 1 at (43,43,7)
       Maximum CFL Number    :  0.86E+00 on Mesh 1 at (41,42,26)
       Maximum VN Number     :  0.29E+00 on Mesh 1 at (41,42,26)
       ---------------------------------------------------------------
       Mesh    1
       Max CFL number:  0.86E+00 at (41,42,26)
       Max divergence:  0.84E+01 at (42,42,7)
       Min divergence: -0.25E+01 at (42,42,13)
       Max VN number :  0.29E+00 at (41,42,26)
       Mesh    2
       Max CFL number:  0.64E+00 at (1,44,42)
       Max divergence:  0.23E+00 at (1,43,43)
       Min divergence: -0.46E+00 at (1,44,27)
       Max VN number :  0.23E+00 at (39,3,51)
       Mesh    3
       Max CFL number:  0.42E+00 at (39,20,51)
       Max divergence:  0.58E-01 at (43,1,34)
       Min divergence: -0.64E-01 at (42,11,51)
       Max VN number :  0.27E+00 at (28,11,51)
       Mesh    4
       Max CFL number:  0.32E+00 at (5,11,51)
       Max divergence:  0.35E-01 at (5,2,50)
       Min divergence: -0.34E-01 at (3,7,51)
       Max VN number :  0.20E+00 at (22,20,51)
 
       Time Step      900   August  8, 2026  12:18:20
       Step Size:  0.138E-01 s, Total Time:   11.77100 s
       Pressure Iterations: 3
       Maximum Velocity Error:  0.15E-01 on Mesh 2 at (0,44,31)
       Maximum Pressure Error:  0.12E+03 on Mesh 1 at (41,44,6)
       Maximum CFL Number    :  0.84E+00 on Mesh 1 at (43,43,21)
       Maximum VN Number     :  0.36E+00 on Mesh 2 at (22,28,51)
       ---------------------------------------------------------------
       Mesh    1
       Max CFL number:  0.84E+00 at (43,43,21)
       Max divergence:  0.66E+01 at (42,42,7)
       Min divergence: -0.18E+01 at (42,43,9)
       Max VN number :  0.33E+00 at (37,19,51)
       Mesh    2
       Max CFL number:  0.49E+00 at (1,43,31)
       Max divergence:  0.14E+00 at (1,44,32)
       Min divergence: -0.22E+00 at (1,43,32)
       Max VN number :  0.36E+00 at (22,28,51)
       Mesh    3
       Max CFL number:  0.50E+00 at (40,4,51)
       Max divergence:  0.69E-01 at (41,1,44)
       Min divergence: -0.74E-01 at (43,1,46)
       Max VN number :  0.33E+00 at (33,8,51)
       Mesh    4
       Max CFL number:  0.48E+00 at (21,1,51)
       Max divergence:  0.37E-01 at (1,12,50)
       Min divergence: -0.37E-01 at (2,12,51)
       Max VN number :  0.22E+00 at (19,10,51)
 
       Time Step     1000   August  8, 2026  12:19:11
       Step Size:  0.134E-01 s, Total Time:   13.16077 s
       Pressure Iterations: 3
       Maximum Velocity Error:  0.13E-01 on Mesh 1 at (44,43,28)
       Maximum Pressure Error:  0.21E+03 on Mesh 1 at (43,44,9)
       Maximum CFL Number    :  0.85E+00 on Mesh 1 at (43,43,32)
       Maximum VN Number     :  0.44E+00 on Mesh 1 at (29,26,51)
       ---------------------------------------------------------------
       Mesh    1
       Max CFL number:  0.85E+00 at (43,43,32)
       Max divergence:  0.17E+02 at (43,44,7)
       Min divergence: -0.42E+01 at (43,44,9)
       Max VN number :  0.44E+00 at (29,26,51)
       Mesh    2
       Max CFL number:  0.52E+00 at (2,38,51)
       Max divergence:  0.15E+00 at (1,43,14)
       Min divergence: -0.16E+00 at (1,43,27)
       Max VN number :  0.27E+00 at (20,43,51)
       Mesh    3
       Max CFL number:  0.46E+00 at (42,9,51)
       Max divergence:  0.80E-01 at (41,1,37)
       Min divergence: -0.71E-01 at (41,1,51)
       Max VN number :  0.25E+00 at (10,14,51)
       Mesh    4
       Max CFL number:  0.45E+00 at (3,1,51)
       Max divergence:  0.33E-01 at (6,1,50)
       Min divergence: -0.45E-01 at (14,4,51)
       Max VN number :  0.30E+00 at (2,2,51)
 
       Time Step     1100   August  8, 2026  12:20:05
       Step Size:  0.120E-01 s, Total Time:   14.31551 s
       Pressure Iterations: 5
       Maximum Velocity Error:  0.18E-01 on Mesh 1 at (43,44,5)
       Maximum Pressure Error:  0.16E+04 on Mesh 1 at (43,44,6)
       Maximum CFL Number    :  0.91E+00 on Mesh 1 at (41,44,22)
       Maximum VN Number     :  0.31E+00 on Mesh 1 at (26,45,51)
       ---------------------------------------------------------------
       Mesh    1
       Max CFL number:  0.91E+00 at (41,44,22)
       Max divergence:  0.16E+02 at (42,44,7)
       Min divergence: -0.31E+01 at (43,42,15)
       Max VN number :  0.31E+00 at (26,45,51)
       Mesh    2
       Max CFL number:  0.51E+00 at (1,46,49)
       Max divergence:  0.21E+00 at (1,45,24)
       Min divergence: -0.40E+00 at (1,44,23)
       Max VN number :  0.26E+00 at (3,43,51)
       Mesh    3
       Max CFL number:  0.56E+00 at (44,1,43)
       Max divergence:  0.16E+00 at (42,1,44)
       Min divergence: -0.24E+00 at (44,1,44)
       Max VN number :  0.23E+00 at (8,19,51)
       Mesh    4
       Max CFL number:  0.35E+00 at (7,13,51)
       Max divergence:  0.12E+00 at (1,1,44)
       Min divergence: -0.58E-01 at (1,1,42)
       Max VN number :  0.25E+00 at (27,17,51)
 
       Time Step     1200   August  8, 2026  12:20:59
       Step Size:  0.106E-01 s, Total Time:   15.48219 s
       Pressure Iterations: 3
       Maximum Velocity Error:  0.23E-01 on Mesh 1 at (44,44,27)
       Maximum Pressure Error:  0.28E+03 on Mesh 1 at (41,44,14)
       Maximum CFL Number    :  0.86E+00 on Mesh 1 at (41,44,13)
       Maximum VN Number     :  0.37E+00 on Mesh 2 at (11,45,51)
       ---------------------------------------------------------------
       Mesh    1
       Max CFL number:  0.86E+00 at (41,44,13)
       Max divergence:  0.11E+02 at (43,42,7)
       Min divergence: -0.29E+01 at (41,44,14)
       Max VN number :  0.31E+00 at (41,20,51)
       Mesh    2
       Max CFL number:  0.59E+00 at (1,43,27)
       Max divergence:  0.41E+00 at (1,41,19)
       Min divergence: -0.52E+00 at (1,43,28)
       Max VN number :  0.37E+00 at (11,45,51)
       Mesh    3
       Max CFL number:  0.50E+00 at (32,6,51)
       Max divergence:  0.14E+00 at (40,1,35)
       Min divergence: -0.13E+00 at (43,1,47)
       Max VN number :  0.32E+00 at (26,2,51)
       Mesh    4
       Max CFL number:  0.43E+00 at (6,9,51)
       Max divergence:  0.11E+00 at (1,1,45)
       Min divergence: -0.52E-01 at (1,1,41)
       Max VN number :  0.33E+00 at (4,10,51)
 
       Time Step     1300   August  8, 2026  12:21:51
       Step Size:  0.945E-02 s, Total Time:   16.51863 s
       Pressure Iterations: 3
       Maximum Velocity Error:  0.15E-01 on Mesh 1 at (44,43,31)
       Maximum Pressure Error:  0.69E+03 on Mesh 1 at (43,44,9)
       Maximum CFL Number    :  0.86E+00 on Mesh 1 at (41,42,29)
       Maximum VN Number     :  0.32E+00 on Mesh 1 at (19,34,51)
       ---------------------------------------------------------------
       Mesh    1
       Max CFL number:  0.86E+00 at (41,42,29)
       Max divergence:  0.13E+02 at (43,44,7)
       Min divergence: -0.34E+01 at (42,43,16)
       Max VN number :  0.32E+00 at (19,34,51)
       Mesh    2
       Max CFL number:  0.56E+00 at (1,42,31)
       Max divergence:  0.42E+00 at (2,44,30)
       Min divergence: -0.61E+00 at (1,44,29)
       Max VN number :  0.31E+00 at (4,46,51)
       Mesh    3
       Max CFL number:  0.45E+00 at (44,3,51)
       Max divergence:  0.13E+00 at (40,1,45)
       Min divergence: -0.11E+00 at (39,1,42)
       Max VN number :  0.26E+00 at (44,11,51)
       Mesh    4
       Max CFL number:  0.43E+00 at (1,1,51)
       Max divergence:  0.55E-01 at (1,1,25)
       Min divergence: -0.48E-01 at (4,1,51)
       Max VN number :  0.19E+00 at (6,41,51)
 
       Time Step     1400   August  8, 2026  12:22:41
       Step Size:  0.114E-01 s, Total Time:   17.62431 s
       Pressure Iterations: 3
       Maximum Velocity Error:  0.15E-01 on Mesh 1 at (44,35,50)
       Maximum Pressure Error:  0.37E+03 on Mesh 1 at (42,44,14)
       Maximum CFL Number    :  0.93E+00 on Mesh 1 at (43,43,20)
       Maximum VN Number     :  0.33E+00 on Mesh 2 at (3,36,51)
       ---------------------------------------------------------------
       Mesh    1
       Max CFL number:  0.93E+00 at (43,43,20)
       Max divergence:  0.13E+02 at (41,44,7)
       Min divergence: -0.43E+01 at (42,43,12)
       Max VN number :  0.30E+00 at (36,16,51)
       Mesh    2
       Max CFL number:  0.67E+00 at (1,34,51)
       Max divergence:  0.32E+00 at (1,42,20)
       Min divergence: -0.41E+00 at (2,44,37)
       Max VN number :  0.33E+00 at (3,36,51)
       Mesh    3
       Max CFL number:  0.43E+00 at (42,6,51)
       Max divergence:  0.15E+00 at (42,1,36)
       Min divergence: -0.10E+00 at (43,7,49)
       Max VN number :  0.32E+00 at (42,25,51)
       Mesh    4
       Max CFL number:  0.41E+00 at (2,23,50)
       Max divergence:  0.72E-01 at (2,2,49)
       Min divergence: -0.47E-01 at (1,1,49)
       Max VN number :  0.30E+00 at (22,12,51)
 
       Time Step     1500   August  8, 2026  12:23:33
       Step Size:  0.110E-01 s, Total Time:   18.71507 s
       Pressure Iterations: 4
       Maximum Velocity Error:  0.18E-01 on Mesh 1 at (44,42,20)
       Maximum Pressure Error:  0.29E+03 on Mesh 1 at (41,44,18)
       Maximum CFL Number    :  0.89E+00 on Mesh 1 at (41,44,17)
       Maximum VN Number     :  0.39E+00 on Mesh 4 at (19,6,51)
       ---------------------------------------------------------------
       Mesh    1
       Max CFL number:  0.89E+00 at (41,44,17)
       Max divergence:  0.14E+02 at (43,44,7)
       Min divergence: -0.27E+01 at (43,44,10)
       Max VN number :  0.31E+00 at (41,44,17)
       Mesh    2
       Max CFL number:  0.66E+00 at (1,42,21)
       Max divergence:  0.39E+00 at (1,41,22)
       Min divergence: -0.11E+01 at (1,42,21)
       Max VN number :  0.35E+00 at (17,43,51)
       Mesh    3
       Max CFL number:  0.49E+00 at (37,1,51)
       Max divergence:  0.21E+00 at (41,1,33)
       Min divergence: -0.16E+00 at (41,1,28)
       Max VN number :  0.28E+00 at (17,12,51)
       Mesh    4
       Max CFL number:  0.51E+00 at (1,1,47)
       Max divergence:  0.66E-01 at (1,3,45)
       Min divergence: -0.10E+00 at (1,2,45)
       Max VN number :  0.39E+00 at (19,6,51)
 
       Time Step     1600   August  8, 2026  12:24:24
       Step Size:  0.108E-01 s, Total Time:   19.78187 s
       Pressure Iterations: 4
       Maximum Velocity Error:  0.20E-01 on Mesh 1 at (44,41,37)
       Maximum Pressure Error:  0.39E+03 on Mesh 1 at (43,42,15)
       Maximum CFL Number    :  0.91E+00 on Mesh 1 at (40,43,25)
       Maximum VN Number     :  0.30E+00 on Mesh 3 at (43,14,51)
       ---------------------------------------------------------------
       Mesh    1
       Max CFL number:  0.91E+00 at (40,43,25)
       Max divergence:  0.15E+02 at (43,42,7)
       Min divergence: -0.35E+01 at (43,42,14)
       Max VN number :  0.30E+00 at (35,17,51)
       Mesh    2
       Max CFL number:  0.59E+00 at (1,41,40)
       Max divergence:  0.47E+00 at (1,45,31)
       Min divergence: -0.29E+00 at (2,44,31)
       Max VN number :  0.29E+00 at (1,29,51)
       Mesh    3
       Max CFL number:  0.48E+00 at (38,1,41)
       Max divergence:  0.13E+00 at (42,1,29)
       Min divergence: -0.20E+00 at (39,1,44)
       Max VN number :  0.30E+00 at (43,14,51)
       Mesh    4
       Max CFL number:  0.34E+00 at (1,1,44)
       Max divergence:  0.72E-01 at (2,1,42)
       Min divergence: -0.77E-01 at (1,1,44)
       Max VN number :  0.20E+00 at (15,10,51)
 
       Time Step     1700   August  8, 2026  12:25:14
       Step Size:  0.110E-01 s, Total Time:   20.79980 s
       Pressure Iterations: 3
       Maximum Velocity Error:  0.24E-01 on Mesh 1 at (44,44,17)
       Maximum Pressure Error:  0.34E+03 on Mesh 1 at (42,43,14)
       Maximum CFL Number    :  0.89E+00 on Mesh 1 at (42,43,13)
       Maximum VN Number     :  0.31E+00 on Mesh 1 at (43,45,51)
       ---------------------------------------------------------------
       Mesh    1
       Max CFL number:  0.89E+00 at (42,43,13)
       Max divergence:  0.14E+02 at (41,43,7)
       Min divergence: -0.46E+01 at (42,43,14)
       Max VN number :  0.31E+00 at (43,45,51)
       Mesh    2
       Max CFL number:  0.56E+00 at (2,43,50)
       Max divergence:  0.41E+00 at (1,45,17)
       Min divergence: -0.67E+00 at (1,43,16)
       Max VN number :  0.24E+00 at (19,40,51)
       Mesh    3
       Max CFL number:  0.59E+00 at (39,2,45)
       Max divergence:  0.23E+00 at (41,1,50)
       Min divergence: -0.23E+00 at (39,1,50)
       Max VN number :  0.27E+00 at (14,7,51)
       Mesh    4
       Max CFL number:  0.40E+00 at (7,1,51)
       Max divergence:  0.62E-01 at (11,4,50)
       Min divergence: -0.53E-01 at (11,6,51)
       Max VN number :  0.29E+00 at (11,6,51)
 
       Time Step     1800   August  8, 2026  12:26:04
       Step Size:  0.103E-01 s, Total Time:   21.84174 s
       Pressure Iterations: 3
       Maximum Velocity Error:  0.10E-01 on Mesh 1 at (41,46,41)
       Maximum Pressure Error:  0.40E+03 on Mesh 1 at (42,44,15)
       Maximum CFL Number    :  0.83E+00 on Mesh 1 at (42,42,18)
       Maximum VN Number     :  0.30E+00 on Mesh 3 at (17,10,51)
       ---------------------------------------------------------------
       Mesh    1
       Max CFL number:  0.83E+00 at (42,42,18)
       Max divergence:  0.14E+02 at (43,44,7)
       Min divergence: -0.35E+01 at (42,43,13)
       Max VN number :  0.27E+00 at (37,11,51)
       Mesh    2
       Max CFL number:  0.51E+00 at (1,43,39)
       Max divergence:  0.27E+00 at (1,42,28)
       Min divergence: -0.70E+00 at (1,42,25)
       Max VN number :  0.28E+00 at (18,15,51)
       Mesh    3
       Max CFL number:  0.54E+00 at (44,2,51)
       Max divergence:  0.17E+00 at (42,1,39)
       Min divergence: -0.23E+00 at (41,1,35)
       Max VN number :  0.30E+00 at (17,10,51)
       Mesh    4
       Max CFL number:  0.49E+00 at (1,1,51)
       Max divergence:  0.11E+00 at (1,1,47)
       Min divergence: -0.85E-01 at (2,1,51)
       Max VN number :  0.28E+00 at (17,15,51)
 
       Time Step     1900   August  8, 2026  12:26:54
       Step Size:  0.103E-01 s, Total Time:   22.76626 s
       Pressure Iterations: 4
       Maximum Velocity Error:  0.17E-01 on Mesh 1 at (44,44,42)
       Maximum Pressure Error:  0.73E+03 on Mesh 1 at (42,44,16)
       Maximum CFL Number    :  0.97E+00 on Mesh 1 at (42,44,15)
       Maximum VN Number     :  0.43E+00 on Mesh 2 at (4,20,51)
       ---------------------------------------------------------------
       Mesh    1
       Max CFL number:  0.97E+00 at (42,44,15)
       Max divergence:  0.16E+02 at (42,42,7)
       Min divergence: -0.44E+01 at (42,43,11)
       Max VN number :  0.33E+00 at (42,44,15)
       Mesh    2
       Max CFL number:  0.83E+00 at (1,45,42)
       Max divergence:  0.45E+00 at (1,42,21)
       Min divergence: -0.43E+00 at (2,44,39)
       Max VN number :  0.43E+00 at (4,20,51)
       Mesh    3
       Max CFL number:  0.49E+00 at (34,3,51)
       Max divergence:  0.12E+00 at (43,1,28)
       Min divergence: -0.12E+00 at (42,1,41)
       Max VN number :  0.42E+00 at (34,22,51)
       Mesh    4
       Max CFL number:  0.39E+00 at (4,12,51)
       Max divergence:  0.62E-01 at (1,1,45)
       Min divergence: -0.61E-01 at (1,10,50)
       Max VN number :  0.23E+00 at (14,36,51)
 
       Time Step     2000   August  8, 2026  12:27:43
       Step Size:  0.102E-01 s, Total Time:   23.76223 s
       Pressure Iterations: 3
       Maximum Velocity Error:  0.21E-01 on Mesh 1 at (44,46,40)
       Maximum Pressure Error:  0.20E+03 on Mesh 1 at (41,44,13)
       Maximum CFL Number    :  0.97E+00 on Mesh 1 at (42,44,23)
       Maximum VN Number     :  0.39E+00 on Mesh 3 at (35,16,51)
       ---------------------------------------------------------------
       Mesh    1
       Max CFL number:  0.97E+00 at (42,44,23)
       Max divergence:  0.14E+02 at (43,43,7)
       Min divergence: -0.39E+01 at (42,43,11)
       Max VN number :  0.38E+00 at (29,44,51)
       Mesh    2
       Max CFL number:  0.62E+00 at (1,45,38)
       Max divergence:  0.39E+00 at (1,42,28)
       Min divergence: -0.34E+00 at (2,43,41)
       Max VN number :  0.37E+00 at (26,27,51)
       Mesh    3
       Max CFL number:  0.66E+00 at (44,1,41)
       Max divergence:  0.26E+00 at (42,1,39)
       Min divergence: -0.69E+00 at (44,1,41)
       Max VN number :  0.39E+00 at (35,16,51)
       Mesh    4
       Max CFL number:  0.48E+00 at (1,1,39)
       Max divergence:  0.20E+00 at (1,1,42)
       Min divergence: -0.18E+00 at (1,1,39)
       Max VN number :  0.32E+00 at (5,16,51)
 
       Time Step     2100   August  8, 2026  12:28:32
       Step Size:  0.102E-01 s, Total Time:   24.78041 s
       Pressure Iterations: 3
       Maximum Velocity Error:  0.21E-01 on Mesh 1 at (40,44,5)
       Maximum Pressure Error:  0.46E+03 on Mesh 1 at (41,42,7)
       Maximum CFL Number    :  0.86E+00 on Mesh 1 at (41,43,33)
       Maximum VN Number     :  0.48E+00 on Mesh 1 at (43,45,51)
       ---------------------------------------------------------------
       Mesh    1
       Max CFL number:  0.86E+00 at (41,43,33)
       Max divergence:  0.16E+02 at (41,43,7)
       Min divergence: -0.42E+01 at (42,43,13)
       Max VN number :  0.48E+00 at (43,45,51)
       Mesh    2
       Max CFL number:  0.46E+00 at (9,31,51)
       Max divergence:  0.74E+00 at (1,43,26)
       Min divergence: -0.12E+00 at (10,42,49)
       Max VN number :  0.33E+00 at (17,42,51)
       Mesh    3
       Max CFL number:  0.58E+00 at (43,2,51)
       Max divergence:  0.21E+00 at (43,1,31)
       Min divergence: -0.15E+00 at (38,1,51)
       Max VN number :  0.29E+00 at (17,20,51)
       Mesh    4
       Max CFL number:  0.53E+00 at (1,1,51)
       Max divergence:  0.63E-01 at (1,1,50)
       Min divergence: -0.73E-01 at (1,2,51)
       Max VN number :  0.27E+00 at (10,15,51)
 
       Time Step     2200   August  8, 2026  12:29:21
       Step Size:  0.102E-01 s, Total Time:   25.79859 s
       Pressure Iterations: 10
       Maximum Velocity Error:  0.25E-01 on Mesh 1 at (41,42,4)
       Maximum Pressure Error:  0.58E+04 on Mesh 1 at (41,42,6)
       Maximum CFL Number    :  0.89E+00 on Mesh 1 at (42,42,25)
       Maximum VN Number     :  0.35E+00 on Mesh 3 at (38,14,51)
       ---------------------------------------------------------------
       Mesh    1
       Max CFL number:  0.89E+00 at (42,42,25)
       Max divergence:  0.14E+02 at (41,43,7)
       Min divergence: -0.42E+01 at (42,43,12)
       Max VN number :  0.31E+00 at (38,45,51)
       Mesh    2
       Max CFL number:  0.62E+00 at (5,43,51)
       Max divergence:  0.15E+01 at (1,44,17)
       Min divergence: -0.55E+00 at (1,42,20)
       Max VN number :  0.30E+00 at (13,42,51)
       Mesh    3
       Max CFL number:  0.56E+00 at (38,13,51)
       Max divergence:  0.24E+00 at (40,1,32)
       Min divergence: -0.24E+00 at (43,1,28)
       Max VN number :  0.35E+00 at (38,14,51)
       Mesh    4
       Max CFL number:  0.45E+00 at (2,3,51)
       Max divergence:  0.84E-01 at (11,5,50)
       Min divergence: -0.10E+00 at (11,5,51)
       Max VN number :  0.26E+00 at (19,19,51)
 
       Time Step     2300   August  8, 2026  12:30:11
       Step Size:  0.103E-01 s, Total Time:   26.78217 s
       Pressure Iterations: 3
       Maximum Velocity Error:  0.17E-01 on Mesh 1 at (44,42,30)
       Maximum Pressure Error:  0.49E+03 on Mesh 1 at (41,43,17)
       Maximum CFL Number    :  0.93E+00 on Mesh 1 at (42,43,15)
       Maximum VN Number     :  0.30E+00 on Mesh 2 at (8,22,51)
       ---------------------------------------------------------------
       Mesh    1
       Max CFL number:  0.93E+00 at (42,43,15)
       Max divergence:  0.17E+02 at (43,42,7)
       Min divergence: -0.45E+01 at (43,41,10)
       Max VN number :  0.30E+00 at (22,21,51)
       Mesh    2
       Max CFL number:  0.57E+00 at (1,42,30)
       Max divergence:  0.17E+01 at (1,42,10)
       Min divergence: -0.64E+00 at (1,41,33)
       Max VN number :  0.30E+00 at (8,22,51)
       Mesh    3
       Max CFL number:  0.52E+00 at (43,1,51)
       Max divergence:  0.39E+00 at (41,1,24)
       Min divergence: -0.23E+00 at (43,1,21)
       Max VN number :  0.29E+00 at (22,41,51)
       Mesh    4
       Max CFL number:  0.56E+00 at (1,3,47)
       Max divergence:  0.13E+00 at (1,1,50)
       Min divergence: -0.15E+00 at (1,3,49)
       Max VN number :  0.27E+00 at (10,17,51)
 
       Time Step     2400   August  8, 2026  12:31:00
       Step Size:  0.852E-02 s, Total Time:   27.72591 s
       Pressure Iterations: 3
       Maximum Velocity Error:  0.15E-01 on Mesh 1 at (44,44,47)
       Maximum Pressure Error:  0.63E+03 on Mesh 1 at (43,44,9)
       Maximum CFL Number    :  0.93E+00 on Mesh 1 at (41,43,28)
       Maximum VN Number     :  0.25E+00 on Mesh 2 at (13,2,51)
       ---------------------------------------------------------------
       Mesh    1
       Max CFL number:  0.93E+00 at (41,43,28)
       Max divergence:  0.12E+02 at (42,42,7)
       Min divergence: -0.41E+01 at (42,43,11)
       Max VN number :  0.24E+00 at (41,43,28)
       Mesh    2
       Max CFL number:  0.50E+00 at (1,44,47)
       Max divergence:  0.81E+00 at (1,42,15)
       Min divergence: -0.50E+00 at (1,40,37)
       Max VN number :  0.25E+00 at (13,2,51)
       Mesh    3
       Max CFL number:  0.43E+00 at (42,6,51)
       Max divergence:  0.16E+00 at (41,2,40)
       Min divergence: -0.19E+00 at (42,6,49)
       Max VN number :  0.23E+00 at (44,6,51)
       Mesh    4
       Max CFL number:  0.38E+00 at (12,1,51)
       Max divergence:  0.11E+00 at (2,1,43)
       Min divergence: -0.28E+00 at (1,1,43)
       Max VN number :  0.24E+00 at (24,6,51)
 
       Time Step     2500   August  8, 2026  12:31:48
       Step Size:  0.103E-01 s, Total Time:   28.66176 s
       Pressure Iterations: 3
       Maximum Velocity Error:  0.22E-01 on Mesh 1 at (44,45,37)
       Maximum Pressure Error:  0.54E+03 on Mesh 1 at (42,44,14)
       Maximum CFL Number    :  0.87E+00 on Mesh 1 at (42,44,14)
       Maximum VN Number     :  0.37E+00 on Mesh 1 at (15,13,51)
       ---------------------------------------------------------------
       Mesh    1
       Max CFL number:  0.87E+00 at (42,44,14)
       Max divergence:  0.13E+02 at (41,42,8)
       Min divergence: -0.21E+01 at (42,44,14)
       Max VN number :  0.37E+00 at (15,13,51)
       Mesh    2
       Max CFL number:  0.50E+00 at (1,46,51)
       Max divergence:  0.61E+00 at (1,41,19)
       Min divergence: -0.38E+00 at (1,43,17)
       Max VN number :  0.30E+00 at (7,30,51)
       Mesh    3
       Max CFL number:  0.56E+00 at (21,4,51)
       Max divergence:  0.18E+00 at (42,1,46)
       Min divergence: -0.32E+00 at (43,1,38)
       Max VN number :  0.34E+00 at (43,13,51)
       Mesh    4
       Max CFL number:  0.48E+00 at (11,7,51)
       Max divergence:  0.98E-01 at (1,1,26)
       Min divergence: -0.11E+00 at (2,1,51)
       Max VN number :  0.36E+00 at (9,21,51)
 
       Time Step     2600   August  8, 2026  12:32:37
       Step Size:  0.108E-01 s, Total Time:   29.65257 s
       Pressure Iterations: 4
       Maximum Velocity Error:  0.13E-01 on Mesh 1 at (44,43,41)
       Maximum Pressure Error:  0.43E+03 on Mesh 1 at (41,42,12)
       Maximum CFL Number    :  0.96E+00 on Mesh 2 at (3,41,42)
       Maximum VN Number     :  0.51E+00 on Mesh 1 at (36,29,51)
       ---------------------------------------------------------------
       Mesh    1
       Max CFL number:  0.91E+00 at (42,44,13)
       Max divergence:  0.13E+02 at (43,44,7)
       Min divergence: -0.75E+01 at (43,44,10)
       Max VN number :  0.51E+00 at (36,29,51)
       Mesh    2
       Max CFL number:  0.96E+00 at (3,41,42)
       Max divergence:  0.53E+00 at (1,42,23)
       Min divergence: -0.36E+00 at (3,42,45)
       Max VN number :  0.35E+00 at (33,15,51)
       Mesh    3
       Max CFL number:  0.52E+00 at (25,4,51)
       Max divergence:  0.33E+00 at (42,1,36)
       Min divergence: -0.13E+00 at (39,1,46)
       Max VN number :  0.40E+00 at (24,3,51)
       Mesh    4
       Max CFL number:  0.45E+00 at (1,6,51)
       Max divergence:  0.15E+00 at (3,1,45)
       Min divergence: -0.14E+00 at (2,2,45)
       Max VN number :  0.30E+00 at (33,24,51)
 
       Time Step     2700   August  8, 2026  12:33:25
       Step Size:  0.105E-01 s, Total Time:   30.66598 s
       Pressure Iterations: 3
       Maximum Velocity Error:  0.22E-01 on Mesh 1 at (44,44,40)
       Maximum Pressure Error:  0.31E+03 on Mesh 1 at (41,42,13)
       Maximum CFL Number    :  0.84E+00 on Mesh 1 at (42,44,25)
       Maximum VN Number     :  0.53E+00 on Mesh 1 at (41,31,51)
       ---------------------------------------------------------------
       Mesh    1
       Max CFL number:  0.84E+00 at (42,44,25)
       Max divergence:  0.13E+02 at (41,44,7)
       Min divergence: -0.39E+01 at (41,42,12)
       Max VN number :  0.53E+00 at (41,31,51)
       Mesh    2
       Max CFL number:  0.54E+00 at (12,22,51)
       Max divergence:  0.72E+00 at (1,43,12)
       Min divergence: -0.18E+00 at (1,43,36)
       Max VN number :  0.32E+00 at (2,45,51)
       Mesh    3
       Max CFL number:  0.51E+00 at (41,14,51)
       Max divergence:  0.14E+00 at (44,1,38)
       Min divergence: -0.17E+00 at (44,1,36)
       Max VN number :  0.28E+00 at (40,15,51)
       Mesh    4
       Max CFL number:  0.46E+00 at (4,15,51)
       Max divergence:  0.16E+00 at (1,1,37)
       Min divergence: -0.10E+00 at (3,18,51)
       Max VN number :  0.28E+00 at (15,19,51)
 
       Time Step     2800   August  8, 2026  12:34:14
       Step Size:  0.994E-02 s, Total Time:   31.70397 s
       Pressure Iterations: 3
       Maximum Velocity Error:  0.24E-01 on Mesh 1 at (44,44,39)
       Maximum Pressure Error:  0.16E+03 on Mesh 1 at (43,42,23)
       Maximum CFL Number    :  0.83E+00 on Mesh 1 at (43,42,22)
       Maximum VN Number     :  0.39E+00 on Mesh 2 at (10,4,51)
       ---------------------------------------------------------------
       Mesh    1
       Max CFL number:  0.83E+00 at (43,42,22)
       Max divergence:  0.13E+02 at (42,42,7)
       Min divergence: -0.32E+01 at (42,43,12)
       Max VN number :  0.31E+00 at (7,29,51)
       Mesh    2
       Max CFL number:  0.67E+00 at (1,45,39)
       Max divergence:  0.84E+00 at (1,44,17)
       Min divergence: -0.49E+00 at (1,45,40)
       Max VN number :  0.39E+00 at (10,4,51)
       Mesh    3
       Max CFL number:  0.54E+00 at (38,3,51)
       Max divergence:  0.19E+00 at (40,1,30)
       Min divergence: -0.10E+00 at (41,1,48)
       Max VN number :  0.25E+00 at (10,11,51)
       Mesh    4
       Max CFL number:  0.42E+00 at (1,2,51)
       Max divergence:  0.67E-01 at (2,6,50)
       Min divergence: -0.72E-01 at (1,3,51)
       Max VN number :  0.27E+00 at (13,23,51)
 
       Time Step     2900   August  8, 2026  12:35:02
       Step Size:  0.100E-01 s, Total Time:   32.70535 s
       Pressure Iterations: 3
       Maximum Velocity Error:  0.20E-01 on Mesh 1 at (44,41,32)
       Maximum Pressure Error:  0.32E+03 on Mesh 1 at (42,44,11)
       Maximum CFL Number    :  0.88E+00 on Mesh 1 at (40,43,27)
       Maximum VN Number     :  0.36E+00 on Mesh 3 at (40,11,51)
       ---------------------------------------------------------------
       Mesh    1
       Max CFL number:  0.88E+00 at (40,43,27)
       Max divergence:  0.14E+02 at (43,43,7)
       Min divergence: -0.45E+01 at (42,43,12)
       Max VN number :  0.30E+00 at (40,26,51)
       Mesh    2
       Max CFL number:  0.59E+00 at (1,40,48)
       Max divergence:  0.42E+00 at (1,42,17)
       Min divergence: -0.43E+00 at (1,44,16)
       Max VN number :  0.33E+00 at (18,45,51)
       Mesh    3
       Max CFL number:  0.58E+00 at (42,5,51)
       Max divergence:  0.22E+00 at (43,1,37)
       Min divergence: -0.14E+00 at (43,14,51)
       Max VN number :  0.36E+00 at (40,11,51)
       Mesh    4
       Max CFL number:  0.49E+00 at (1,3,51)
       Max divergence:  0.14E+00 at (1,10,50)
       Min divergence: -0.12E+00 at (2,2,51)
       Max VN number :  0.28E+00 at (1,10,51)
 
       Time Step     3000   August  8, 2026  12:35:51
       Step Size:  0.109E-01 s, Total Time:   33.68683 s
       Pressure Iterations: 3
       Maximum Velocity Error:  0.24E-01 on Mesh 1 at (44,44,46)
       Maximum Pressure Error:  0.45E+03 on Mesh 1 at (41,44,12)
       Maximum CFL Number    :  0.91E+00 on Mesh 1 at (42,44,17)
       Maximum VN Number     :  0.43E+00 on Mesh 2 at (18,14,51)
       ---------------------------------------------------------------
       Mesh    1
       Max CFL number:  0.91E+00 at (42,44,17)
       Max divergence:  0.16E+02 at (41,44,7)
       Min divergence: -0.42E+01 at (41,44,11)
       Max VN number :  0.38E+00 at (43,39,51)
       Mesh    2
       Max CFL number:  0.75E+00 at (2,46,49)
       Max divergence:  0.58E+00 at (1,41,22)
       Min divergence: -0.67E+00 at (1,43,33)
       Max VN number :  0.43E+00 at (18,14,51)
       Mesh    3
       Max CFL number:  0.58E+00 at (44,1,43)
       Max divergence:  0.11E+00 at (44,1,18)
       Min divergence: -0.11E+00 at (41,1,35)
       Max VN number :  0.31E+00 at (42,13,51)
       Mesh    4
       Max CFL number:  0.65E+00 at (1,1,44)
       Max divergence:  0.71E-01 at (12,6,50)
       Min divergence: -0.82E-01 at (12,6,51)
       Max VN number :  0.40E+00 at (10,29,51)
 
       Time Step     3100   August  8, 2026  12:36:39
       Step Size:  0.123E-01 s, Total Time:   34.73737 s
       Pressure Iterations: 4
       Maximum Velocity Error:  0.12E-01 on Mesh 1 at (44,43,42)
       Maximum Pressure Error:  0.35E+03 on Mesh 1 at (43,43,15)
       Maximum CFL Number    :  0.95E+00 on Mesh 1 at (42,43,12)
       Maximum VN Number     :  0.54E+00 on Mesh 3 at (30,8,51)
       ---------------------------------------------------------------
       Mesh    1
       Max CFL number:  0.95E+00 at (42,43,12)
       Max divergence:  0.16E+02 at (41,42,7)
       Min divergence: -0.37E+01 at (42,43,13)
       Max VN number :  0.54E+00 at (37,38,51)
       Mesh    2
       Max CFL number:  0.74E+00 at (1,44,35)
       Max divergence:  0.52E+00 at (1,44,8)
       Min divergence: -0.56E+00 at (1,44,35)
       Max VN number :  0.44E+00 at (12,39,51)
       Mesh    3
       Max CFL number:  0.59E+00 at (31,5,51)
       Max divergence:  0.12E+00 at (44,1,31)
       Min divergence: -0.15E+00 at (44,1,26)
       Max VN number :  0.54E+00 at (30,8,51)
       Mesh    4
       Max CFL number:  0.51E+00 at (10,1,51)
       Max divergence:  0.11E+00 at (10,1,50)
       Min divergence: -0.12E+00 at (11,1,51)
       Max VN number :  0.33E+00 at (35,29,51)
 
       Time Step     3200   August  8, 2026  12:37:28
       Step Size:  0.107E-01 s, Total Time:   35.75981 s
       Pressure Iterations: 4
       Maximum Velocity Error:  0.11E-01 on Mesh 1 at (41,46,44)
       Maximum Pressure Error:  0.30E+03 on Mesh 1 at (42,44,14)
       Maximum CFL Number    :  0.93E+00 on Mesh 1 at (43,43,32)
       Maximum VN Number     :  0.32E+00 on Mesh 1 at (30,46,51)
       ---------------------------------------------------------------
       Mesh    1
       Max CFL number:  0.93E+00 at (43,43,32)
       Max divergence:  0.16E+02 at (41,42,7)
       Min divergence: -0.31E+01 at (42,44,14)
       Max VN number :  0.32E+00 at (30,46,51)
       Mesh    2
       Max CFL number:  0.76E+00 at (1,45,34)
       Max divergence:  0.81E+00 at (1,44,10)
       Min divergence: -0.54E+00 at (2,44,36)
       Max VN number :  0.28E+00 at (1,39,51)
       Mesh    3
       Max CFL number:  0.67E+00 at (43,1,47)
       Max divergence:  0.32E+00 at (44,1,37)
       Min divergence: -0.31E+00 at (43,1,37)
       Max VN number :  0.26E+00 at (12,9,51)
       Mesh    4
       Max CFL number:  0.40E+00 at (1,13,51)
       Max divergence:  0.19E+00 at (1,1,31)
       Min divergence: -0.87E-01 at (1,12,51)
       Max VN number :  0.26E+00 at (2,12,51)
 
       Time Step     3300   August  8, 2026  12:38:17
       Step Size:  0.110E-01 s, Total Time:   36.81828 s
       Pressure Iterations: 4
       Maximum Velocity Error:  0.19E-01 on Mesh 1 at (44,44,15)
       Maximum Pressure Error:  0.89E+03 on Mesh 1 at (41,42,6)
       Maximum CFL Number    :  0.94E+00 on Mesh 1 at (40,42,36)
       Maximum VN Number     :  0.37E+00 on Mesh 1 at (17,20,51)
       ---------------------------------------------------------------
       Mesh    1
       Max CFL number:  0.94E+00 at (40,42,36)
       Max divergence:  0.12E+02 at (42,42,7)
       Min divergence: -0.38E+01 at (42,44,10)
       Max VN number :  0.37E+00 at (17,20,51)
       Mesh    2
       Max CFL number:  0.73E+00 at (4,37,51)
       Max divergence:  0.78E+00 at (1,44,17)
       Min divergence: -0.59E+00 at (1,44,15)
       Max VN number :  0.35E+00 at (1,33,51)
       Mesh    3
       Max CFL number:  0.50E+00 at (43,7,51)
       Max divergence:  0.23E+00 at (44,1,35)
       Min divergence: -0.31E+00 at (43,1,35)
       Max VN number :  0.33E+00 at (43,6,51)
       Mesh    4
       Max CFL number:  0.46E+00 at (2,4,51)
       Max divergence:  0.12E+00 at (2,1,36)
       Min divergence: -0.15E+00 at (5,3,51)
       Max VN number :  0.28E+00 at (9,24,51)
 
       Time Step     3400   August  8, 2026  12:39:06
       Step Size:  0.115E-01 s, Total Time:   37.87711 s
       Pressure Iterations: 3
       Maximum Velocity Error:  0.21E-01 on Mesh 1 at (44,44,17)
       Maximum Pressure Error:  0.32E+03 on Mesh 1 at (42,44,13)
       Maximum CFL Number    :  0.96E+00 on Mesh 1 at (41,44,31)
       Maximum VN Number     :  0.51E+00 on Mesh 1 at (19,25,51)
       ---------------------------------------------------------------
       Mesh    1
       Max CFL number:  0.96E+00 at (41,44,31)
       Max divergence:  0.17E+02 at (41,43,7)
       Min divergence: -0.35E+01 at (42,44,12)
       Max VN number :  0.51E+00 at (19,25,51)
       Mesh    2
       Max CFL number:  0.57E+00 at (4,46,41)
       Max divergence:  0.42E+00 at (1,42,8)
       Min divergence: -0.37E+00 at (1,42,30)
       Max VN number :  0.33E+00 at (6,33,51)
       Mesh    3
       Max CFL number:  0.52E+00 at (29,12,51)
       Max divergence:  0.20E+00 at (43,1,17)
       Min divergence: -0.13E+00 at (39,2,42)
       Max VN number :  0.36E+00 at (22,15,51)
       Mesh    4
       Max CFL number:  0.47E+00 at (3,1,42)
       Max divergence:  0.21E+00 at (3,1,45)
       Min divergence: -0.18E+00 at (3,1,43)
       Max VN number :  0.29E+00 at (1,9,51)
 
       Time Step     3500   August  8, 2026  12:39:55
       Step Size:  0.971E-02 s, Total Time:   38.91634 s
       Pressure Iterations: 3
       Maximum Velocity Error:  0.13E-01 on Mesh 1 at (44,41,44)
       Maximum Pressure Error:  0.73E+03 on Mesh 1 at (41,43,21)
       Maximum CFL Number    :  0.92E+00 on Mesh 1 at (41,43,19)
       Maximum VN Number     :  0.37E+00 on Mesh 1 at (31,44,51)
       ---------------------------------------------------------------
       Mesh    1
       Max CFL number:  0.92E+00 at (41,43,19)
       Max divergence:  0.17E+02 at (41,44,7)
       Min divergence: -0.45E+01 at (41,43,20)
       Max VN number :  0.37E+00 at (31,44,51)
       Mesh    2
       Max CFL number:  0.54E+00 at (1,41,42)
       Max divergence:  0.14E+01 at (1,42,11)
       Min divergence: -0.41E+00 at (1,44,22)
       Max VN number :  0.27E+00 at (39,18,51)
       Mesh    3
       Max CFL number:  0.47E+00 at (42,22,51)
       Max divergence:  0.14E+00 at (42,1,25)
       Min divergence: -0.18E+00 at (42,2,43)
       Max VN number :  0.36E+00 at (38,9,51)
       Mesh    4
       Max CFL number:  0.49E+00 at (3,5,51)
       Max divergence:  0.96E-01 at (1,3,42)
       Min divergence: -0.12E+00 at (1,2,42)
       Max VN number :  0.30E+00 at (3,4,51)
 
       Time Step     3600   August  8, 2026  12:40:43
       Step Size:  0.111E-01 s, Total Time:   39.90719 s
       Pressure Iterations: 4
       Maximum Velocity Error:  0.16E-01 on Mesh 1 at (44,42,14)
       Maximum Pressure Error:  0.33E+03 on Mesh 1 at (41,44,11)
       Maximum CFL Number    :  0.88E+00 on Mesh 1 at (44,42,16)
       Maximum VN Number     :  0.52E+00 on Mesh 2 at (1,40,51)
       ---------------------------------------------------------------
       Mesh    1
       Max CFL number:  0.88E+00 at (44,42,16)
       Max divergence:  0.11E+02 at (41,42,7)
       Min divergence: -0.37E+01 at (41,44,11)
       Max VN number :  0.31E+00 at (33,45,51)
       Mesh    2
       Max CFL number:  0.83E+00 at (1,42,39)
       Max divergence:  0.11E+01 at (1,42,16)
       Min divergence: -0.87E+00 at (1,42,13)
       Max VN number :  0.52E+00 at (1,40,51)
       Mesh    3
       Max CFL number:  0.56E+00 at (34,1,51)
       Max divergence:  0.32E+00 at (42,1,27)
       Min divergence: -0.15E+00 at (44,1,21)
       Max VN number :  0.29E+00 at (20,27,51)
       Mesh    4
       Max CFL number:  0.52E+00 at (5,2,51)
       Max divergence:  0.79E-01 at (1,1,24)
       Min divergence: -0.62E-01 at (3,4,50)
       Max VN number :  0.30E+00 at (17,30,51)
 
       Time Step     3700   August  8, 2026  12:41:32
       Step Size:  0.863E-02 s, Total Time:   40.90970 s
       Pressure Iterations: 3
       Maximum Velocity Error:  0.13E-01 on Mesh 1 at (44,45,26)
       Maximum Pressure Error:  0.29E+03 on Mesh 1 at (43,42,23)
       Maximum CFL Number    :  0.80E+00 on Mesh 1 at (43,42,21)
       Maximum VN Number     :  0.34E+00 on Mesh 3 at (14,16,51)
       ---------------------------------------------------------------
       Mesh    1
       Max CFL number:  0.80E+00 at (43,42,21)
       Max divergence:  0.15E+02 at (43,43,7)
       Min divergence: -0.37E+01 at (43,43,10)
       Max VN number :  0.32E+00 at (42,35,51)
       Mesh    2
       Max CFL number:  0.44E+00 at (1,41,51)
       Max divergence:  0.79E+00 at (1,42,16)
       Min divergence: -0.49E+00 at (1,44,27)
       Max VN number :  0.27E+00 at (6,44,51)
       Mesh    3
       Max CFL number:  0.45E+00 at (43,1,51)
       Max divergence:  0.13E+00 at (44,1,25)
       Min divergence: -0.13E+00 at (43,1,25)
       Max VN number :  0.34E+00 at (14,16,51)
       Mesh    4
       Max CFL number:  0.41E+00 at (2,7,51)
       Max divergence:  0.96E-01 at (8,4,50)
       Min divergence: -0.90E-01 at (8,4,51)
       Max VN number :  0.23E+00 at (31,19,51)
 
       Time Step     3800   August  8, 2026  12:42:21
       Step Size:  0.108E-01 s, Total Time:   41.93436 s
       Pressure Iterations: 3
       Maximum Velocity Error:  0.18E-01 on Mesh 1 at (44,44,36)
       Maximum Pressure Error:  0.77E+03 on Mesh 1 at (43,44,10)
       Maximum CFL Number    :  0.91E+00 on Mesh 1 at (42,44,18)
       Maximum VN Number     :  0.40E+00 on Mesh 2 at (6,37,51)
       ---------------------------------------------------------------
       Mesh    1
       Max CFL number:  0.91E+00 at (42,44,18)
       Max divergence:  0.13E+02 at (41,43,7)
       Min divergence: -0.32E+01 at (42,43,13)
       Max VN number :  0.38E+00 at (40,34,51)
       Mesh    2
       Max CFL number:  0.56E+00 at (1,42,47)
       Max divergence:  0.50E+00 at (1,42,24)
       Min divergence: -0.11E+01 at (1,42,21)
       Max VN number :  0.40E+00 at (6,37,51)
       Mesh    3
       Max CFL number:  0.46E+00 at (39,9,51)
       Max divergence:  0.19E+00 at (42,1,37)
       Min divergence: -0.35E+00 at (43,1,35)
       Max VN number :  0.29E+00 at (12,30,51)
       Mesh    4
       Max CFL number:  0.54E+00 at (10,2,51)
       Max divergence:  0.15E+00 at (1,1,36)
       Min divergence: -0.84E-01 at (9,5,51)
       Max VN number :  0.31E+00 at (40,26,51)
 
       Time Step     3900   August  8, 2026  12:43:09
       Step Size:  0.105E-01 s, Total Time:   42.96597 s
       Pressure Iterations: 3
       Maximum Velocity Error:  0.19E-01 on Mesh 1 at (44,42,32)
       Maximum Pressure Error:  0.10E+04 on Mesh 1 at (43,44,8)
       Maximum CFL Number    :  0.89E+00 on Mesh 1 at (43,42,36)
       Maximum VN Number     :  0.65E+00 on Mesh 1 at (29,41,51)
       ---------------------------------------------------------------
       Mesh    1
       Max CFL number:  0.89E+00 at (43,42,36)
       Max divergence:  0.17E+02 at (41,42,7)
       Min divergence: -0.54E+01 at (43,44,12)
       Max VN number :  0.65E+00 at (29,41,51)
       Mesh    2
       Max CFL number:  0.54E+00 at (1,44,40)
       Max divergence:  0.49E+00 at (1,43,14)
       Min divergence: -0.43E+00 at (1,43,24)
       Max VN number :  0.40E+00 at (2,39,51)
       Mesh    3
       Max CFL number:  0.50E+00 at (37,9,51)
       Max divergence:  0.21E+00 at (41,1,41)
       Min divergence: -0.17E+00 at (40,1,41)
       Max VN number :  0.27E+00 at (22,12,51)
       Mesh    4
       Max CFL number:  0.53E+00 at (2,7,51)
       Max divergence:  0.73E-01 at (1,1,32)
       Min divergence: -0.11E+00 at (1,8,51)
       Max VN number :  0.29E+00 at (32,21,51)
 
       Time Step     4000   August  8, 2026  12:43:57
       Step Size:  0.102E-01 s, Total Time:   43.96572 s
       Pressure Iterations: 3
       Maximum Velocity Error:  0.18E-01 on Mesh 2 at (0,43,47)
       Maximum Pressure Error:  0.43E+03 on Mesh 1 at (41,42,12)
       Maximum CFL Number    :  0.88E+00 on Mesh 1 at (42,44,23)
       Maximum VN Number     :  0.36E+00 on Mesh 1 at (40,26,51)
       ---------------------------------------------------------------
       Mesh    1
       Max CFL number:  0.88E+00 at (42,44,23)
       Max divergence:  0.12E+02 at (42,42,7)
       Min divergence: -0.52E+01 at (41,42,12)
       Max VN number :  0.36E+00 at (40,26,51)
       Mesh    2
       Max CFL number:  0.59E+00 at (1,43,43)
       Max divergence:  0.44E+00 at (1,44,11)
       Min divergence: -0.25E+00 at (1,45,40)
       Max VN number :  0.33E+00 at (8,26,51)
       Mesh    3
       Max CFL number:  0.57E+00 at (43,6,51)
       Max divergence:  0.18E+00 at (43,2,37)
       Min divergence: -0.27E+00 at (42,2,38)
       Max VN number :  0.33E+00 at (27,25,51)
       Mesh    4
       Max CFL number:  0.49E+00 at (5,1,51)
       Max divergence:  0.19E+00 at (1,1,36)
       Min divergence: -0.11E+00 at (1,1,34)
       Max VN number :  0.22E+00 at (14,1,51)
 
       Time Step     4100   August  8, 2026  12:44:45
       Step Size:  0.963E-02 s, Total Time:   44.99742 s
       Pressure Iterations: 5
       Maximum Velocity Error:  0.19E-01 on Mesh 1 at (43,44,5)
       Maximum Pressure Error:  0.83E+03 on Mesh 1 at (43,44,6)
       Maximum CFL Number    :  0.88E+00 on Mesh 1 at (42,42,19)
       Maximum VN Number     :  0.41E+00 on Mesh 1 at (33,42,51)
       ---------------------------------------------------------------
       Mesh    1
       Max CFL number:  0.88E+00 at (42,42,19)
       Max divergence:  0.18E+02 at (43,44,6)
       Min divergence: -0.57E+01 at (41,42,12)
       Max VN number :  0.41E+00 at (33,42,51)
       Mesh    2
       Max CFL number:  0.61E+00 at (3,45,51)
       Max divergence:  0.86E+00 at (1,44,13)
       Min divergence: -0.36E+00 at (1,43,30)
       Max VN number :  0.25E+00 at (9,44,51)
       Mesh    3
       Max CFL number:  0.43E+00 at (41,1,42)
       Max divergence:  0.24E+00 at (42,1,38)
       Min divergence: -0.15E+00 at (39,1,43)
       Max VN number :  0.18E+00 at (40,28,51)
       Mesh    4
       Max CFL number:  0.45E+00 at (2,1,50)
       Max divergence:  0.99E-01 at (1,2,49)
       Min divergence: -0.64E-01 at (6,2,51)
       Max VN number :  0.25E+00 at (20,3,51)
 
       Time Step     4200   August  8, 2026  12:45:34
       Step Size:  0.115E-01 s, Total Time:   45.97417 s
       Pressure Iterations: 3
       Maximum Velocity Error:  0.17E-01 on Mesh 1 at (44,42,49)
       Maximum Pressure Error:  0.50E+03 on Mesh 1 at (41,44,8)
       Maximum CFL Number    :  0.89E+00 on Mesh 1 at (42,42,25)
       Maximum VN Number     :  0.37E+00 on Mesh 3 at (25,5,51)
       ---------------------------------------------------------------
       Mesh    1
       Max CFL number:  0.89E+00 at (42,42,25)
       Max divergence:  0.15E+02 at (43,42,7)
       Min divergence: -0.36E+01 at (42,42,11)
       Max VN number :  0.36E+00 at (40,45,51)
       Mesh    2
       Max CFL number:  0.62E+00 at (1,45,42)
       Max divergence:  0.38E+00 at (1,44,12)
       Min divergence: -0.57E+00 at (1,42,32)
       Max VN number :  0.35E+00 at (1,35,51)
       Mesh    3
       Max CFL number:  0.56E+00 at (27,6,51)
       Max divergence:  0.21E+00 at (44,1,44)
       Min divergence: -0.21E+00 at (41,1,24)
       Max VN number :  0.37E+00 at (25,5,51)
       Mesh    4
       Max CFL number:  0.49E+00 at (1,1,51)
       Max divergence:  0.69E-01 at (2,4,50)
       Min divergence: -0.73E-01 at (9,9,51)
       Max VN number :  0.31E+00 at (5,7,51)
 
       Time Step     4300   August  8, 2026  12:46:22
       Step Size:  0.990E-02 s, Total Time:   47.08030 s
       Pressure Iterations: 3
       Maximum Velocity Error:  0.16E-01 on Mesh 1 at (41,42,4)
       Maximum Pressure Error:  0.54E+03 on Mesh 1 at (41,43,7)
       Maximum CFL Number    :  0.91E+00 on Mesh 1 at (42,42,22)
       Maximum VN Number     :  0.32E+00 on Mesh 3 at (3,8,51)
       ---------------------------------------------------------------
       Mesh    1
       Max CFL number:  0.91E+00 at (42,42,22)
       Max divergence:  0.13E+02 at (43,44,7)
       Min divergence: -0.29E+01 at (42,43,13)
       Max VN number :  0.29E+00 at (43,33,51)
       Mesh    2
       Max CFL number:  0.55E+00 at (1,45,42)
       Max divergence:  0.47E+00 at (1,43,14)
       Min divergence: -0.37E+00 at (1,45,42)
       Max VN number :  0.28E+00 at (2,45,51)
       Mesh    3
       Max CFL number:  0.41E+00 at (44,1,42)
       Max divergence:  0.18E+00 at (42,1,43)
       Min divergence: -0.35E+00 at (44,1,42)
       Max VN number :  0.32E+00 at (3,8,51)
       Mesh    4
       Max CFL number:  0.43E+00 at (5,1,51)
       Max divergence:  0.24E+00 at (1,1,40)
       Min divergence: -0.22E+00 at (1,1,37)
       Max VN number :  0.27E+00 at (17,41,51)
 
       Time Step     4400   August  8, 2026  12:47:10
       Step Size:  0.861E-02 s, Total Time:   48.05064 s
       Pressure Iterations: 3
       Maximum Velocity Error:  0.15E-01 on Mesh 1 at (44,41,47)
       Maximum Pressure Error:  0.20E+03 on Mesh 1 at (42,44,17)
       Maximum CFL Number    :  0.80E+00 on Mesh 1 at (42,42,24)
       Maximum VN Number     :  0.39E+00 on Mesh 1 at (39,28,51)
       ---------------------------------------------------------------
       Mesh    1
       Max CFL number:  0.80E+00 at (42,42,24)
       Max divergence:  0.10E+02 at (43,43,7)
       Min divergence: -0.36E+01 at (42,41,20)
       Max VN number :  0.39E+00 at (39,28,51)
       Mesh    2
       Max CFL number:  0.52E+00 at (1,44,30)
       Max divergence:  0.38E+00 at (1,43,23)
       Min divergence: -0.68E+00 at (1,44,31)
       Max VN number :  0.27E+00 at (16,36,51)
       Mesh    3
       Max CFL number:  0.36E+00 at (42,2,50)
       Max divergence:  0.20E+00 at (44,1,27)
       Min divergence: -0.23E+00 at (43,1,26)
       Max VN number :  0.18E+00 at (36,16,51)
       Mesh    4
       Max CFL number:  0.36E+00 at (1,2,50)
       Max divergence:  0.13E+00 at (1,1,25)
       Min divergence: -0.60E-01 at (2,4,51)
       Max VN number :  0.23E+00 at (14,18,51)
 
       Time Step     4500   August  8, 2026  12:47:59
       Step Size:  0.110E-01 s, Total Time:   49.08323 s
       Pressure Iterations: 3
       Maximum Velocity Error:  0.18E-01 on Mesh 1 at (44,44,29)
       Maximum Pressure Error:  0.48E+03 on Mesh 1 at (43,44,8)
       Maximum CFL Number    :  0.85E+00 on Mesh 1 at (42,44,21)
       Maximum VN Number     :  0.43E+00 on Mesh 2 at (23,16,51)
       ---------------------------------------------------------------
       Mesh    1
       Max CFL number:  0.85E+00 at (42,44,21)
       Max divergence:  0.12E+02 at (43,43,7)
       Min divergence: -0.35E+01 at (42,43,12)
       Max VN number :  0.29E+00 at (15,35,51)
       Mesh    2
       Max CFL number:  0.67E+00 at (1,45,31)
       Max divergence:  0.26E+00 at (1,45,34)
       Min divergence: -0.47E+00 at (1,45,32)
       Max VN number :  0.43E+00 at (23,16,51)
       Mesh    3
       Max CFL number:  0.51E+00 at (42,1,45)
       Max divergence:  0.32E+00 at (41,1,20)
       Min divergence: -0.16E+00 at (43,1,28)
       Max VN number :  0.34E+00 at (44,12,51)
       Mesh    4
       Max CFL number:  0.43E+00 at (1,11,51)
       Max divergence:  0.15E+00 at (1,1,29)
       Min divergence: -0.10E+00 at (1,3,51)
       Max VN number :  0.29E+00 at (20,5,51)
 
       Time Step     4600   August  8, 2026  12:48:48
       Step Size:  0.107E-01 s, Total Time:   50.28249 s
       Pressure Iterations: 3
       Maximum Velocity Error:  0.22E-01 on Mesh 1 at (44,42,40)
       Maximum Pressure Error:  0.35E+03 on Mesh 1 at (42,42,13)
       Maximum CFL Number    :  0.83E+00 on Mesh 1 at (42,43,17)
       Maximum VN Number     :  0.35E+00 on Mesh 3 at (23,1,51)
       ---------------------------------------------------------------
       Mesh    1
       Max CFL number:  0.83E+00 at (42,43,17)
       Max divergence:  0.10E+02 at (42,44,7)
       Min divergence: -0.36E+01 at (42,43,14)
       Max VN number :  0.28E+00 at (2,39,51)
       Mesh    2
       Max CFL number:  0.65E+00 at (1,43,38)
       Max divergence:  0.29E+00 at (2,42,40)
       Min divergence: -0.35E+00 at (1,42,41)
       Max VN number :  0.31E+00 at (25,18,51)
       Mesh    3
       Max CFL number:  0.40E+00 at (42,7,50)
       Max divergence:  0.29E+00 at (41,1,31)
       Min divergence: -0.39E+00 at (41,1,29)
       Max VN number :  0.35E+00 at (23,1,51)
       Mesh    4
       Max CFL number:  0.45E+00 at (12,9,51)
       Max divergence:  0.11E+00 at (1,1,31)
       Min divergence: -0.62E-01 at (11,11,51)
       Max VN number :  0.32E+00 at (12,41,51)
 
       Time Step     4700   August  8, 2026  12:49:37
       Step Size:  0.892E-02 s, Total Time:   51.30962 s
       Pressure Iterations: 4
       Maximum Velocity Error:  0.24E-01 on Mesh 1 at (40,44,6)
       Maximum Pressure Error:  0.98E+03 on Mesh 1 at (41,44,6)
       Maximum CFL Number    :  0.97E+00 on Mesh 1 at (42,42,19)
       Maximum VN Number     :  0.32E+00 on Mesh 1 at (43,31,51)
       ---------------------------------------------------------------
       Mesh    1
       Max CFL number:  0.97E+00 at (42,42,19)
       Max divergence:  0.16E+02 at (43,42,7)
       Min divergence: -0.42E+01 at (40,44,12)
       Max VN number :  0.32E+00 at (43,31,51)
       Mesh    2
       Max CFL number:  0.41E+00 at (1,42,44)
       Max divergence:  0.27E+00 at (1,44,32)
       Min divergence: -0.58E+00 at (1,44,24)
       Max VN number :  0.31E+00 at (27,24,51)
       Mesh    3
       Max CFL number:  0.34E+00 at (41,7,51)
       Max divergence:  0.35E+00 at (42,1,25)
       Min divergence: -0.14E+00 at (41,1,21)
       Max VN number :  0.29E+00 at (7,12,51)
       Mesh    4
       Max CFL number:  0.48E+00 at (7,5,51)
       Max divergence:  0.75E-01 at (3,1,48)
       Min divergence: -0.52E-01 at (4,2,51)
       Max VN number :  0.24E+00 at (13,8,51)
 
       Time Step     4800   August  8, 2026  12:50:26
       Step Size:  0.106E-01 s, Total Time:   52.30043 s
       Pressure Iterations: 3
       Maximum Velocity Error:  0.21E-01 on Mesh 1 at (44,44,44)
       Maximum Pressure Error:  0.66E+03 on Mesh 1 at (41,43,6)
       Maximum CFL Number    :  0.96E+00 on Mesh 1 at (43,42,13)
       Maximum VN Number     :  0.48E+00 on Mesh 1 at (28,35,51)
       ---------------------------------------------------------------
       Mesh    1
       Max CFL number:  0.96E+00 at (43,42,13)
       Max divergence:  0.12E+02 at (41,42,7)
       Min divergence: -0.55E+01 at (43,42,14)
       Max VN number :  0.48E+00 at (28,35,51)
       Mesh    2
       Max CFL number:  0.61E+00 at (12,45,51)
       Max divergence:  0.43E+00 at (1,43,12)
       Min divergence: -0.27E+00 at (1,43,45)
       Max VN number :  0.31E+00 at (11,44,51)
       Mesh    3
       Max CFL number:  0.46E+00 at (40,1,46)
       Max divergence:  0.26E+00 at (41,1,20)
       Min divergence: -0.14E+00 at (44,1,48)
       Max VN number :  0.39E+00 at (17,4,51)
       Mesh    4
       Max CFL number:  0.59E+00 at (9,5,51)
       Max divergence:  0.10E+00 at (16,2,50)
       Min divergence: -0.22E+00 at (16,3,51)
       Max VN number :  0.33E+00 at (16,2,51)
 
       Time Step     4900   August  8, 2026  12:51:15
       Step Size:  0.112E-01 s, Total Time:   53.39643 s
       Pressure Iterations: 3
       Maximum Velocity Error:  0.22E-01 on Mesh 1 at (43,44,6)
       Maximum Pressure Error:  0.48E+03 on Mesh 1 at (43,44,6)
       Maximum CFL Number    :  0.93E+00 on Mesh 1 at (42,43,15)
       Maximum VN Number     :  0.48E+00 on Mesh 3 at (42,5,51)
       ---------------------------------------------------------------
       Mesh    1
       Max CFL number:  0.93E+00 at (42,43,15)
       Max divergence:  0.14E+02 at (42,44,7)
       Min divergence: -0.58E+01 at (41,42,11)
       Max VN number :  0.35E+00 at (41,41,12)
       Mesh    2
       Max CFL number:  0.61E+00 at (1,43,32)
       Max divergence:  0.26E+00 at (2,42,33)
       Min divergence: -0.26E+00 at (2,44,32)
       Max VN number :  0.28E+00 at (27,24,51)
       Mesh    3
       Max CFL number:  0.55E+00 at (43,5,51)
       Max divergence:  0.41E+00 at (41,1,27)
       Min divergence: -0.22E+00 at (42,1,25)
       Max VN number :  0.48E+00 at (42,5,51)
       Mesh    4
       Max CFL number:  0.42E+00 at (1,2,51)
       Max divergence:  0.43E-01 at (3,5,50)
       Min divergence: -0.48E-01 at (1,5,51)
       Max VN number :  0.26E+00 at (31,20,51)
 
       Time Step     5000   August  8, 2026  12:52:04
       Step Size:  0.106E-01 s, Total Time:   54.48209 s
       Pressure Iterations: 5
       Maximum Velocity Error:  0.22E-01 on Mesh 1 at (43,41,5)
       Maximum Pressure Error:  0.88E+03 on Mesh 1 at (43,42,6)
       Maximum CFL Number    :  0.92E+00 on Mesh 1 at (43,43,14)
       Maximum VN Number     :  0.38E+00 on Mesh 1 at (42,42,51)
       ---------------------------------------------------------------
       Mesh    1
       Max CFL number:  0.92E+00 at (43,43,14)
       Max divergence:  0.17E+02 at (43,42,6)
       Min divergence: -0.60E+01 at (41,44,10)
       Max VN number :  0.38E+00 at (42,42,51)
       Mesh    2
       Max CFL number:  0.58E+00 at (1,42,39)
       Max divergence:  0.20E+01 at (1,42,10)
       Min divergence: -0.24E+00 at (1,44,26)
       Max VN number :  0.35E+00 at (1,32,51)
       Mesh    3
       Max CFL number:  0.48E+00 at (33,6,51)
       Max divergence:  0.27E+00 at (41,1,25)
       Min divergence: -0.42E+00 at (41,1,23)
       Max VN number :  0.27E+00 at (30,14,51)
       Mesh    4
       Max CFL number:  0.47E+00 at (8,2,51)
       Max divergence:  0.69E-01 at (1,1,49)
       Min divergence: -0.94E-01 at (1,12,51)
       Max VN number :  0.36E+00 at (8,26,51)
 
       Time Step     5100   August  8, 2026  12:52:52
       Step Size:  0.950E-02 s, Total Time:   55.49406 s
       Pressure Iterations: 3
       Maximum Velocity Error:  0.20E-01 on Mesh 1 at (40,46,47)
       Maximum Pressure Error:  0.42E+03 on Mesh 1 at (43,42,6)
       Maximum CFL Number    :  0.88E+00 on Mesh 1 at (43,43,27)
       Maximum VN Number     :  0.34E+00 on Mesh 2 at (16,10,51)
       ---------------------------------------------------------------
       Mesh    1
       Max CFL number:  0.88E+00 at (43,43,27)
       Max divergence:  0.15E+02 at (41,43,7)
       Min divergence: -0.53E+01 at (42,43,11)
       Max VN number :  0.26E+00 at (43,42,21)
       Mesh    2
       Max CFL number:  0.58E+00 at (1,41,33)
       Max divergence:  0.94E+00 at (1,42,17)
       Min divergence: -0.40E+00 at (2,44,38)
       Max VN number :  0.34E+00 at (16,10,51)
       Mesh    3
       Max CFL number:  0.63E+00 at (40,1,49)
       Max divergence:  0.12E+00 at (41,1,14)
       Min divergence: -0.17E+00 at (42,4,44)
       Max VN number :  0.22E+00 at (41,3,51)
       Mesh    4
       Max CFL number:  0.47E+00 at (1,1,51)
       Max divergence:  0.11E+00 at (1,2,47)
       Min divergence: -0.11E+00 at (1,2,51)
       Max VN number :  0.23E+00 at (1,9,51)
 
       Time Step     5200   August  8, 2026  12:53:41
       Step Size:  0.100E-01 s, Total Time:   56.47572 s
       Pressure Iterations: 3
       Maximum Velocity Error:  0.13E-01 on Mesh 1 at (40,44,6)
       Maximum Pressure Error:  0.59E+03 on Mesh 1 at (41,44,6)
       Maximum CFL Number    :  0.84E+00 on Mesh 1 at (41,43,35)
       Maximum VN Number     :  0.42E+00 on Mesh 2 at (18,41,51)
       ---------------------------------------------------------------
       Mesh    1
       Max CFL number:  0.84E+00 at (41,43,35)
       Max divergence:  0.11E+02 at (41,42,7)
       Min divergence: -0.33E+01 at (42,43,14)
       Max VN number :  0.32E+00 at (21,43,51)
       Mesh    2
       Max CFL number:  0.48E+00 at (18,39,51)
       Max divergence:  0.63E+00 at (1,44,21)
       Min divergence: -0.52E+00 at (1,43,18)
       Max VN number :  0.42E+00 at (18,41,51)
       Mesh    3
       Max CFL number:  0.45E+00 at (40,2,51)
       Max divergence:  0.11E+00 at (43,1,36)
       Min divergence: -0.13E+00 at (44,3,47)
       Max VN number :  0.27E+00 at (36,22,51)
       Mesh    4
       Max CFL number:  0.46E+00 at (5,8,51)
       Max divergence:  0.84E-01 at (11,11,50)
       Min divergence: -0.95E-01 at (11,11,51)
       Max VN number :  0.32E+00 at (5,10,51)
 
       Time Step     5300   August  8, 2026  12:54:30
       Step Size:  0.104E-01 s, Total Time:   57.47535 s
       Pressure Iterations: 3
       Maximum Velocity Error:  0.25E-01 on Mesh 1 at (44,44,29)
       Maximum Pressure Error:  0.59E+03 on Mesh 1 at (43,44,14)
       Maximum CFL Number    :  0.87E+00 on Mesh 1 at (43,44,13)
       Maximum VN Number     :  0.37E+00 on Mesh 1 at (33,40,51)
       ---------------------------------------------------------------
       Mesh    1
       Max CFL number:  0.87E+00 at (43,44,13)
       Max divergence:  0.19E+02 at (43,44,7)
       Min divergence: -0.42E+01 at (42,43,15)
       Max VN number :  0.37E+00 at (33,40,51)
       Mesh    2
       Max CFL number:  0.83E+00 at (1,44,30)
       Max divergence:  0.81E+00 at (1,45,31)
       Min divergence: -0.15E+01 at (1,44,31)
       Max VN number :  0.33E+00 at (9,43,51)
       Mesh    3
       Max CFL number:  0.71E+00 at (40,1,39)
       Max divergence:  0.32E+00 at (41,1,43)
       Min divergence: -0.40E+00 at (40,1,39)
       Max VN number :  0.26E+00 at (28,25,51)
       Mesh    4
       Max CFL number:  0.57E+00 at (1,1,51)
       Max divergence:  0.11E+00 at (5,1,50)
       Min divergence: -0.80E-01 at (5,1,51)
       Max VN number :  0.33E+00 at (5,17,51)
 
       Time Step     5400   August  8, 2026  12:55:19
       Step Size:  0.984E-02 s, Total Time:   58.49321 s
       Pressure Iterations: 3
       Maximum Velocity Error:  0.14E-01 on Mesh 1 at (44,44,28)
       Maximum Pressure Error:  0.34E+03 on Mesh 1 at (41,42,15)
       Maximum CFL Number    :  0.85E+00 on Mesh 1 at (43,44,19)
       Maximum VN Number     :  0.43E+00 on Mesh 2 at (34,32,51)
       ---------------------------------------------------------------
       Mesh    1
       Max CFL number:  0.85E+00 at (43,44,19)
       Max divergence:  0.12E+02 at (41,44,7)
       Min divergence: -0.36E+01 at (41,42,14)
       Max VN number :  0.37E+00 at (41,32,51)
       Mesh    2
       Max CFL number:  0.52E+00 at (7,44,51)
       Max divergence:  0.37E+00 at (1,43,17)
       Min divergence: -0.28E+00 at (2,46,47)
       Max VN number :  0.43E+00 at (34,32,51)
       Mesh    3
       Max CFL number:  0.46E+00 at (35,4,51)
       Max divergence:  0.18E+00 at (43,1,41)
       Min divergence: -0.18E+00 at (44,1,43)
       Max VN number :  0.26E+00 at (33,2,51)
       Mesh    4
       Max CFL number:  0.43E+00 at (11,13,51)
       Max divergence:  0.12E+00 at (2,1,45)
       Min divergence: -0.17E+00 at (1,1,41)
       Max VN number :  0.41E+00 at (9,24,51)
 
       Time Step     5500   August  8, 2026  12:56:09
       Step Size:  0.104E-01 s, Total Time:   59.50260 s
       Pressure Iterations: 3
       Maximum Velocity Error:  0.21E-01 on Mesh 1 at (44,41,46)
       Maximum Pressure Error:  0.25E+03 on Mesh 1 at (43,43,18)
       Maximum CFL Number    :  0.86E+00 on Mesh 1 at (43,43,17)
       Maximum VN Number     :  0.31E+00 on Mesh 2 at (3,45,51)
       ---------------------------------------------------------------
       Mesh    1
       Max CFL number:  0.86E+00 at (43,43,17)
       Max divergence:  0.13E+02 at (43,43,7)
       Min divergence: -0.48E+01 at (43,42,10)
       Max VN number :  0.27E+00 at (4,3,51)
       Mesh    2
       Max CFL number:  0.64E+00 at (1,44,37)
       Max divergence:  0.18E+00 at (1,44,43)
       Min divergence: -0.34E+00 at (1,44,40)
       Max VN number :  0.31E+00 at (3,45,51)
       Mesh    3
       Max CFL number:  0.48E+00 at (41,1,32)
       Max divergence:  0.31E+00 at (43,1,23)
       Min divergence: -0.53E+00 at (41,1,33)
       Max VN number :  0.27E+00 at (44,15,51)
       Mesh    4
       Max CFL number:  0.38E+00 at (2,11,51)
       Max divergence:  0.89E-01 at (1,1,32)
       Min divergence: -0.67E-01 at (11,2,51)
       Max VN number :  0.30E+00 at (25,30,51)
 
       Time Step     5600   August  8, 2026  12:56:57
       Step Size:  0.112E-01 s, Total Time:   60.61079 s
       Pressure Iterations: 3
       Maximum Velocity Error:  0.22E-01 on Mesh 1 at (44,41,48)
       Maximum Pressure Error:  0.12E+04 on Mesh 1 at (41,42,10)
       Maximum CFL Number    :  0.91E+00 on Mesh 1 at (42,43,11)
       Maximum VN Number     :  0.33E+00 on Mesh 2 at (21,46,51)
       ---------------------------------------------------------------
       Mesh    1
       Max CFL number:  0.91E+00 at (42,43,11)
       Max divergence:  0.14E+02 at (43,44,7)
       Min divergence: -0.44E+01 at (43,44,12)
       Max VN number :  0.32E+00 at (37,40,51)
       Mesh    2
       Max CFL number:  0.68E+00 at (1,43,39)
       Max divergence:  0.42E+00 at (1,42,17)
       Min divergence: -0.42E+00 at (1,41,29)
       Max VN number :  0.33E+00 at (21,46,51)
       Mesh    3
       Max CFL number:  0.50E+00 at (39,1,51)
       Max divergence:  0.24E+00 at (42,1,20)
       Min divergence: -0.36E+00 at (41,1,19)
       Max VN number :  0.29E+00 at (42,10,51)
       Mesh    4
       Max CFL number:  0.45E+00 at (1,1,51)
       Max divergence:  0.36E-01 at (12,15,50)
       Min divergence: -0.55E-01 at (2,7,51)
       Max VN number :  0.32E+00 at (12,14,51)
 
       Time Step     5700   August  8, 2026  12:57:47
       Step Size:  0.106E-01 s, Total Time:   61.62830 s
       Pressure Iterations: 3
       Maximum Velocity Error:  0.16E-01 on Mesh 1 at (44,42,39)
       Maximum Pressure Error:  0.49E+03 on Mesh 1 at (41,42,16)
       Maximum CFL Number    :  0.90E+00 on Mesh 1 at (43,43,19)
       Maximum VN Number     :  0.36E+00 on Mesh 4 at (22,8,51)
       ---------------------------------------------------------------
       Mesh    1
       Max CFL number:  0.90E+00 at (43,43,19)
       Max divergence:  0.12E+02 at (43,44,7)
       Min divergence: -0.34E+01 at (43,45,11)
       Max VN number :  0.32E+00 at (25,11,51)
       Mesh    2
       Max CFL number:  0.47E+00 at (1,42,40)
       Max divergence:  0.13E+01 at (1,43,11)
       Min divergence: -0.27E+00 at (1,42,39)
       Max VN number :  0.28E+00 at (6,21,51)
       Mesh    3
       Max CFL number:  0.51E+00 at (40,2,39)
       Max divergence:  0.29E+00 at (41,1,27)
       Min divergence: -0.29E+00 at (41,1,25)
       Max VN number :  0.26E+00 at (41,5,51)
       Mesh    4
       Max CFL number:  0.46E+00 at (3,20,51)
       Max divergence:  0.63E-01 at (4,4,50)
       Min divergence: -0.90E-01 at (2,1,51)
       Max VN number :  0.36E+00 at (22,8,51)
 
       Time Step     5800   August  8, 2026  12:58:37
       Step Size:  0.985E-02 s, Total Time:   62.61619 s
       Pressure Iterations: 3
       Maximum Velocity Error:  0.18E-01 on Mesh 1 at (44,42,48)
       Maximum Pressure Error:  0.28E+03 on Mesh 1 at (41,42,13)
       Maximum CFL Number    :  0.80E+00 on Mesh 1 at (43,43,33)
       Maximum VN Number     :  0.28E+00 on Mesh 1 at (3,23,51)
       ---------------------------------------------------------------
       Mesh    1
       Max CFL number:  0.80E+00 at (43,43,33)
       Max divergence:  0.12E+02 at (42,44,7)
       Min divergence: -0.35E+01 at (42,43,11)
       Max VN number :  0.28E+00 at (3,23,51)
       Mesh    2
       Max CFL number:  0.62E+00 at (3,43,50)
       Max divergence:  0.55E+00 at (1,42,18)
       Min divergence: -0.87E+00 at (1,44,17)
       Max VN number :  0.24E+00 at (4,15,51)
       Mesh    3
       Max CFL number:  0.46E+00 at (35,5,51)
       Max divergence:  0.25E+00 at (44,1,37)
       Min divergence: -0.32E+00 at (44,1,33)
       Max VN number :  0.21E+00 at (35,6,51)
       Mesh    4
       Max CFL number:  0.38E+00 at (6,2,51)
       Max divergence:  0.12E+00 at (1,1,36)
       Min divergence: -0.51E-01 at (1,1,51)
       Max VN number :  0.22E+00 at (17,40,51)
 
       Time Step     5900   August  8, 2026  12:59:26
       Step Size:  0.105E-01 s, Total Time:   63.66669 s
       Pressure Iterations: 4
       Maximum Velocity Error:  0.19E-01 on Mesh 2 at (0,44,28)
       Maximum Pressure Error:  0.48E+03 on Mesh 1 at (42,44,13)
       Maximum CFL Number    :  0.84E+00 on Mesh 1 at (44,44,29)
       Maximum VN Number     :  0.38E+00 on Mesh 1 at (2,41,51)
       ---------------------------------------------------------------
       Mesh    1
       Max CFL number:  0.84E+00 at (44,44,29)
       Max divergence:  0.15E+02 at (41,44,7)
       Min divergence: -0.30E+01 at (42,44,12)
       Max VN number :  0.38E+00 at (2,41,51)
       Mesh    2
       Max CFL number:  0.59E+00 at (1,44,29)
       Max divergence:  0.79E+00 at (1,42,9)
       Min divergence: -0.72E+00 at (1,44,29)
       Max VN number :  0.36E+00 at (2,44,51)
       Mesh    3
       Max CFL number:  0.46E+00 at (30,5,51)
       Max divergence:  0.33E+00 at (43,1,27)
       Min divergence: -0.26E+00 at (41,1,28)
       Max VN number :  0.32E+00 at (41,17,51)
       Mesh    4
       Max CFL number:  0.45E+00 at (8,25,51)
       Max divergence:  0.37E-01 at (10,21,50)
       Min divergence: -0.64E-01 at (11,21,51)
       Max VN number :  0.28E+00 at (10,21,51)
 
       Time Step     6000   August  8, 2026  13:00:15
       Step Size:  0.939E-02 s, Total Time:   64.71616 s
       Pressure Iterations: 5
       Maximum Velocity Error:  0.24E-01 on Mesh 1 at (40,44,5)
       Maximum Pressure Error:  0.10E+04 on Mesh 1 at (41,44,6)
       Maximum CFL Number    :  0.87E+00 on Mesh 1 at (41,43,17)
       Maximum VN Number     :  0.31E+00 on Mesh 2 at (19,22,51)
       ---------------------------------------------------------------
       Mesh    1
       Max CFL number:  0.87E+00 at (41,43,17)
       Max divergence:  0.20E+02 at (41,44,6)
       Min divergence: -0.40E+01 at (41,43,18)
       Max VN number :  0.30E+00 at (23,17,51)
       Mesh    2
       Max CFL number:  0.53E+00 at (1,41,35)
       Max divergence:  0.14E+01 at (1,42,12)
       Min divergence: -0.26E+00 at (2,42,38)
       Max VN number :  0.31E+00 at (19,22,51)
       Mesh    3
       Max CFL number:  0.43E+00 at (42,3,51)
       Max divergence:  0.30E+00 at (43,1,26)
       Min divergence: -0.42E+00 at (43,1,24)
       Max VN number :  0.30E+00 at (21,5,51)
       Mesh    4
       Max CFL number:  0.40E+00 at (1,4,51)
       Max divergence:  0.12E+00 at (2,1,41)
       Min divergence: -0.85E-01 at (5,4,51)
       Max VN number :  0.25E+00 at (3,10,51)
 
       Time Step     6100   August  8, 2026  13:01:03
       Step Size:  0.103E-01 s, Total Time:   65.68317 s
       Pressure Iterations: 3
       Maximum Velocity Error:  0.22E-01 on Mesh 1 at (44,42,14)
       Maximum Pressure Error:  0.51E+03 on Mesh 1 at (41,43,19)
       Maximum CFL Number    :  0.96E+00 on Mesh 1 at (41,43,18)
       Maximum VN Number     :  0.39E+00 on Mesh 1 at (43,42,51)
       ---------------------------------------------------------------
       Mesh    1
       Max CFL number:  0.96E+00 at (41,43,18)
       Max divergence:  0.96E+01 at (43,44,7)
       Min divergence: -0.39E+01 at (41,43,19)
       Max VN number :  0.39E+00 at (43,42,51)
       Mesh    2
       Max CFL number:  0.46E+00 at (10,44,51)
       Max divergence:  0.12E+01 at (1,42,16)
       Min divergence: -0.60E+00 at (1,42,33)
       Max VN number :  0.25E+00 at (1,19,51)
       Mesh    3
       Max CFL number:  0.41E+00 at (20,2,51)
       Max divergence:  0.32E+00 at (42,1,19)
       Min divergence: -0.16E+00 at (41,1,23)
       Max VN number :  0.29E+00 at (20,1,51)
       Mesh    4
       Max CFL number:  0.47E+00 at (8,3,51)
       Max divergence:  0.76E-01 at (1,1,31)
       Min divergence: -0.10E+00 at (11,3,51)
       Max VN number :  0.33E+00 at (17,4,51)
 
       Time Step     6200   August  8, 2026  13:01:52
       Step Size:  0.108E-01 s, Total Time:   66.75013 s
       Pressure Iterations: 4
       Maximum Velocity Error:  0.16E-01 on Mesh 1 at (41,46,34)
       Maximum Pressure Error:  0.81E+03 on Mesh 1 at (43,44,7)
       Maximum CFL Number    :  0.89E+00 on Mesh 1 at (43,41,24)
       Maximum VN Number     :  0.48E+00 on Mesh 3 at (13,3,51)
       ---------------------------------------------------------------
       Mesh    1
       Max CFL number:  0.89E+00 at (43,41,24)
       Max divergence:  0.13E+02 at (43,44,7)
       Min divergence: -0.44E+01 at (41,42,10)
       Max VN number :  0.39E+00 at (19,21,51)
       Mesh    2
       Max CFL number:  0.54E+00 at (7,44,51)
       Max divergence:  0.35E+00 at (1,44,8)
       Min divergence: -0.23E+00 at (1,41,23)
       Max VN number :  0.27E+00 at (9,43,51)
       Mesh    3
       Max CFL number:  0.51E+00 at (41,1,31)
       Max divergence:  0.28E+00 at (40,1,35)
       Min divergence: -0.37E+00 at (41,1,30)
       Max VN number :  0.48E+00 at (13,3,51)
       Mesh    4
       Max CFL number:  0.58E+00 at (3,1,51)
       Max divergence:  0.77E-01 at (3,6,50)
       Min divergence: -0.61E-01 at (1,3,51)
       Max VN number :  0.33E+00 at (4,1,51)
 
       Time Step     6300   August  8, 2026  13:02:41
       Step Size:  0.101E-01 s, Total Time:   67.79577 s
       Pressure Iterations: 3
       Maximum Velocity Error:  0.18E-01 on Mesh 2 at (0,42,29)
       Maximum Pressure Error:  0.22E+03 on Mesh 1 at (43,44,13)
       Maximum CFL Number    :  0.86E+00 on Mesh 1 at (40,44,43)
       Maximum VN Number     :  0.31E+00 on Mesh 1 at (44,32,51)
       ---------------------------------------------------------------
       Mesh    1
       Max CFL number:  0.86E+00 at (40,44,43)
       Max divergence:  0.15E+02 at (43,42,7)
       Min divergence: -0.27E+01 at (43,44,12)
       Max VN number :  0.31E+00 at (44,32,51)
       Mesh    2
       Max CFL number:  0.59E+00 at (1,45,28)
       Max divergence:  0.34E+00 at (2,45,29)
       Min divergence: -0.74E+00 at (1,42,24)
       Max VN number :  0.25E+00 at (2,34,51)
       Mesh    3
       Max CFL number:  0.39E+00 at (41,1,47)
       Max divergence:  0.17E+00 at (44,1,31)
       Min divergence: -0.41E+00 at (44,1,29)
       Max VN number :  0.23E+00 at (3,14,51)
       Mesh    4
       Max CFL number:  0.47E+00 at (5,4,51)
       Max divergence:  0.19E+00 at (1,1,30)
       Min divergence: -0.75E-01 at (2,1,51)
       Max VN number :  0.29E+00 at (4,5,51)
 
       Time Step     6400   August  8, 2026  13:03:30
       Step Size:  0.108E-01 s, Total Time:   68.78342 s
       Pressure Iterations: 3
       Maximum Velocity Error:  0.24E-01 on Mesh 1 at (44,43,28)
       Maximum Pressure Error:  0.20E+03 on Mesh 1 at (43,44,17)
       Maximum CFL Number    :  0.92E+00 on Mesh 1 at (42,42,26)
       Maximum VN Number     :  0.35E+00 on Mesh 1 at (23,22,51)
       ---------------------------------------------------------------
       Mesh    1
       Max CFL number:  0.92E+00 at (42,42,26)
       Max divergence:  0.14E+02 at (43,43,7)
       Min divergence: -0.25E+01 at (42,43,10)
       Max VN number :  0.35E+00 at (23,22,51)
       Mesh    2
       Max CFL number:  0.49E+00 at (1,42,28)
       Max divergence:  0.44E+00 at (1,41,27)
       Min divergence: -0.55E+00 at (1,42,27)
       Max VN number :  0.26E+00 at (21,28,51)
       Mesh    3
       Max CFL number:  0.42E+00 at (43,4,48)
       Max divergence:  0.11E+00 at (40,1,36)
       Min divergence: -0.87E-01 at (43,7,49)
       Max VN number :  0.30E+00 at (36,9,51)
       Mesh    4
       Max CFL number:  0.48E+00 at (4,3,48)
       Max divergence:  0.54E-01 at (7,1,47)
       Min divergence: -0.46E-01 at (1,6,49)
       Max VN number :  0.30E+00 at (18,13,51)
 
       Time Step     6500   August  8, 2026  13:04:19
       Step Size:  0.110E-01 s, Total Time:   69.82586 s
       Pressure Iterations: 3
       Maximum Velocity Error:  0.25E-01 on Mesh 2 at (0,41,34)
       Maximum Pressure Error:  0.27E+03 on Mesh 1 at (43,42,11)
       Maximum CFL Number    :  0.91E+00 on Mesh 1 at (43,44,16)
       Maximum VN Number     :  0.44E+00 on Mesh 2 at (6,38,51)
       ---------------------------------------------------------------
       Mesh    1
       Max CFL number:  0.91E+00 at (43,44,16)
       Max divergence:  0.13E+02 at (42,44,7)
       Min divergence: -0.49E+01 at (42,43,10)
       Max VN number :  0.42E+00 at (21,27,51)
       Mesh    2
       Max CFL number:  0.76E+00 at (1,41,35)
       Max divergence:  0.17E+01 at (1,42,10)
       Min divergence: -0.26E+00 at (1,41,36)
       Max VN number :  0.44E+00 at (6,38,51)
       Mesh    3
       Max CFL number:  0.45E+00 at (35,3,51)
       Max divergence:  0.84E-01 at (41,1,22)
       Min divergence: -0.17E+00 at (40,1,44)
       Max VN number :  0.24E+00 at (25,3,51)
       Mesh    4
       Max CFL number:  0.44E+00 at (10,11,51)
       Max divergence:  0.77E-01 at (3,2,44)
       Min divergence: -0.86E-01 at (2,1,44)
       Max VN number :  0.31E+00 at (5,7,51)
 
       Time Step     6600   August  8, 2026  13:05:08
       Step Size:  0.113E-01 s, Total Time:   70.96476 s
       Pressure Iterations: 3
       Maximum Velocity Error:  0.13E-01 on Mesh 1 at (41,46,47)
       Maximum Pressure Error:  0.79E+03 on Mesh 1 at (42,44,6)
       Maximum CFL Number    :  0.89E+00 on Mesh 1 at (42,44,27)
       Maximum VN Number     :  0.29E+00 on Mesh 2 at (14,27,51)
       ---------------------------------------------------------------
       Mesh    1
       Max CFL number:  0.89E+00 at (42,44,27)
       Max divergence:  0.16E+02 at (43,43,7)
       Min divergence: -0.34E+01 at (42,43,10)
       Max VN number :  0.28E+00 at (37,2,51)
       Mesh    2
       Max CFL number:  0.55E+00 at (1,41,33)
       Max divergence:  0.64E+00 at (1,42,15)
       Min divergence: -0.13E+00 at (2,42,39)
       Max VN number :  0.29E+00 at (14,27,51)
       Mesh    3
       Max CFL number:  0.45E+00 at (44,1,50)
       Max divergence:  0.14E+00 at (43,2,45)
       Min divergence: -0.16E+00 at (40,1,49)
       Max VN number :  0.25E+00 at (8,10,51)
       Mesh    4
       Max CFL number:  0.40E+00 at (2,1,51)
       Max divergence:  0.67E-01 at (1,1,34)
       Min divergence: -0.46E-01 at (1,1,47)
       Max VN number :  0.26E+00 at (12,20,51)
 
       Time Step     6700   August  8, 2026  13:05:57
       Step Size:  0.982E-02 s, Total Time:   72.01479 s
       Pressure Iterations: 3
       Maximum Velocity Error:  0.18E-01 on Mesh 1 at (44,42,19)
       Maximum Pressure Error:  0.49E+03 on Mesh 1 at (42,44,16)
       Maximum CFL Number    :  0.87E+00 on Mesh 1 at (40,44,24)
       Maximum VN Number     :  0.50E+00 on Mesh 2 at (5,44,51)
       ---------------------------------------------------------------
       Mesh    1
       Max CFL number:  0.87E+00 at (40,44,24)
       Max divergence:  0.13E+02 at (43,43,7)
       Min divergence: -0.46E+01 at (42,43,14)
       Max VN number :  0.31E+00 at (23,43,51)
       Mesh    2
       Max CFL number:  0.54E+00 at (3,40,51)
       Max divergence:  0.46E+00 at (1,43,20)
       Min divergence: -0.34E+00 at (1,45,34)
       Max VN number :  0.50E+00 at (5,44,51)
       Mesh    3
       Max CFL number:  0.46E+00 at (36,8,51)
       Max divergence:  0.28E+00 at (41,1,24)
       Min divergence: -0.20E+00 at (43,1,30)
       Max VN number :  0.25E+00 at (16,5,51)
       Mesh    4
       Max CFL number:  0.47E+00 at (1,1,51)
       Max divergence:  0.62E-01 at (1,1,31)
       Min divergence: -0.63E-01 at (1,4,51)
       Max VN number :  0.21E+00 at (26,25,51)
 
       Time Step     6800   August  8, 2026  13:06:46
       Step Size:  0.103E-01 s, Total Time:   72.96357 s
       Pressure Iterations: 3
       Maximum Velocity Error:  0.15E-01 on Mesh 1 at (44,45,44)
       Maximum Pressure Error:  0.49E+03 on Mesh 1 at (42,42,17)
       Maximum CFL Number    :  0.84E+00 on Mesh 1 at (42,42,16)
       Maximum VN Number     :  0.33E+00 on Mesh 4 at (1,4,51)
       ---------------------------------------------------------------
       Mesh    1
       Max CFL number:  0.84E+00 at (42,42,16)
       Max divergence:  0.15E+02 at (43,44,7)
       Min divergence: -0.31E+01 at (43,44,9)
       Max VN number :  0.31E+00 at (6,37,51)
       Mesh    2
       Max CFL number:  0.72E+00 at (1,42,26)
       Max divergence:  0.11E+01 at (1,41,29)
       Min divergence: -0.92E+00 at (1,42,29)
       Max VN number :  0.26E+00 at (14,41,51)
       Mesh    3
       Max CFL number:  0.41E+00 at (37,1,51)
       Max divergence:  0.27E+00 at (44,1,40)
       Min divergence: -0.13E+00 at (44,1,38)
       Max VN number :  0.27E+00 at (33,32,51)
       Mesh    4
       Max CFL number:  0.43E+00 at (3,2,51)
       Max divergence:  0.11E+00 at (1,1,38)
       Min divergence: -0.65E-01 at (2,4,51)
       Max VN number :  0.33E+00 at (1,4,51)
 
       Time Step     6900   August  8, 2026  13:07:35
       Step Size:  0.971E-02 s, Total Time:   73.94248 s
       Pressure Iterations: 2
       Maximum Velocity Error:  0.24E-01 on Mesh 2 at (0,43,19)
       Maximum Pressure Error:  0.54E+03 on Mesh 1 at (43,43,15)
       Maximum CFL Number    :  0.93E+00 on Mesh 1 at (43,43,22)
       Maximum VN Number     :  0.37E+00 on Mesh 4 at (40,23,51)
       ---------------------------------------------------------------
       Mesh    1
       Max CFL number:  0.93E+00 at (43,43,22)
       Max divergence:  0.11E+02 at (42,42,7)
       Min divergence: -0.44E+01 at (42,43,16)
       Max VN number :  0.33E+00 at (14,38,51)
       Mesh    2
       Max CFL number:  0.46E+00 at (3,43,49)
       Max divergence:  0.61E+00 at (1,44,9)
       Min divergence: -0.26E+00 at (1,44,29)
       Max VN number :  0.27E+00 at (14,40,51)
       Mesh    3
       Max CFL number:  0.49E+00 at (43,21,51)
       Max divergence:  0.15E+00 at (40,1,43)
       Min divergence: -0.84E-01 at (41,2,42)
       Max VN number :  0.27E+00 at (29,41,51)
       Mesh    4
       Max CFL number:  0.47E+00 at (5,6,51)
       Max divergence:  0.43E-01 at (1,1,24)
       Min divergence: -0.10E+00 at (4,7,51)
       Max VN number :  0.37E+00 at (40,23,51)
 
       Time Step     7000   August  8, 2026  13:08:24
       Step Size:  0.952E-02 s, Total Time:   74.92882 s
       Pressure Iterations: 3
       Maximum Velocity Error:  0.21E-01 on Mesh 1 at (44,44,44)
       Maximum Pressure Error:  0.35E+03 on Mesh 1 at (41,43,20)
       Maximum CFL Number    :  0.90E+00 on Mesh 1 at (41,43,29)
       Maximum VN Number     :  0.28E+00 on Mesh 1 at (21,2,51)
       ---------------------------------------------------------------
       Mesh    1
       Max CFL number:  0.90E+00 at (41,43,29)
       Max divergence:  0.14E+02 at (41,42,7)
       Min divergence: -0.38E+01 at (42,42,17)
       Max VN number :  0.28E+00 at (21,2,51)
       Mesh    2
       Max CFL number:  0.50E+00 at (1,42,43)
       Max divergence:  0.16E+01 at (1,43,11)
       Min divergence: -0.78E+00 at (1,45,29)
       Max VN number :  0.22E+00 at (9,18,51)
       Mesh    3
       Max CFL number:  0.45E+00 at (41,1,45)
       Max divergence:  0.17E+00 at (41,1,21)
       Min divergence: -0.19E+00 at (41,1,47)
       Max VN number :  0.26E+00 at (36,41,51)
       Mesh    4
       Max CFL number:  0.45E+00 at (4,4,51)
       Max divergence:  0.64E-01 at (10,4,50)
       Min divergence: -0.96E-01 at (9,4,51)
       Max VN number :  0.27E+00 at (23,27,51)
 
       Time Step     7100   August  8, 2026  13:09:13
       Step Size:  0.850E-02 s, Total Time:   75.98293 s
       Pressure Iterations: 4
       Maximum Velocity Error:  0.21E-01 on Mesh 1 at (44,43,19)
       Maximum Pressure Error:  0.99E+03 on Mesh 1 at (43,44,6)
       Maximum CFL Number    :  0.84E+00 on Mesh 1 at (43,44,21)
       Maximum VN Number     :  0.28E+00 on Mesh 4 at (30,13,51)
       ---------------------------------------------------------------
       Mesh    1
       Max CFL number:  0.84E+00 at (43,44,21)
       Max divergence:  0.15E+02 at (43,43,7)
       Min divergence: -0.47E+01 at (43,44,22)
       Max VN number :  0.28E+00 at (43,44,22)
       Mesh    2
       Max CFL number:  0.40E+00 at (1,43,36)
       Max divergence:  0.94E+00 at (1,44,20)
       Min divergence: -0.56E+00 at (1,43,19)
       Max VN number :  0.28E+00 at (11,12,51)
       Mesh    3
       Max CFL number:  0.38E+00 at (39,1,42)
       Max divergence:  0.11E+00 at (38,1,44)
       Min divergence: -0.12E+00 at (38,10,51)
       Max VN number :  0.28E+00 at (18,6,51)
       Mesh    4
       Max CFL number:  0.32E+00 at (1,19,51)
       Max divergence:  0.57E-01 at (1,25,51)
       Min divergence: -0.11E+00 at (2,25,51)
       Max VN number :  0.28E+00 at (30,13,51)
 
       Time Step     7200   August  8, 2026  13:10:03
       Step Size:  0.121E-01 s, Total Time:   77.06677 s
       Pressure Iterations: 4
       Maximum Velocity Error:  0.15E-01 on Mesh 1 at (44,44,21)
       Maximum Pressure Error:  0.32E+03 on Mesh 1 at (42,43,13)
       Maximum CFL Number    :  0.91E+00 on Mesh 1 at (42,43,13)
       Maximum VN Number     :  0.34E+00 on Mesh 1 at (26,3,51)
       ---------------------------------------------------------------
       Mesh    1
       Max CFL number:  0.91E+00 at (42,43,13)
       Max divergence:  0.16E+02 at (43,42,7)
       Min divergence: -0.38E+01 at (41,44,9)
       Max VN number :  0.34E+00 at (26,3,51)
       Mesh    2
       Max CFL number:  0.57E+00 at (1,43,44)
       Max divergence:  0.52E+00 at (1,44,22)
       Min divergence: -0.38E+00 at (1,44,20)
       Max VN number :  0.33E+00 at (19,42,51)
       Mesh    3
       Max CFL number:  0.59E+00 at (41,16,51)
       Max divergence:  0.12E+00 at (40,1,29)
       Min divergence: -0.17E+00 at (42,1,43)
       Max VN number :  0.28E+00 at (16,18,51)
       Mesh    4
       Max CFL number:  0.47E+00 at (8,12,51)
       Max divergence:  0.81E-01 at (6,3,50)
       Min divergence: -0.77E-01 at (6,3,51)
       Max VN number :  0.32E+00 at (2,41,51)
 
       Time Step     7300   August  8, 2026  13:10:51
       Step Size:  0.101E-01 s, Total Time:   78.11129 s
       Pressure Iterations: 3
       Maximum Velocity Error:  0.25E-01 on Mesh 1 at (40,44,6)
       Maximum Pressure Error:  0.46E+03 on Mesh 1 at (41,44,6)
       Maximum CFL Number    :  0.89E+00 on Mesh 1 at (41,43,23)
       Maximum VN Number     :  0.33E+00 on Mesh 2 at (14,13,51)
       ---------------------------------------------------------------
       Mesh    1
       Max CFL number:  0.89E+00 at (41,43,23)
       Max divergence:  0.11E+02 at (42,44,7)
       Min divergence: -0.34E+01 at (41,44,13)
       Max VN number :  0.28E+00 at (41,44,12)
       Mesh    2
       Max CFL number:  0.49E+00 at (1,40,39)
       Max divergence:  0.70E+00 at (1,42,11)
       Min divergence: -0.28E+00 at (1,40,39)
       Max VN number :  0.33E+00 at (14,13,51)
       Mesh    3
       Max CFL number:  0.44E+00 at (42,1,29)
       Max divergence:  0.36E+00 at (41,1,30)
       Min divergence: -0.53E+00 at (42,1,30)
       Max VN number :  0.22E+00 at (39,29,51)
       Mesh    4
       Max CFL number:  0.36E+00 at (1,2,39)
       Max divergence:  0.67E-01 at (1,1,30)
       Min divergence: -0.64E-01 at (2,1,34)
       Max VN number :  0.23E+00 at (21,28,51)
 
       Time Step     7400   August  8, 2026  13:11:40
       Step Size:  0.108E-01 s, Total Time:   79.08814 s
       Pressure Iterations: 3
       Maximum Velocity Error:  0.23E-01 on Mesh 1 at (44,44,43)
       Maximum Pressure Error:  0.28E+03 on Mesh 1 at (42,42,8)
       Maximum CFL Number    :  0.89E+00 on Mesh 1 at (43,42,18)
       Maximum VN Number     :  0.39E+00 on Mesh 1 at (31,45,51)
       ---------------------------------------------------------------
       Mesh    1
       Max CFL number:  0.89E+00 at (43,42,18)
       Max divergence:  0.18E+02 at (43,44,8)
       Min divergence: -0.25E+01 at (42,43,12)
       Max VN number :  0.39E+00 at (31,45,51)
       Mesh    2
       Max CFL number:  0.58E+00 at (2,44,51)
       Max divergence:  0.63E+00 at (1,42,16)
       Min divergence: -0.29E+00 at (1,44,29)
       Max VN number :  0.31E+00 at (9,41,51)
       Mesh    3
       Max CFL number:  0.69E+00 at (32,1,51)
       Max divergence:  0.17E+00 at (43,1,26)
       Min divergence: -0.16E+00 at (42,2,51)
       Max VN number :  0.29E+00 at (26,21,51)
       Mesh    4
       Max CFL number:  0.51E+00 at (2,2,51)
       Max divergence:  0.85E-01 at (1,4,50)
       Min divergence: -0.10E+00 at (1,3,51)
       Max VN number :  0.30E+00 at (17,9,51)
 
       Time Step     7500   August  8, 2026  13:12:29
       Step Size:  0.949E-02 s, Total Time:   80.08484 s
       Pressure Iterations: 4
       Maximum Velocity Error:  0.13E-01 on Mesh 1 at (44,42,26)
       Maximum Pressure Error:  0.44E+03 on Mesh 1 at (42,42,13)
       Maximum CFL Number    :  0.88E+00 on Mesh 1 at (42,42,33)
       Maximum VN Number     :  0.33E+00 on Mesh 1 at (16,5,51)
       ---------------------------------------------------------------
       Mesh    1
       Max CFL number:  0.88E+00 at (42,42,33)
       Max divergence:  0.11E+02 at (41,42,7)
       Min divergence: -0.31E+01 at (41,42,11)
       Max VN number :  0.33E+00 at (16,5,51)
       Mesh    2
       Max CFL number:  0.66E+00 at (1,45,35)
       Max divergence:  0.67E+00 at (1,41,27)
       Min divergence: -0.81E+00 at (1,42,26)
       Max VN number :  0.29E+00 at (27,42,51)
       Mesh    3
       Max CFL number:  0.47E+00 at (43,1,46)
       Max divergence:  0.14E+00 at (42,1,16)
       Min divergence: -0.10E+00 at (44,1,35)
       Max VN number :  0.27E+00 at (42,5,51)
       Mesh    4
       Max CFL number:  0.41E+00 at (11,2,51)
       Max divergence:  0.98E-01 at (2,1,35)
       Min divergence: -0.66E-01 at (1,1,35)
       Max VN number :  0.26E+00 at (40,5,51)
 
       Time Step     7600   August  8, 2026  13:13:18
       Step Size:  0.111E-01 s, Total Time:   81.12513 s
       Pressure Iterations: 8
       Maximum Velocity Error:  0.23E-01 on Mesh 1 at (41,42,4)
       Maximum Pressure Error:  0.14E+04 on Mesh 1 at (41,42,6)
       Maximum CFL Number    :  0.86E+00 on Mesh 1 at (41,42,17)
       Maximum VN Number     :  0.35E+00 on Mesh 2 at (18,43,51)
       ---------------------------------------------------------------
       Mesh    1
       Max CFL number:  0.86E+00 at (41,42,17)
       Max divergence:  0.29E+02 at (41,42,6)
       Min divergence: -0.27E+01 at (40,42,13)
       Max VN number :  0.31E+00 at (41,42,16)
       Mesh    2
       Max CFL number:  0.48E+00 at (3,39,39)
       Max divergence:  0.22E+00 at (2,43,26)
       Min divergence: -0.36E+00 at (1,43,27)
       Max VN number :  0.35E+00 at (18,43,51)
       Mesh    3
       Max CFL number:  0.54E+00 at (42,1,41)
       Max divergence:  0.90E-01 at (42,2,42)
       Min divergence: -0.13E+00 at (41,2,41)
       Max VN number :  0.33E+00 at (25,40,51)
       Mesh    4
       Max CFL number:  0.36E+00 at (9,3,51)
       Max divergence:  0.42E-01 at (3,1,50)
       Min divergence: -0.56E-01 at (4,6,50)
       Max VN number :  0.28E+00 at (30,41,51)
 
       Time Step     7700   August  8, 2026  13:14:08
       Step Size:  0.113E-01 s, Total Time:   82.24714 s
       Pressure Iterations: 2
       Maximum Velocity Error:  0.17E-01 on Mesh 1 at (43,46,26)
       Maximum Pressure Error:  0.37E+03 on Mesh 1 at (43,42,11)
       Maximum CFL Number    :  0.87E+00 on Mesh 1 at (43,43,18)
       Maximum VN Number     :  0.32E+00 on Mesh 4 at (6,14,51)
       ---------------------------------------------------------------
       Mesh    1
       Max CFL number:  0.87E+00 at (43,43,18)
       Max divergence:  0.12E+02 at (43,43,7)
       Min divergence: -0.30E+01 at (42,43,12)
       Max VN number :  0.29E+00 at (37,28,51)
       Mesh    2
       Max CFL number:  0.52E+00 at (2,41,34)
       Max divergence:  0.51E+00 at (1,42,10)
       Min divergence: -0.16E+00 at (2,41,35)
       Max VN number :  0.26E+00 at (4,43,51)
       Mesh    3
       Max CFL number:  0.48E+00 at (35,4,51)
       Max divergence:  0.10E+00 at (42,1,27)
       Min divergence: -0.10E+00 at (44,1,46)
       Max VN number :  0.24E+00 at (41,16,51)
       Mesh    4
       Max CFL number:  0.52E+00 at (4,2,51)
       Max divergence:  0.79E-01 at (1,1,46)
       Min divergence: -0.49E-01 at (15,11,51)
       Max VN number :  0.32E+00 at (6,14,51)
 
       Time Step     7800   August  8, 2026  13:14:57
       Step Size:  0.104E-01 s, Total Time:   83.30787 s
       Pressure Iterations: 4
       Maximum Velocity Error:  0.17E-01 on Mesh 1 at (44,41,37)
       Maximum Pressure Error:  0.38E+03 on Mesh 1 at (43,44,15)
       Maximum CFL Number    :  0.91E+00 on Mesh 1 at (42,43,20)
       Maximum VN Number     :  0.33E+00 on Mesh 1 at (35,44,51)
       ---------------------------------------------------------------
       Mesh    1
       Max CFL number:  0.91E+00 at (42,43,20)
       Max divergence:  0.13E+02 at (42,42,7)
       Min divergence: -0.48E+01 at (43,44,14)
       Max VN number :  0.33E+00 at (35,44,51)
       Mesh    2
       Max CFL number:  0.80E+00 at (1,41,36)
       Max divergence:  0.33E+00 at (1,44,10)
       Min divergence: -0.52E+00 at (2,42,39)
       Max VN number :  0.30E+00 at (22,46,51)
       Mesh    3
       Max CFL number:  0.53E+00 at (40,1,45)
       Max divergence:  0.19E+00 at (41,1,19)
       Min divergence: -0.14E+00 at (41,2,47)
       Max VN number :  0.32E+00 at (20,18,51)
       Mesh    4
       Max CFL number:  0.32E+00 at (1,1,51)
       Max divergence:  0.40E-01 at (1,1,38)
       Min divergence: -0.33E-01 at (4,7,51)
       Max VN number :  0.29E+00 at (3,27,51)
 
       Time Step     7900   August  8, 2026  13:15:46
       Step Size:  0.905E-02 s, Total Time:   84.25364 s
       Pressure Iterations: 3
       Maximum Velocity Error:  0.22E-01 on Mesh 1 at (43,46,40)
       Maximum Pressure Error:  0.72E+03 on Mesh 1 at (43,43,16)
       Maximum CFL Number    :  0.87E+00 on Mesh 1 at (43,43,16)
       Maximum VN Number     :  0.31E+00 on Mesh 2 at (19,42,51)
       ---------------------------------------------------------------
       Mesh    1
       Max CFL number:  0.87E+00 at (43,43,16)
       Max divergence:  0.14E+02 at (41,43,7)
       Min divergence: -0.33E+01 at (42,43,17)
       Max VN number :  0.30E+00 at (43,43,15)
       Mesh    2
       Max CFL number:  0.64E+00 at (1,43,36)
       Max divergence:  0.15E+01 at (1,43,12)
       Min divergence: -0.46E+00 at (1,43,37)
       Max VN number :  0.31E+00 at (19,42,51)
       Mesh    3
       Max CFL number:  0.46E+00 at (41,1,42)
       Max divergence:  0.44E+00 at (43,1,43)
       Min divergence: -0.32E+00 at (43,1,38)
       Max VN number :  0.30E+00 at (36,5,51)
       Mesh    4
       Max CFL number:  0.53E+00 at (1,6,51)
       Max divergence:  0.99E-01 at (1,1,43)
       Min divergence: -0.11E+00 at (7,6,51)
       Max VN number :  0.31E+00 at (2,5,51)
 
       Time Step     8000   August  8, 2026  13:16:35
       Step Size:  0.917E-02 s, Total Time:   85.19109 s
       Pressure Iterations: 3
       Maximum Velocity Error:  0.18E-01 on Mesh 1 at (44,41,45)
       Maximum Pressure Error:  0.91E+03 on Mesh 1 at (41,42,16)
       Maximum CFL Number    :  0.90E+00 on Mesh 1 at (41,42,16)
       Maximum VN Number     :  0.38E+00 on Mesh 1 at (30,43,51)
       ---------------------------------------------------------------
       Mesh    1
       Max CFL number:  0.90E+00 at (41,42,16)
       Max divergence:  0.11E+02 at (41,42,7)
       Min divergence: -0.42E+01 at (41,42,15)
       Max VN number :  0.38E+00 at (30,43,51)
       Mesh    2
       Max CFL number:  0.57E+00 at (2,41,40)
       Max divergence:  0.33E+00 at (1,42,17)
       Min divergence: -0.66E+00 at (1,44,27)
       Max VN number :  0.37E+00 at (16,43,51)
       Mesh    3
       Max CFL number:  0.40E+00 at (41,3,50)
       Max divergence:  0.16E+00 at (40,1,29)
       Min divergence: -0.23E+00 at (29,13,51)
       Max VN number :  0.25E+00 at (33,2,51)
       Mesh    4
       Max CFL number:  0.40E+00 at (13,4,51)
       Max divergence:  0.65E-01 at (1,7,50)
       Min divergence: -0.69E-01 at (3,10,50)
       Max VN number :  0.25E+00 at (14,6,51)
 
       Time Step     8100   August  8, 2026  13:17:23
       Step Size:  0.115E-01 s, Total Time:   86.25758 s
       Pressure Iterations: 4
       Maximum Velocity Error:  0.23E-01 on Mesh 1 at (44,44,27)
       Maximum Pressure Error:  0.16E+03 on Mesh 1 at (41,42,6)
       Maximum CFL Number    :  0.92E+00 on Mesh 1 at (41,44,20)
       Maximum VN Number     :  0.37E+00 on Mesh 2 at (28,26,51)
       ---------------------------------------------------------------
       Mesh    1
       Max CFL number:  0.92E+00 at (41,44,20)
       Max divergence:  0.14E+02 at (43,42,7)
       Min divergence: -0.35E+01 at (42,43,10)
       Max VN number :  0.35E+00 at (40,10,51)
       Mesh    2
       Max CFL number:  0.68E+00 at (1,44,29)
       Max divergence:  0.25E+00 at (1,45,28)
       Min divergence: -0.79E+00 at (1,44,28)
       Max VN number :  0.37E+00 at (28,26,51)
       Mesh    3
       Max CFL number:  0.50E+00 at (40,1,51)
       Max divergence:  0.95E-01 at (44,1,24)
       Min divergence: -0.52E-01 at (7,32,51)
       Max VN number :  0.29E+00 at (26,39,51)
       Mesh    4
       Max CFL number:  0.43E+00 at (1,4,51)
       Max divergence:  0.76E-01 at (1,1,24)
       Min divergence: -0.51E-01 at (1,1,37)
       Max VN number :  0.26E+00 at (27,8,51)
 
       Time Step     8200   August  8, 2026  13:18:13
       Step Size:  0.105E-01 s, Total Time:   87.34457 s
       Pressure Iterations: 3
       Maximum Velocity Error:  0.15E-01 on Mesh 1 at (44,43,33)
       Maximum Pressure Error:  0.28E+03 on Mesh 1 at (40,44,19)
       Maximum CFL Number    :  0.86E+00 on Mesh 1 at (41,43,30)
       Maximum VN Number     :  0.37E+00 on Mesh 1 at (38,39,51)
       ---------------------------------------------------------------
       Mesh    1
       Max CFL number:  0.86E+00 at (41,43,30)
       Max divergence:  0.14E+02 at (43,42,7)
       Min divergence: -0.64E+01 at (42,42,10)
       Max VN number :  0.37E+00 at (38,39,51)
       Mesh    2
       Max CFL number:  0.64E+00 at (2,44,37)
       Max divergence:  0.25E+00 at (2,43,37)
       Min divergence: -0.30E+00 at (1,42,38)
       Max VN number :  0.25E+00 at (34,14,51)
       Mesh    3
       Max CFL number:  0.58E+00 at (38,1,51)
       Max divergence:  0.39E+00 at (41,1,17)
       Min divergence: -0.98E-01 at (44,1,36)
       Max VN number :  0.30E+00 at (35,20,51)
       Mesh    4
       Max CFL number:  0.36E+00 at (2,1,41)
       Max divergence:  0.77E-01 at (1,1,39)
       Min divergence: -0.86E-01 at (1,1,36)
       Max VN number :  0.24E+00 at (7,25,51)
 
       Time Step     8300   August  8, 2026  13:19:01
       Step Size:  0.996E-02 s, Total Time:   88.39109 s
       Pressure Iterations: 4
       Maximum Velocity Error:  0.22E-01 on Mesh 1 at (40,42,6)
       Maximum Pressure Error:  0.19E+04 on Mesh 1 at (41,42,6)
       Maximum CFL Number    :  0.90E+00 on Mesh 1 at (40,44,28)
       Maximum VN Number     :  0.36E+00 on Mesh 2 at (18,39,51)
       ---------------------------------------------------------------
       Mesh    1
       Max CFL number:  0.90E+00 at (40,44,28)
       Max divergence:  0.13E+02 at (43,42,7)
       Min divergence: -0.30E+01 at (42,43,13)
       Max VN number :  0.31E+00 at (34,27,51)
       Mesh    2
       Max CFL number:  0.49E+00 at (2,41,29)
       Max divergence:  0.11E+01 at (1,42,9)
       Min divergence: -0.40E+00 at (1,43,29)
       Max VN number :  0.36E+00 at (18,39,51)
       Mesh    3
       Max CFL number:  0.47E+00 at (40,1,40)
       Max divergence:  0.22E+00 at (42,1,25)
       Min divergence: -0.17E+00 at (40,2,44)
       Max VN number :  0.24E+00 at (5,2,51)
       Mesh    4
       Max CFL number:  0.42E+00 at (2,13,51)
       Max divergence:  0.58E-01 at (1,12,50)
       Min divergence: -0.79E-01 at (2,11,50)
       Max VN number :  0.20E+00 at (20,27,51)
 
       Time Step     8400   August  8, 2026  13:19:52
       Step Size:  0.108E-01 s, Total Time:   89.49316 s
       Pressure Iterations: 3
       Maximum Velocity Error:  0.22E-01 on Mesh 1 at (44,44,31)
       Maximum Pressure Error:  0.38E+03 on Mesh 1 at (43,43,19)
       Maximum CFL Number    :  0.90E+00 on Mesh 1 at (42,44,30)
       Maximum VN Number     :  0.33E+00 on Mesh 1 at (41,33,51)
       ---------------------------------------------------------------
       Mesh    1
       Max CFL number:  0.90E+00 at (42,44,30)
       Max divergence:  0.16E+02 at (42,44,7)
       Min divergence: -0.41E+01 at (43,45,12)
       Max VN number :  0.33E+00 at (41,33,51)
       Mesh    2
       Max CFL number:  0.58E+00 at (1,44,50)
       Max divergence:  0.14E+01 at (1,44,12)
       Min divergence: -0.35E+00 at (1,45,32)
       Max VN number :  0.29E+00 at (4,33,51)
       Mesh    3
       Max CFL number:  0.40E+00 at (40,3,51)
       Max divergence:  0.18E+00 at (41,1,26)
       Min divergence: -0.87E-01 at (40,14,50)
       Max VN number :  0.28E+00 at (37,14,51)
       Mesh    4
       Max CFL number:  0.55E+00 at (9,3,51)
       Max divergence:  0.50E-01 at (1,1,31)
       Min divergence: -0.80E-01 at (12,5,51)
       Max VN number :  0.25E+00 at (10,4,51)
 
       Time Step     8500   August  8, 2026  13:20:41
       Step Size:  0.118E-01 s, Total Time:   90.63463 s
       Pressure Iterations: 3
       Maximum Velocity Error:  0.16E-01 on Mesh 1 at (44,45,25)
       Maximum Pressure Error:  0.26E+03 on Mesh 1 at (41,43,13)
       Maximum CFL Number    :  0.89E+00 on Mesh 1 at (43,45,24)
       Maximum VN Number     :  0.43E+00 on Mesh 1 at (23,36,51)
       ---------------------------------------------------------------
       Mesh    1
       Max CFL number:  0.89E+00 at (43,45,24)
       Max divergence:  0.13E+02 at (41,43,7)
       Min divergence: -0.37E+01 at (41,42,12)
       Max VN number :  0.43E+00 at (23,36,51)
       Mesh    2
       Max CFL number:  0.53E+00 at (5,33,51)
       Max divergence:  0.38E+00 at (1,45,21)
       Min divergence: -0.48E+00 at (1,44,25)
       Max VN number :  0.32E+00 at (5,14,51)
       Mesh    3
       Max CFL number:  0.48E+00 at (35,1,51)
       Max divergence:  0.16E+00 at (42,1,23)
       Min divergence: -0.12E+00 at (43,2,37)
       Max VN number :  0.26E+00 at (38,23,51)
       Mesh    4
       Max CFL number:  0.48E+00 at (2,1,36)
       Max divergence:  0.93E-01 at (1,1,38)
       Min divergence: -0.17E+00 at (2,1,37)
       Max VN number :  0.33E+00 at (26,25,51)
 
       Time Step     8600   August  8, 2026  13:21:31
       Step Size:  0.100E-01 s, Total Time:   91.69072 s
       Pressure Iterations: 3
       Maximum Velocity Error:  0.12E-01 on Mesh 1 at (44,42,48)
       Maximum Pressure Error:  0.46E+03 on Mesh 1 at (43,42,11)
       Maximum CFL Number    :  0.86E+00 on Mesh 1 at (42,42,15)
       Maximum VN Number     :  0.32E+00 on Mesh 3 at (43,5,51)
       ---------------------------------------------------------------
       Mesh    1
       Max CFL number:  0.86E+00 at (42,42,15)
       Max divergence:  0.14E+02 at (41,44,7)
       Min divergence: -0.41E+01 at (43,42,11)
       Max VN number :  0.31E+00 at (44,46,51)
       Mesh    2
       Max CFL number:  0.46E+00 at (1,40,48)
       Max divergence:  0.25E+00 at (1,43,8)
       Min divergence: -0.24E+00 at (1,43,31)
       Max VN number :  0.27E+00 at (8,45,51)
       Mesh    3
       Max CFL number:  0.40E+00 at (44,5,51)
       Max divergence:  0.15E+00 at (41,1,22)
       Min divergence: -0.68E-01 at (43,5,51)
       Max VN number :  0.32E+00 at (43,5,51)
       Mesh    4
       Max CFL number:  0.41E+00 at (1,5,51)
       Max divergence:  0.57E-01 at (5,4,50)
       Min divergence: -0.69E-01 at (5,4,51)
       Max VN number :  0.22E+00 at (16,19,51)
 
       Time Step     8700   August  8, 2026  13:22:22
       Step Size:  0.106E-01 s, Total Time:   92.71410 s
       Pressure Iterations: 3
       Maximum Velocity Error:  0.21E-01 on Mesh 2 at (0,40,41)
       Maximum Pressure Error:  0.39E+03 on Mesh 1 at (42,44,14)
       Maximum CFL Number    :  0.83E+00 on Mesh 1 at (41,43,21)
       Maximum VN Number     :  0.35E+00 on Mesh 1 at (39,34,51)
       ---------------------------------------------------------------
       Mesh    1
       Max CFL number:  0.83E+00 at (41,43,21)
       Max divergence:  0.13E+02 at (42,42,7)
       Min divergence: -0.28E+01 at (42,43,12)
       Max VN number :  0.35E+00 at (39,34,51)
       Mesh    2
       Max CFL number:  0.54E+00 at (1,41,51)
       Max divergence:  0.27E+00 at (2,40,36)
       Min divergence: -0.32E+00 at (1,40,36)
       Max VN number :  0.33E+00 at (21,37,51)
       Mesh    3
       Max CFL number:  0.46E+00 at (40,3,51)
       Max divergence:  0.49E-01 at (39,1,46)
       Min divergence: -0.79E-01 at (40,1,46)
       Max VN number :  0.30E+00 at (18,1,51)
       Mesh    4
       Max CFL number:  0.42E+00 at (14,1,51)
       Max divergence:  0.46E-01 at (2,1,50)
       Min divergence: -0.43E-01 at (16,7,51)
       Max VN number :  0.27E+00 at (25,17,51)
 
       Time Step     8800   August  8, 2026  13:23:11
       Step Size:  0.104E-01 s, Total Time:   93.71444 s
       Pressure Iterations: 3
       Maximum Velocity Error:  0.25E-01 on Mesh 1 at (44,42,31)
       Maximum Pressure Error:  0.21E+03 on Mesh 1 at (41,42,14)
       Maximum CFL Number    :  0.88E+00 on Mesh 1 at (43,42,30)
       Maximum VN Number     :  0.33E+00 on Mesh 1 at (43,40,27)
       ---------------------------------------------------------------
       Mesh    1
       Max CFL number:  0.88E+00 at (43,42,30)
       Max divergence:  0.13E+02 at (41,42,7)
       Min divergence: -0.33E+01 at (41,43,15)
       Max VN number :  0.33E+00 at (43,40,27)
       Mesh    2
       Max CFL number:  0.50E+00 at (9,43,51)
       Max divergence:  0.57E+00 at (1,41,25)
       Min divergence: -0.26E+00 at (1,43,24)
       Max VN number :  0.28E+00 at (34,33,51)
       Mesh    3
       Max CFL number:  0.45E+00 at (43,1,37)
       Max divergence:  0.18E+00 at (41,1,39)
       Min divergence: -0.15E+00 at (43,4,39)
       Max VN number :  0.32E+00 at (22,12,51)
       Mesh    4
       Max CFL number:  0.44E+00 at (8,24,51)
       Max divergence:  0.92E-01 at (2,2,38)
       Min divergence: -0.14E+00 at (2,1,37)
       Max VN number :  0.20E+00 at (1,25,51)
 
       Time Step     8900   August  8, 2026  13:24:00
       Step Size:  0.985E-02 s, Total Time:   94.72815 s
       Pressure Iterations: 4
       Maximum Velocity Error:  0.11E-01 on Mesh 1 at (44,44,22)
       Maximum Pressure Error:  0.33E+03 on Mesh 1 at (42,45,20)
       Maximum CFL Number    :  0.98E+00 on Mesh 1 at (42,45,19)
       Maximum VN Number     :  0.34E+00 on Mesh 3 at (33,24,51)
       ---------------------------------------------------------------
       Mesh    1
       Max CFL number:  0.98E+00 at (42,45,19)
       Max divergence:  0.16E+02 at (41,43,7)
       Min divergence: -0.40E+01 at (43,42,10)
       Max VN number :  0.31E+00 at (42,45,19)
       Mesh    2
       Max CFL number:  0.49E+00 at (1,44,19)
       Max divergence:  0.95E+00 at (1,45,19)
       Min divergence: -0.14E+01 at (1,44,19)
       Max VN number :  0.23E+00 at (26,2,51)
       Mesh    3
       Max CFL number:  0.38E+00 at (32,9,51)
       Max divergence:  0.34E+00 at (42,1,18)
       Min divergence: -0.88E-01 at (44,1,34)
       Max VN number :  0.34E+00 at (33,24,51)
       Mesh    4
       Max CFL number:  0.38E+00 at (14,3,51)
       Max divergence:  0.88E-01 at (1,1,33)
       Min divergence: -0.84E-01 at (13,1,51)
       Max VN number :  0.21E+00 at (9,41,51)
 
       Time Step     9000   August  8, 2026  13:24:50
       Step Size:  0.101E-01 s, Total Time:   95.72102 s
       Pressure Iterations: 3
       Maximum Velocity Error:  0.25E-01 on Mesh 1 at (44,42,30)
       Maximum Pressure Error:  0.26E+03 on Mesh 1 at (41,42,10)
       Maximum CFL Number    :  0.85E+00 on Mesh 1 at (42,43,31)
       Maximum VN Number     :  0.37E+00 on Mesh 2 at (3,42,51)
       ---------------------------------------------------------------
       Mesh    1
       Max CFL number:  0.85E+00 at (42,43,31)
       Max divergence:  0.16E+02 at (42,44,7)
       Min divergence: -0.43E+01 at (41,42,10)
       Max VN number :  0.26E+00 at (20,37,51)
       Mesh    2
       Max CFL number:  0.61E+00 at (3,43,51)
       Max divergence:  0.42E+00 at (1,41,30)
       Min divergence: -0.42E+00 at (1,42,31)
       Max VN number :  0.37E+00 at (3,42,51)
       Mesh    3
       Max CFL number:  0.49E+00 at (44,1,51)
       Max divergence:  0.14E+00 at (40,1,21)
       Min divergence: -0.12E+00 at (41,5,50)
       Max VN number :  0.25E+00 at (39,27,51)
       Mesh    4
       Max CFL number:  0.56E+00 at (4,1,51)
       Max divergence:  0.76E-01 at (1,1,47)
       Min divergence: -0.81E-01 at (2,3,51)
       Max VN number :  0.25E+00 at (28,22,51)
 
       Time Step     9100   August  8, 2026  13:25:39
       Step Size:  0.859E-02 s, Total Time:   96.75155 s
       Pressure Iterations: 4
       Maximum Velocity Error:  0.14E-01 on Mesh 1 at (44,44,16)
       Maximum Pressure Error:  0.40E+03 on Mesh 1 at (41,44,11)
       Maximum CFL Number    :  0.88E+00 on Mesh 1 at (43,43,17)
       Maximum VN Number     :  0.31E+00 on Mesh 4 at (16,22,51)
       ---------------------------------------------------------------
       Mesh    1
       Max CFL number:  0.88E+00 at (43,43,17)
       Max divergence:  0.16E+02 at (43,42,7)
       Min divergence: -0.36E+01 at (41,44,10)
       Max VN number :  0.24E+00 at (42,10,51)
       Mesh    2
       Max CFL number:  0.43E+00 at (1,43,48)
       Max divergence:  0.97E+00 at (1,43,19)
       Min divergence: -0.86E+00 at (1,43,15)
       Max VN number :  0.24E+00 at (28,27,51)
       Mesh    3
       Max CFL number:  0.41E+00 at (42,1,40)
       Max divergence:  0.29E+00 at (42,1,16)
       Min divergence: -0.15E+00 at (42,1,43)
       Max VN number :  0.21E+00 at (36,30,51)
       Mesh    4
       Max CFL number:  0.32E+00 at (17,21,51)
       Max divergence:  0.60E-01 at (1,2,41)
       Min divergence: -0.91E-01 at (1,1,50)
       Max VN number :  0.31E+00 at (16,22,51)
 
       Time Step     9200   August  8, 2026  13:26:28
       Step Size:  0.108E-01 s, Total Time:   97.76349 s
       Pressure Iterations: 2
       Maximum Velocity Error:  0.23E-01 on Mesh 1 at (44,46,43)
       Maximum Pressure Error:  0.28E+03 on Mesh 1 at (41,42,10)
       Maximum CFL Number    :  0.96E+00 on Mesh 1 at (43,42,29)
       Maximum VN Number     :  0.50E+00 on Mesh 3 at (41,5,51)
       ---------------------------------------------------------------
       Mesh    1
       Max CFL number:  0.96E+00 at (43,42,29)
       Max divergence:  0.13E+02 at (41,42,7)
       Min divergence: -0.56E+01 at (41,42,10)
       Max VN number :  0.30E+00 at (36,39,51)
       Mesh    2
       Max CFL number:  0.59E+00 at (1,43,50)
       Max divergence:  0.42E+00 at (1,44,21)
       Min divergence: -0.19E+00 at (1,44,48)
       Max VN number :  0.34E+00 at (1,18,51)
       Mesh    3
       Max CFL number:  0.50E+00 at (44,3,51)
       Max divergence:  0.12E+00 at (44,2,41)
       Min divergence: -0.16E+00 at (41,6,51)
       Max VN number :  0.50E+00 at (41,5,51)
       Mesh    4
       Max CFL number:  0.48E+00 at (1,3,51)
       Max divergence:  0.88E-01 at (2,1,43)
       Min divergence: -0.74E-01 at (5,2,51)
       Max VN number :  0.27E+00 at (11,40,51)
 
       Time Step     9300   August  8, 2026  13:27:17
       Step Size:  0.104E-01 s, Total Time:   98.81338 s
       Pressure Iterations: 4
       Maximum Velocity Error:  0.16E-01 on Mesh 2 at (0,43,33)
       Maximum Pressure Error:  0.56E+03 on Mesh 1 at (42,42,15)
       Maximum CFL Number    :  0.86E+00 on Mesh 1 at (42,42,27)
       Maximum VN Number     :  0.41E+00 on Mesh 3 at (33,10,51)
       ---------------------------------------------------------------
       Mesh    1
       Max CFL number:  0.86E+00 at (42,42,27)
       Max divergence:  0.13E+02 at (41,43,7)
       Min divergence: -0.33E+01 at (42,42,14)
       Max VN number :  0.33E+00 at (43,24,51)
       Mesh    2
       Max CFL number:  0.65E+00 at (1,44,34)
       Max divergence:  0.16E+01 at (1,42,9)
       Min divergence: -0.36E+00 at (1,44,35)
       Max VN number :  0.27E+00 at (14,40,51)
       Mesh    3
       Max CFL number:  0.45E+00 at (33,8,51)
       Max divergence:  0.12E+00 at (41,1,44)
       Min divergence: -0.13E+00 at (42,1,27)
       Max VN number :  0.41E+00 at (33,10,51)
       Mesh    4
       Max CFL number:  0.41E+00 at (2,4,51)
       Max divergence:  0.56E-01 at (1,1,27)
       Min divergence: -0.61E-01 at (2,1,51)
       Max VN number :  0.31E+00 at (28,12,51)
 
       Time Step     9400   August  8, 2026  13:28:06
       Step Size:  0.106E-01 s, Total Time:   99.85029 s
       Pressure Iterations: 3
       Maximum Velocity Error:  0.22E-01 on Mesh 1 at (41,46,32)
       Maximum Pressure Error:  0.30E+03 on Mesh 1 at (42,44,11)
       Maximum CFL Number    :  0.93E+00 on Mesh 1 at (40,44,22)
       Maximum VN Number     :  0.39E+00 on Mesh 4 at (1,6,51)
       ---------------------------------------------------------------
       Mesh    1
       Max CFL number:  0.93E+00 at (40,44,22)
       Max divergence:  0.15E+02 at (41,42,7)
       Min divergence: -0.57E+01 at (42,43,11)
       Max VN number :  0.37E+00 at (37,38,51)
       Mesh    2
       Max CFL number:  0.59E+00 at (1,39,32)
       Max divergence:  0.49E+00 at (1,44,8)
       Min divergence: -0.34E+00 at (1,44,21)
       Max VN number :  0.29E+00 at (22,18,51)
       Mesh    3
       Max CFL number:  0.59E+00 at (44,7,51)
       Max divergence:  0.35E+00 at (40,1,34)
       Min divergence: -0.22E+00 at (40,1,32)
       Max VN number :  0.32E+00 at (31,10,51)
       Mesh    4
       Max CFL number:  0.58E+00 at (1,7,51)
       Max divergence:  0.83E-01 at (2,3,50)
       Min divergence: -0.90E-01 at (1,7,50)
       Max VN number :  0.39E+00 at (1,6,51)
 
       Time Step     9500   August  8, 2026  13:28:55
       Step Size:  0.938E-02 s, Total Time:  100.84908 s
       Pressure Iterations: 3
       Maximum Velocity Error:  0.21E-01 on Mesh 1 at (44,42,32)
       Maximum Pressure Error:  0.62E+03 on Mesh 1 at (42,44,18)
       Maximum CFL Number    :  0.92E+00 on Mesh 1 at (40,44,19)
       Maximum VN Number     :  0.30E+00 on Mesh 2 at (17,29,51)
       ---------------------------------------------------------------
       Mesh    1
       Max CFL number:  0.92E+00 at (40,44,19)
       Max divergence:  0.14E+02 at (43,44,7)
       Min divergence: -0.70E+01 at (43,45,14)
       Max VN number :  0.29E+00 at (40,43,22)
       Mesh    2
       Max CFL number:  0.71E+00 at (1,42,30)
       Max divergence:  0.19E+01 at (1,44,13)
       Min divergence: -0.69E+00 at (1,42,31)
       Max VN number :  0.30E+00 at (17,29,51)
       Mesh    3
       Max CFL number:  0.52E+00 at (43,1,29)
       Max divergence:  0.34E+00 at (43,1,33)
       Min divergence: -0.44E+00 at (44,1,32)
       Max VN number :  0.28E+00 at (16,9,51)
       Mesh    4
       Max CFL number:  0.40E+00 at (3,9,51)
       Max divergence:  0.19E+00 at (1,1,33)
       Min divergence: -0.21E+00 at (1,1,31)
       Max VN number :  0.27E+00 at (22,6,51)
 
       Time Step     9600   August  8, 2026  13:29:44
       Step Size:  0.103E-01 s, Total Time:  101.79576 s
       Pressure Iterations: 4
       Maximum Velocity Error:  0.19E-01 on Mesh 1 at (44,42,32)
       Maximum Pressure Error:  0.79E+03 on Mesh 1 at (41,43,14)
       Maximum CFL Number    :  0.90E+00 on Mesh 1 at (42,44,19)
       Maximum VN Number     :  0.40E+00 on Mesh 3 at (31,1,51)
       ---------------------------------------------------------------
       Mesh    1
       Max CFL number:  0.90E+00 at (42,44,19)
       Max divergence:  0.13E+02 at (43,42,7)
       Min divergence: -0.29E+01 at (42,43,17)
       Max VN number :  0.37E+00 at (2,39,51)
       Mesh    2
       Max CFL number:  0.69E+00 at (1,41,30)
       Max divergence:  0.18E+01 at (1,42,10)
       Min divergence: -0.86E+00 at (1,42,33)
       Max VN number :  0.31E+00 at (21,42,51)
       Mesh    3
       Max CFL number:  0.61E+00 at (32,2,51)
       Max divergence:  0.17E+00 at (42,1,39)
       Min divergence: -0.18E+00 at (41,1,39)
       Max VN number :  0.40E+00 at (31,1,51)
       Mesh    4
       Max CFL number:  0.57E+00 at (1,1,51)
       Max divergence:  0.99E-01 at (2,10,49)
       Min divergence: -0.10E+00 at (10,2,51)
       Max VN number :  0.23E+00 at (19,33,51)
 
       Time Step     9700   August  8, 2026  13:30:33
       Step Size:  0.931E-02 s, Total Time:  102.79996 s
       Pressure Iterations: 3
       Maximum Velocity Error:  0.23E-01 on Mesh 1 at (44,43,36)
       Maximum Pressure Error:  0.33E+03 on Mesh 1 at (43,43,21)
       Maximum CFL Number    :  0.88E+00 on Mesh 1 at (42,42,25)
       Maximum VN Number     :  0.34E+00 on Mesh 2 at (2,31,51)
       ---------------------------------------------------------------
       Mesh    1
       Max CFL number:  0.88E+00 at (42,42,25)
       Max divergence:  0.13E+02 at (43,44,7)
       Min divergence: -0.41E+01 at (43,42,13)
       Max VN number :  0.32E+00 at (10,29,51)
       Mesh    2
       Max CFL number:  0.46E+00 at (3,32,51)
       Max divergence:  0.57E+00 at (1,42,11)
       Min divergence: -0.25E+00 at (1,39,40)
       Max VN number :  0.34E+00 at (2,31,51)
       Mesh    3
       Max CFL number:  0.51E+00 at (42,6,51)
       Max divergence:  0.18E+00 at (40,1,25)
       Min divergence: -0.16E+00 at (41,6,51)
       Max VN number :  0.31E+00 at (12,18,51)
       Mesh    4
       Max CFL number:  0.50E+00 at (2,4,51)
       Max divergence:  0.99E-01 at (2,6,50)
       Min divergence: -0.12E+00 at (2,6,51)
       Max VN number :  0.22E+00 at (24,3,51)
 
       Time Step     9800   August  8, 2026  13:31:22
       Step Size:  0.991E-02 s, Total Time:  103.76544 s
       Pressure Iterations: 3
       Maximum Velocity Error:  0.18E-01 on Mesh 1 at (44,42,42)
       Maximum Pressure Error:  0.25E+03 on Mesh 1 at (42,44,25)
       Maximum CFL Number    :  0.87E+00 on Mesh 1 at (42,44,24)
       Maximum VN Number     :  0.38E+00 on Mesh 4 at (1,11,51)
       ---------------------------------------------------------------
       Mesh    1
       Max CFL number:  0.87E+00 at (42,44,24)
       Max divergence:  0.13E+02 at (41,43,7)
       Min divergence: -0.39E+01 at (42,43,11)
       Max VN number :  0.35E+00 at (16,2,51)
       Mesh    2
       Max CFL number:  0.58E+00 at (1,44,49)
       Max divergence:  0.60E+00 at (1,43,22)
       Min divergence: -0.31E+00 at (1,42,40)
       Max VN number :  0.35E+00 at (2,19,51)
       Mesh    3
       Max CFL number:  0.47E+00 at (41,9,51)
       Max divergence:  0.26E+00 at (42,1,41)
       Min divergence: -0.17E+00 at (44,2,43)
       Max VN number :  0.37E+00 at (44,11,51)
       Mesh    4
       Max CFL number:  0.42E+00 at (1,1,41)
       Max divergence:  0.21E+00 at (1,1,43)
       Min divergence: -0.19E+00 at (2,1,43)
       Max VN number :  0.38E+00 at (1,11,51)
 
       Time Step     9900   August  8, 2026  13:32:10
       Step Size:  0.105E-01 s, Total Time:  104.71726 s
       Pressure Iterations: 2
       Maximum Velocity Error:  0.19E-01 on Mesh 1 at (44,43,27)
       Maximum Pressure Error:  0.23E+03 on Mesh 1 at (42,42,11)
       Maximum CFL Number    :  0.88E+00 on Mesh 1 at (41,43,36)
       Maximum VN Number     :  0.47E+00 on Mesh 1 at (41,45,51)
       ---------------------------------------------------------------
       Mesh    1
       Max CFL number:  0.88E+00 at (41,43,36)
       Max divergence:  0.13E+02 at (42,42,7)
       Min divergence: -0.28E+01 at (42,43,13)
       Max VN number :  0.47E+00 at (41,45,51)
       Mesh    2
       Max CFL number:  0.50E+00 at (1,43,30)
       Max divergence:  0.53E+00 at (1,44,8)
       Min divergence: -0.70E+00 at (1,43,30)
       Max VN number :  0.30E+00 at (25,38,51)
       Mesh    3
       Max CFL number:  0.55E+00 at (42,10,51)
       Max divergence:  0.19E+00 at (43,1,28)
       Min divergence: -0.99E-01 at (42,9,51)
       Max VN number :  0.34E+00 at (14,23,51)
       Mesh    4
       Max CFL number:  0.51E+00 at (4,4,51)
       Max divergence:  0.93E-01 at (4,2,50)
       Min divergence: -0.98E-01 at (4,3,51)
       Max VN number :  0.28E+00 at (3,4,51)
 
       Time Step    10000   August  8, 2026  13:32:58
       Step Size:  0.108E-01 s, Total Time:  105.68818 s
       Pressure Iterations: 4
       Maximum Velocity Error:  0.13E-01 on Mesh 1 at (44,44,32)
       Maximum Pressure Error:  0.31E+03 on Mesh 1 at (41,43,12)
       Maximum CFL Number    :  0.85E+00 on Mesh 1 at (44,44,34)
       Maximum VN Number     :  0.41E+00 on Mesh 2 at (16,45,51)
       ---------------------------------------------------------------
       Mesh    1
       Max CFL number:  0.85E+00 at (44,44,34)
       Max divergence:  0.12E+02 at (41,43,7)
       Min divergence: -0.36E+01 at (41,43,11)
       Max VN number :  0.34E+00 at (18,17,51)
       Mesh    2
       Max CFL number:  0.68E+00 at (1,44,31)
       Max divergence:  0.31E+00 at (1,42,35)
       Min divergence: -0.32E+00 at (1,42,33)
       Max VN number :  0.41E+00 at (16,45,51)
       Mesh    3
       Max CFL number:  0.53E+00 at (38,5,51)
       Max divergence:  0.17E+00 at (44,1,36)
       Min divergence: -0.15E+00 at (38,6,51)
       Max VN number :  0.32E+00 at (19,20,51)
       Mesh    4
       Max CFL number:  0.48E+00 at (1,1,51)
       Max divergence:  0.16E+00 at (1,2,50)
       Min divergence: -0.11E+00 at (2,2,51)
       Max VN number :  0.36E+00 at (13,9,51)
 
       Time Step    10100   August  8, 2026  13:33:47
       Step Size:  0.980E-02 s, Total Time:  106.71649 s
       Pressure Iterations: 5
       Maximum Velocity Error:  0.20E-01 on Mesh 1 at (40,42,5)
       Maximum Pressure Error:  0.17E+04 on Mesh 1 at (41,42,6)
       Maximum CFL Number    :  0.87E+00 on Mesh 1 at (41,43,24)
       Maximum VN Number     :  0.46E+00 on Mesh 4 at (18,1,51)
       ---------------------------------------------------------------
       Mesh    1
       Max CFL number:  0.87E+00 at (41,43,24)
       Max divergence:  0.11E+02 at (41,42,7)
       Min divergence: -0.33E+01 at (41,42,11)
       Max VN number :  0.24E+00 at (41,42,10)
       Mesh    2
       Max CFL number:  0.43E+00 at (7,32,51)
       Max divergence:  0.11E+01 at (1,44,13)
       Min divergence: -0.36E+00 at (1,44,27)
       Max VN number :  0.27E+00 at (15,25,51)
       Mesh    3
       Max CFL number:  0.42E+00 at (39,3,51)
       Max divergence:  0.17E+00 at (43,1,11)
       Min divergence: -0.17E+00 at (42,1,31)
       Max VN number :  0.29E+00 at (31,2,51)
       Mesh    4
       Max CFL number:  0.51E+00 at (17,3,51)
       Max divergence:  0.83E-01 at (1,4,50)
       Min divergence: -0.78E-01 at (1,4,51)
       Max VN number :  0.46E+00 at (18,1,51)
 
       Time Step    10200   August  8, 2026  13:34:35
       Step Size:  0.108E-01 s, Total Time:  107.75847 s
       Pressure Iterations: 3
       Maximum Velocity Error:  0.19E-01 on Mesh 1 at (44,44,43)
       Maximum Pressure Error:  0.65E+03 on Mesh 1 at (43,42,7)
       Maximum CFL Number    :  0.84E+00 on Mesh 1 at (43,43,18)
       Maximum VN Number     :  0.39E+00 on Mesh 2 at (26,13,51)
       ---------------------------------------------------------------
       Mesh    1
       Max CFL number:  0.84E+00 at (43,43,18)
       Max divergence:  0.15E+02 at (43,42,7)
       Min divergence: -0.38E+01 at (42,43,13)
       Max VN number :  0.30E+00 at (14,35,51)
       Mesh    2
       Max CFL number:  0.58E+00 at (1,44,43)
       Max divergence:  0.74E+00 at (1,44,16)
       Min divergence: -0.32E+00 at (1,45,44)
       Max VN number :  0.39E+00 at (26,13,51)
       Mesh    3
       Max CFL number:  0.59E+00 at (38,1,51)
       Max divergence:  0.87E-01 at (44,1,39)
       Min divergence: -0.10E+00 at (44,1,37)
       Max VN number :  0.28E+00 at (43,16,51)
       Mesh    4
       Max CFL number:  0.41E+00 at (3,3,51)
       Max divergence:  0.11E+00 at (1,1,38)
       Min divergence: -0.72E-01 at (2,10,51)
       Max VN number :  0.27E+00 at (23,24,51)
 
       Time Step    10300   August  8, 2026  13:35:24
       Step Size:  0.104E-01 s, Total Time:  108.80837 s
       Pressure Iterations: 6
       Maximum Velocity Error:  0.23E-01 on Mesh 1 at (43,41,5)
       Maximum Pressure Error:  0.11E+04 on Mesh 1 at (43,42,6)
       Maximum CFL Number    :  0.86E+00 on Mesh 1 at (42,44,21)
       Maximum VN Number     :  0.34E+00 on Mesh 2 at (12,40,51)
       ---------------------------------------------------------------
       Mesh    1
       Max CFL number:  0.86E+00 at (42,44,21)
       Max divergence:  0.22E+02 at (43,42,6)
       Min divergence: -0.47E+01 at (43,42,12)
       Max VN number :  0.33E+00 at (26,45,51)
       Mesh    2
       Max CFL number:  0.45E+00 at (2,46,38)
       Max divergence:  0.50E+00 at (1,43,20)
       Min divergence: -0.60E+00 at (1,44,22)
       Max VN number :  0.34E+00 at (12,40,51)
       Mesh    3
       Max CFL number:  0.42E+00 at (43,1,35)
       Max divergence:  0.13E+00 at (42,2,36)
       Min divergence: -0.19E+00 at (44,1,40)
       Max VN number :  0.28E+00 at (40,5,51)
       Mesh    4
       Max CFL number:  0.48E+00 at (2,1,37)
       Max divergence:  0.70E-01 at (3,2,38)
       Min divergence: -0.14E+00 at (2,1,38)
       Max VN number :  0.27E+00 at (14,22,51)
 
       Time Step    10400   August  8, 2026  13:36:13
       Step Size:  0.109E-01 s, Total Time:  109.85216 s
       Pressure Iterations: 3
       Maximum Velocity Error:  0.18E-01 on Mesh 1 at (40,46,45)
       Maximum Pressure Error:  0.59E+03 on Mesh 1 at (42,44,11)
       Maximum CFL Number    :  0.89E+00 on Mesh 1 at (41,45,23)
       Maximum VN Number     :  0.40E+00 on Mesh 1 at (41,46,51)
       ---------------------------------------------------------------
       Mesh    1
       Max CFL number:  0.89E+00 at (41,45,23)
       Max divergence:  0.16E+02 at (43,43,7)
       Min divergence: -0.37E+01 at (42,43,14)
       Max VN number :  0.40E+00 at (41,46,51)
       Mesh    2
       Max CFL number:  0.49E+00 at (5,43,51)
       Max divergence:  0.25E+00 at (1,43,13)
       Min divergence: -0.28E+00 at (1,41,31)
       Max VN number :  0.24E+00 at (18,45,51)
       Mesh    3
       Max CFL number:  0.45E+00 at (40,16,51)
       Max divergence:  0.48E+00 at (41,1,23)
       Min divergence: -0.13E+00 at (38,1,44)
       Max VN number :  0.30E+00 at (34,23,51)
       Mesh    4
       Max CFL number:  0.42E+00 at (1,3,51)
       Max divergence:  0.65E-01 at (1,1,27)
       Min divergence: -0.72E-01 at (2,3,51)
       Max VN number :  0.26E+00 at (23,12,51)
 
       Time Step    10500   August  8, 2026  13:37:02
       Step Size:  0.124E-01 s, Total Time:  110.88657 s
       Pressure Iterations: 3
       Maximum Velocity Error:  0.16E-01 on Mesh 1 at (40,46,49)
       Maximum Pressure Error:  0.21E+03 on Mesh 1 at (43,43,17)
       Maximum CFL Number    :  0.99E+00 on Mesh 1 at (43,43,18)
       Maximum VN Number     :  0.50E+00 on Mesh 4 at (1,3,51)
       ---------------------------------------------------------------
       Mesh    1
       Max CFL number:  0.99E+00 at (43,43,18)
       Max divergence:  0.18E+02 at (43,44,7)
       Min divergence: -0.40E+01 at (43,44,9)
       Max VN number :  0.35E+00 at (43,46,51)
       Mesh    2
       Max CFL number:  0.57E+00 at (1,46,51)
       Max divergence:  0.25E+00 at (1,44,9)
       Min divergence: -0.22E+00 at (1,44,33)
       Max VN number :  0.37E+00 at (26,13,51)
       Mesh    3
       Max CFL number:  0.71E+00 at (41,4,51)
       Max divergence:  0.98E-01 at (43,1,34)
       Min divergence: -0.19E+00 at (44,1,34)
       Max VN number :  0.29E+00 at (44,4,51)
       Mesh    4
       Max CFL number:  0.62E+00 at (1,2,51)
       Max divergence:  0.75E-01 at (2,1,32)
       Min divergence: -0.72E-01 at (1,1,34)
       Max VN number :  0.50E+00 at (1,3,51)
 
       Time Step    10600   August  8, 2026  13:37:50
       Step Size:  0.101E-01 s, Total Time:  111.92602 s
       Pressure Iterations: 3
       Maximum Velocity Error:  0.22E-01 on Mesh 1 at (43,44,6)
       Maximum Pressure Error:  0.13E+04 on Mesh 1 at (43,44,6)
       Maximum CFL Number    :  0.92E+00 on Mesh 1 at (42,44,32)
       Maximum VN Number     :  0.28E+00 on Mesh 1 at (36,44,51)
       ---------------------------------------------------------------
       Mesh    1
       Max CFL number:  0.92E+00 at (42,44,32)
       Max divergence:  0.14E+02 at (41,43,7)
       Min divergence: -0.41E+01 at (41,44,9)
       Max VN number :  0.28E+00 at (36,44,51)
       Mesh    2
       Max CFL number:  0.49E+00 at (1,45,40)
       Max divergence:  0.53E+00 at (1,44,14)
       Min divergence: -0.12E+00 at (1,46,42)
       Max VN number :  0.20E+00 at (5,32,51)
       Mesh    3
       Max CFL number:  0.47E+00 at (43,1,39)
       Max divergence:  0.33E+00 at (41,1,25)
       Min divergence: -0.16E+00 at (43,1,39)
       Max VN number :  0.27E+00 at (36,25,51)
       Mesh    4
       Max CFL number:  0.34E+00 at (12,4,51)
       Max divergence:  0.99E-01 at (1,1,41)
       Min divergence: -0.10E+00 at (1,1,40)
       Max VN number :  0.25E+00 at (26,3,51)
 
       Time Step    10700   August  8, 2026  13:38:39
       Step Size:  0.105E-01 s, Total Time:  112.97602 s
       Pressure Iterations: 4
       Maximum Velocity Error:  0.19E-01 on Mesh 1 at (40,44,6)
       Maximum Pressure Error:  0.15E+04 on Mesh 1 at (41,44,6)
       Maximum CFL Number    :  0.84E+00 on Mesh 1 at (42,44,23)
       Maximum VN Number     :  0.36E+00 on Mesh 3 at (42,19,51)
       ---------------------------------------------------------------
       Mesh    1
       Max CFL number:  0.84E+00 at (42,44,23)
       Max divergence:  0.14E+02 at (43,44,7)
       Min divergence: -0.26E+01 at (41,43,18)
       Max VN number :  0.30E+00 at (17,33,51)
       Mesh    2
       Max CFL number:  0.60E+00 at (1,43,46)
       Max divergence:  0.65E+00 at (1,43,15)
       Min divergence: -0.12E+01 at (1,44,19)
       Max VN number :  0.27E+00 at (15,35,51)
       Mesh    3
       Max CFL number:  0.48E+00 at (42,1,41)
       Max divergence:  0.10E+00 at (42,1,50)
       Min divergence: -0.13E+00 at (40,1,32)
       Max VN number :  0.36E+00 at (42,19,51)
       Mesh    4
       Max CFL number:  0.42E+00 at (2,1,51)
       Max divergence:  0.59E-01 at (2,3,50)
       Min divergence: -0.72E-01 at (1,2,50)
       Max VN number :  0.29E+00 at (21,8,51)
 
       Time Step    10800   August  8, 2026  13:39:27
       Step Size:  0.114E-01 s, Total Time:  114.07571 s
       Pressure Iterations: 3
       Maximum Velocity Error:  0.25E-01 on Mesh 1 at (44,42,35)
       Maximum Pressure Error:  0.44E+03 on Mesh 1 at (43,43,13)
       Maximum CFL Number    :  0.93E+00 on Mesh 1 at (43,44,43)
       Maximum VN Number     :  0.34E+00 on Mesh 4 at (11,24,51)
       ---------------------------------------------------------------
       Mesh    1
       Max CFL number:  0.93E+00 at (43,44,43)
       Max divergence:  0.16E+02 at (42,42,7)
       Min divergence: -0.44E+01 at (43,44,10)
       Max VN number :  0.32E+00 at (42,41,51)
       Mesh    2
       Max CFL number:  0.65E+00 at (1,41,45)
       Max divergence:  0.40E+00 at (1,41,21)
       Min divergence: -0.51E+00 at (1,42,22)
       Max VN number :  0.31E+00 at (36,31,51)
       Mesh    3
       Max CFL number:  0.46E+00 at (32,15,51)
       Max divergence:  0.16E+00 at (42,1,23)
       Min divergence: -0.24E+00 at (42,1,42)
       Max VN number :  0.32E+00 at (37,19,51)
       Mesh    4
       Max CFL number:  0.43E+00 at (1,1,35)
       Max divergence:  0.85E-01 at (2,2,36)
       Min divergence: -0.90E-01 at (2,1,36)
       Max VN number :  0.34E+00 at (11,24,51)
 
       Time Step    10900   August  8, 2026  13:40:16
       Step Size:  0.104E-01 s, Total Time:  115.12419 s
       Pressure Iterations: 4
       Maximum Velocity Error:  0.16E-01 on Mesh 1 at (44,41,28)
       Maximum Pressure Error:  0.69E+03 on Mesh 1 at (43,43,6)
       Maximum CFL Number    :  0.86E+00 on Mesh 1 at (43,42,27)
       Maximum VN Number     :  0.32E+00 on Mesh 1 at (23,29,51)
       ---------------------------------------------------------------
       Mesh    1
       Max CFL number:  0.86E+00 at (43,42,27)
       Max divergence:  0.14E+02 at (42,42,7)
       Min divergence: -0.29E+01 at (40,42,14)
       Max VN number :  0.32E+00 at (23,29,51)
       Mesh    2
       Max CFL number:  0.57E+00 at (1,43,51)
       Max divergence:  0.61E+00 at (1,43,23)
       Min divergence: -0.31E+00 at (1,41,29)
       Max VN number :  0.25E+00 at (16,17,51)
       Mesh    3
       Max CFL number:  0.51E+00 at (35,2,51)
       Max divergence:  0.12E+00 at (37,5,50)
       Min divergence: -0.13E+00 at (36,6,51)
       Max VN number :  0.32E+00 at (26,17,51)
       Mesh    4
       Max CFL number:  0.48E+00 at (1,9,51)
       Max divergence:  0.96E-01 at (1,1,49)
       Min divergence: -0.12E+00 at (2,9,51)
       Max VN number :  0.23E+00 at (6,19,51)
 
       Time Step    11000   August  8, 2026  13:41:05
       Step Size:  0.107E-01 s, Total Time:  116.13853 s
       Pressure Iterations: 4
       Maximum Velocity Error:  0.14E-01 on Mesh 2 at (0,42,36)
       Maximum Pressure Error:  0.26E+03 on Mesh 1 at (41,44,10)
       Maximum CFL Number    :  0.85E+00 on Mesh 1 at (44,43,36)
       Maximum VN Number     :  0.33E+00 on Mesh 2 at (2,44,51)
       ---------------------------------------------------------------
       Mesh    1
       Max CFL number:  0.85E+00 at (44,43,36)
       Max divergence:  0.17E+02 at (41,44,7)
       Min divergence: -0.74E+01 at (41,44,10)
       Max VN number :  0.30E+00 at (36,32,51)
       Mesh    2
       Max CFL number:  0.57E+00 at (1,42,40)
       Max divergence:  0.11E+01 at (1,42,12)
       Min divergence: -0.25E+00 at (1,41,27)
       Max VN number :  0.33E+00 at (2,44,51)
       Mesh    3
       Max CFL number:  0.42E+00 at (38,3,51)
       Max divergence:  0.20E+00 at (41,1,34)
       Min divergence: -0.58E-01 at (43,1,23)
       Max VN number :  0.29E+00 at (39,4,51)
       Mesh    4
       Max CFL number:  0.32E+00 at (1,1,51)
       Max divergence:  0.83E-01 at (3,1,42)
       Min divergence: -0.98E-01 at (2,1,42)
       Max VN number :  0.21E+00 at (35,40,51)
 
       Time Step    11100   August  8, 2026  13:41:54
       Step Size:  0.112E-01 s, Total Time:  117.19781 s
       Pressure Iterations: 4
       Maximum Velocity Error:  0.19E-01 on Mesh 2 at (0,44,37)
       Maximum Pressure Error:  0.67E+03 on Mesh 1 at (41,42,7)
       Maximum CFL Number    :  0.85E+00 on Mesh 1 at (41,40,30)
       Maximum VN Number     :  0.42E+00 on Mesh 2 at (12,25,51)
       ---------------------------------------------------------------
       Mesh    1
       Max CFL number:  0.85E+00 at (41,40,30)
       Max divergence:  0.12E+02 at (42,42,7)
       Min divergence: -0.34E+01 at (42,43,12)
       Max VN number :  0.33E+00 at (30,32,51)
       Mesh    2
       Max CFL number:  0.71E+00 at (1,44,38)
       Max divergence:  0.31E+00 at (1,42,30)
       Min divergence: -0.52E+00 at (1,44,32)
       Max VN number :  0.42E+00 at (12,25,51)
       Mesh    3
       Max CFL number:  0.53E+00 at (39,1,51)
       Max divergence:  0.11E+00 at (42,1,42)
       Min divergence: -0.17E+00 at (44,2,43)
       Max VN number :  0.28E+00 at (40,4,51)
       Mesh    4
       Max CFL number:  0.49E+00 at (3,3,51)
       Max divergence:  0.87E-01 at (1,1,43)
       Min divergence: -0.83E-01 at (2,1,39)
       Max VN number :  0.23E+00 at (11,17,51)
 
       Time Step    11200   August  8, 2026  13:42:43
       Step Size:  0.984E-02 s, Total Time:  118.30211 s
       Pressure Iterations: 2
       Maximum Velocity Error:  0.22E-01 on Mesh 1 at (44,44,24)
       Maximum Pressure Error:  0.15E+03 on Mesh 1 at (42,42,18)
       Maximum CFL Number    :  0.78E+00 on Mesh 1 at (42,42,16)
       Maximum VN Number     :  0.29E+00 on Mesh 2 at (8,38,51)
       ---------------------------------------------------------------
       Mesh    1
       Max CFL number:  0.78E+00 at (42,42,16)
       Max divergence:  0.16E+02 at (41,44,7)
       Min divergence: -0.37E+01 at (42,43,12)
       Max VN number :  0.27E+00 at (42,21,51)
       Mesh    2
       Max CFL number:  0.37E+00 at (7,37,51)
       Max divergence:  0.35E+00 at (1,44,23)
       Min divergence: -0.47E+00 at (1,43,20)
       Max VN number :  0.29E+00 at (8,38,51)
       Mesh    3
       Max CFL number:  0.44E+00 at (43,1,41)
       Max divergence:  0.21E+00 at (42,1,28)
       Min divergence: -0.23E+00 at (43,1,42)
       Max VN number :  0.25E+00 at (11,22,51)
       Mesh    4
       Max CFL number:  0.34E+00 at (11,31,51)
       Max divergence:  0.10E+00 at (2,1,38)
       Min divergence: -0.60E-01 at (1,1,35)
       Max VN number :  0.22E+00 at (7,15,51)
 
       Time Step    11300   August  8, 2026  13:43:32
       Step Size:  0.102E-01 s, Total Time:  119.40024 s
       Pressure Iterations: 3
       Maximum Velocity Error:  0.19E-01 on Mesh 1 at (44,42,23)
       Maximum Pressure Error:  0.38E+03 on Mesh 1 at (43,43,15)
       Maximum CFL Number    :  0.85E+00 on Mesh 1 at (43,43,15)
       Maximum VN Number     :  0.28E+00 on Mesh 3 at (21,27,51)
       ---------------------------------------------------------------
       Mesh    1
       Max CFL number:  0.85E+00 at (43,43,15)
       Max divergence:  0.14E+02 at (41,43,7)
       Min divergence: -0.41E+01 at (42,43,12)
       Max VN number :  0.27E+00 at (43,43,14)
       Mesh    2
       Max CFL number:  0.47E+00 at (1,43,24)
       Max divergence:  0.47E+00 at (1,43,13)
       Min divergence: -0.79E+00 at (1,43,24)
       Max VN number :  0.20E+00 at (19,36,51)
       Mesh    3
       Max CFL number:  0.62E+00 at (43,1,38)
       Max divergence:  0.19E+00 at (41,1,39)
       Min divergence: -0.22E+00 at (42,1,39)
       Max VN number :  0.28E+00 at (21,27,51)
       Mesh    4
       Max CFL number:  0.36E+00 at (13,4,51)
       Max divergence:  0.64E-01 at (2,1,37)
       Min divergence: -0.92E-01 at (1,1,36)
       Max VN number :  0.20E+00 at (39,3,51)
 
       Time Step    11400   August  8, 2026  13:44:21
       Step Size:  0.922E-02 s, Total Time:  120.43948 s
       Pressure Iterations: 3
       Maximum Velocity Error:  0.23E-01 on Mesh 1 at (44,43,40)
       Maximum Pressure Error:  0.26E+03 on Mesh 1 at (42,44,16)
       Maximum CFL Number    :  0.91E+00 on Mesh 1 at (41,43,21)
       Maximum VN Number     :  0.37E+00 on Mesh 1 at (44,43,51)
       ---------------------------------------------------------------
       Mesh    1
       Max CFL number:  0.91E+00 at (41,43,21)
       Max divergence:  0.14E+02 at (43,43,7)
       Min divergence: -0.43E+01 at (42,43,13)
       Max VN number :  0.37E+00 at (44,43,51)
       Mesh    2
       Max CFL number:  0.50E+00 at (1,41,38)
       Max divergence:  0.43E+00 at (1,42,26)
       Min divergence: -0.88E+00 at (1,43,26)
       Max VN number :  0.20E+00 at (16,15,51)
       Mesh    3
       Max CFL number:  0.44E+00 at (36,3,51)
       Max divergence:  0.56E-01 at (42,1,45)
       Min divergence: -0.76E-01 at (41,1,46)
       Max VN number :  0.20E+00 at (37,3,51)
       Mesh    4
       Max CFL number:  0.48E+00 at (1,1,51)
       Max divergence:  0.57E-01 at (1,1,47)
       Min divergence: -0.67E-01 at (1,1,43)
       Max VN number :  0.19E+00 at (6,9,51)
 
       Time Step    11500   August  8, 2026  13:45:09
       Step Size:  0.973E-02 s, Total Time:  121.49052 s
       Pressure Iterations: 2
       Maximum Velocity Error:  0.20E-01 on Mesh 1 at (44,44,37)
       Maximum Pressure Error:  0.37E+03 on Mesh 1 at (43,42,19)
       Maximum CFL Number    :  0.87E+00 on Mesh 1 at (43,42,18)
       Maximum VN Number     :  0.37E+00 on Mesh 1 at (39,39,51)
       ---------------------------------------------------------------
       Mesh    1
       Max CFL number:  0.87E+00 at (43,42,18)
       Max divergence:  0.16E+02 at (42,42,7)
       Min divergence: -0.31E+01 at (43,43,14)
       Max VN number :  0.37E+00 at (39,39,51)
       Mesh    2
       Max CFL number:  0.47E+00 at (2,23,51)
       Max divergence:  0.30E+00 at (1,43,21)
       Min divergence: -0.29E+00 at (1,43,33)
       Max VN number :  0.27E+00 at (22,25,51)
       Mesh    3
       Max CFL number:  0.48E+00 at (30,5,51)
       Max divergence:  0.11E+00 at (42,1,34)
       Min divergence: -0.16E+00 at (41,1,42)
       Max VN number :  0.28E+00 at (28,22,51)
       Mesh    4
       Max CFL number:  0.40E+00 at (1,6,51)
       Max divergence:  0.69E-01 at (3,1,50)
       Min divergence: -0.67E-01 at (2,1,51)
       Max VN number :  0.29E+00 at (2,23,51)
 
       Time Step    11600   August  8, 2026  13:45:58
       Step Size:  0.106E-01 s, Total Time:  122.51781 s
       Pressure Iterations: 3
       Maximum Velocity Error:  0.21E-01 on Mesh 1 at (44,41,36)
       Maximum Pressure Error:  0.26E+03 on Mesh 1 at (41,43,14)
       Maximum CFL Number    :  0.85E+00 on Mesh 1 at (42,42,18)
       Maximum VN Number     :  0.36E+00 on Mesh 1 at (35,43,51)
       ---------------------------------------------------------------
       Mesh    1
       Max CFL number:  0.85E+00 at (42,42,18)
       Max divergence:  0.16E+02 at (42,44,7)
       Min divergence: -0.38E+01 at (41,42,16)
       Max VN number :  0.36E+00 at (35,43,51)
       Mesh    2
       Max CFL number:  0.65E+00 at (1,41,35)
       Max divergence:  0.51E+00 at (1,43,19)
       Min divergence: -0.70E+00 at (1,44,18)
       Max VN number :  0.34E+00 at (40,46,51)
       Mesh    3
       Max CFL number:  0.45E+00 at (43,1,51)
       Max divergence:  0.15E+00 at (41,1,25)
       Min divergence: -0.12E+00 at (38,6,51)
       Max VN number :  0.24E+00 at (17,21,51)
       Mesh    4
       Max CFL number:  0.45E+00 at (1,1,51)
       Max divergence:  0.12E+00 at (1,1,40)
       Min divergence: -0.11E+00 at (1,1,50)
       Max VN number :  0.33E+00 at (38,24,51)
 
       Time Step    11700   August  8, 2026  13:46:46
       Step Size:  0.104E-01 s, Total Time:  123.50151 s
       Pressure Iterations: 4
       Maximum Velocity Error:  0.14E-01 on Mesh 1 at (44,41,43)
       Maximum Pressure Error:  0.46E+03 on Mesh 1 at (41,45,16)
       Maximum CFL Number    :  0.91E+00 on Mesh 1 at (43,43,29)
       Maximum VN Number     :  0.38E+00 on Mesh 1 at (29,41,51)
       ---------------------------------------------------------------
       Mesh    1
       Max CFL number:  0.91E+00 at (43,43,29)
       Max divergence:  0.16E+02 at (41,44,7)
       Min divergence: -0.29E+01 at (41,45,15)
       Max VN number :  0.38E+00 at (29,41,51)
       Mesh    2
       Max CFL number:  0.65E+00 at (1,41,43)
       Max divergence:  0.48E+00 at (1,43,19)
       Min divergence: -0.76E+00 at (1,44,18)
       Max VN number :  0.32E+00 at (1,15,51)
       Mesh    3
       Max CFL number:  0.48E+00 at (37,1,51)
       Max divergence:  0.31E+00 at (41,1,14)
       Min divergence: -0.12E+00 at (37,2,51)
       Max VN number :  0.29E+00 at (44,12,51)
       Mesh    4
       Max CFL number:  0.40E+00 at (1,13,51)
       Max divergence:  0.52E-01 at (8,2,50)
       Min divergence: -0.67E-01 at (2,4,50)
       Max VN number :  0.24E+00 at (24,25,51)
 
       Time Step    11800   August  8, 2026  13:47:36
       Step Size:  0.986E-02 s, Total Time:  124.55275 s
       Pressure Iterations: 2
       Maximum Velocity Error:  0.18E-01 on Mesh 2 at (0,44,24)
       Maximum Pressure Error:  0.20E+03 on Mesh 1 at (41,42,28)
       Maximum CFL Number    :  0.89E+00 on Mesh 1 at (41,42,27)
       Maximum VN Number     :  0.35E+00 on Mesh 2 at (15,25,51)
       ---------------------------------------------------------------
       Mesh    1
       Max CFL number:  0.89E+00 at (41,42,27)
       Max divergence:  0.13E+02 at (43,42,7)
       Min divergence: -0.25E+01 at (42,43,18)
       Max VN number :  0.30E+00 at (42,39,51)
       Mesh    2
       Max CFL number:  0.43E+00 at (2,43,51)
       Max divergence:  0.20E+00 at (1,43,7)
       Min divergence: -0.28E+00 at (1,44,24)
       Max VN number :  0.35E+00 at (15,25,51)
       Mesh    3
       Max CFL number:  0.48E+00 at (42,2,44)
       Max divergence:  0.18E+00 at (42,1,26)
       Min divergence: -0.19E+00 at (42,1,48)
       Max VN number :  0.27E+00 at (41,13,51)
       Mesh    4
       Max CFL number:  0.42E+00 at (1,2,51)
       Max divergence:  0.13E+00 at (2,4,50)
       Min divergence: -0.87E-01 at (2,11,51)
       Max VN number :  0.27E+00 at (4,14,51)
 
       Time Step    11900   August  8, 2026  13:48:23
       Step Size:  0.100E-01 s, Total Time:  125.56799 s
       Pressure Iterations: 3
       Maximum Velocity Error:  0.99E-02 on Mesh 1 at (41,46,32)
       Maximum Pressure Error:  0.21E+03 on Mesh 1 at (43,42,21)
       Maximum CFL Number    :  0.99E+00 on Mesh 1 at (43,42,20)
       Maximum VN Number     :  0.33E+00 on Mesh 1 at (43,42,20)
       ---------------------------------------------------------------
       Mesh    1
       Max CFL number:  0.99E+00 at (43,42,20)
       Max divergence:  0.14E+02 at (41,44,7)
       Min divergence: -0.27E+01 at (42,43,13)
       Max VN number :  0.33E+00 at (43,42,20)
       Mesh    2
       Max CFL number:  0.39E+00 at (14,36,51)
       Max divergence:  0.24E+00 at (1,43,32)
       Min divergence: -0.23E+00 at (1,42,41)
       Max VN number :  0.28E+00 at (35,22,51)
       Mesh    3
       Max CFL number:  0.48E+00 at (40,2,51)
       Max divergence:  0.25E+00 at (41,1,34)
       Min divergence: -0.11E+00 at (41,1,31)
       Max VN number :  0.24E+00 at (25,5,51)
       Mesh    4
       Max CFL number:  0.39E+00 at (4,23,51)
       Max divergence:  0.44E-01 at (2,1,50)
       Min divergence: -0.58E-01 at (1,5,50)
       Max VN number :  0.29E+00 at (10,6,51)
 
       Time Step    12000   August  8, 2026  13:49:12
       Step Size:  0.936E-02 s, Total Time:  126.50238 s
       Pressure Iterations: 3
       Maximum Velocity Error:  0.15E-01 on Mesh 2 at (0,44,36)
       Maximum Pressure Error:  0.17E+03 on Mesh 1 at (43,43,19)
       Maximum CFL Number    :  0.82E+00 on Mesh 1 at (41,42,31)
       Maximum VN Number     :  0.27E+00 on Mesh 1 at (33,23,51)
       ---------------------------------------------------------------
       Mesh    1
       Max CFL number:  0.82E+00 at (41,42,31)
       Max divergence:  0.18E+02 at (43,42,7)
       Min divergence: -0.39E+01 at (42,43,14)
       Max VN number :  0.27E+00 at (33,23,51)
       Mesh    2
       Max CFL number:  0.58E+00 at (1,45,35)
       Max divergence:  0.37E+00 at (1,45,39)
       Min divergence: -0.66E+00 at (1,45,36)
       Max VN number :  0.22E+00 at (12,44,51)
       Mesh    3
       Max CFL number:  0.46E+00 at (44,4,51)
       Max divergence:  0.23E+00 at (43,1,37)
       Min divergence: -0.32E+00 at (44,1,34)
       Max VN number :  0.25E+00 at (43,8,51)
       Mesh    4
       Max CFL number:  0.43E+00 at (1,4,51)
       Max divergence:  0.14E+00 at (2,1,33)
       Min divergence: -0.12E+00 at (1,1,32)
       Max VN number :  0.21E+00 at (4,40,51)
 
       Time Step    12100   August  8, 2026  13:50:00
       Step Size:  0.102E-01 s, Total Time:  127.48526 s
       Pressure Iterations: 2
       Maximum Velocity Error:  0.24E-01 on Mesh 1 at (44,42,37)
       Maximum Pressure Error:  0.29E+03 on Mesh 1 at (43,43,14)
       Maximum CFL Number    :  0.88E+00 on Mesh 1 at (41,42,25)
       Maximum VN Number     :  0.30E+00 on Mesh 1 at (28,45,51)
       ---------------------------------------------------------------
       Mesh    1
       Max CFL number:  0.88E+00 at (41,42,25)
       Max divergence:  0.16E+02 at (41,43,7)
       Min divergence: -0.28E+01 at (43,43,14)
       Max VN number :  0.30E+00 at (28,45,51)
       Mesh    2
       Max CFL number:  0.60E+00 at (2,43,42)
       Max divergence:  0.38E+00 at (2,41,37)
       Min divergence: -0.31E+00 at (2,44,40)
       Max VN number :  0.27E+00 at (12,11,51)
       Mesh    3
       Max CFL number:  0.44E+00 at (38,1,51)
       Max divergence:  0.18E+00 at (38,1,45)
       Min divergence: -0.76E-01 at (39,1,43)
       Max VN number :  0.30E+00 at (28,10,51)
       Mesh    4
       Max CFL number:  0.39E+00 at (1,3,50)
       Max divergence:  0.49E-01 at (4,5,48)
       Min divergence: -0.49E-01 at (20,2,51)
       Max VN number :  0.27E+00 at (20,1,51)
 
       Time Step    12200   August  8, 2026  13:50:50
       Step Size:  0.105E-01 s, Total Time:  128.47110 s
       Pressure Iterations: 4
       Maximum Velocity Error:  0.14E-01 on Mesh 1 at (44,43,46)
       Maximum Pressure Error:  0.44E+03 on Mesh 1 at (41,42,18)
       Maximum CFL Number    :  0.92E+00 on Mesh 1 at (41,43,32)
       Maximum VN Number     :  0.39E+00 on Mesh 3 at (15,9,51)
       ---------------------------------------------------------------
       Mesh    1
       Max CFL number:  0.92E+00 at (41,43,32)
       Max divergence:  0.19E+02 at (42,44,7)
       Min divergence: -0.36E+01 at (41,43,16)
       Max VN number :  0.36E+00 at (43,27,51)
       Mesh    2
       Max CFL number:  0.76E+00 at (2,43,42)
       Max divergence:  0.34E+00 at (1,43,48)
       Min divergence: -0.49E+00 at (1,44,48)
       Max VN number :  0.27E+00 at (4,31,51)
       Mesh    3
       Max CFL number:  0.46E+00 at (40,8,51)
       Max divergence:  0.62E-01 at (44,10,50)
       Min divergence: -0.72E-01 at (44,10,51)
       Max VN number :  0.39E+00 at (15,9,51)
       Mesh    4
       Max CFL number:  0.53E+00 at (4,5,51)
       Max divergence:  0.10E+00 at (6,4,50)
       Min divergence: -0.16E+00 at (5,4,51)
       Max VN number :  0.24E+00 at (5,4,51)
 
       Time Step    12300   August  8, 2026  13:51:39
       Step Size:  0.100E-01 s, Total Time:  129.43463 s
       Pressure Iterations: 4
       Maximum Velocity Error:  0.17E-01 on Mesh 1 at (44,44,31)
       Maximum Pressure Error:  0.24E+03 on Mesh 1 at (41,43,21)
       Maximum CFL Number    :  0.89E+00 on Mesh 1 at (41,43,21)
       Maximum VN Number     :  0.46E+00 on Mesh 1 at (31,33,51)
       ---------------------------------------------------------------
       Mesh    1
       Max CFL number:  0.89E+00 at (41,43,21)
       Max divergence:  0.21E+02 at (43,43,7)
       Min divergence: -0.38E+01 at (42,43,12)
       Max VN number :  0.46E+00 at (31,33,51)
       Mesh    2
       Max CFL number:  0.56E+00 at (1,44,49)
       Max divergence:  0.36E+00 at (1,44,31)
       Min divergence: -0.43E+00 at (1,42,34)
       Max VN number :  0.30E+00 at (1,40,51)
       Mesh    3
       Max CFL number:  0.54E+00 at (37,3,51)
       Max divergence:  0.17E+00 at (35,5,50)
       Min divergence: -0.14E+00 at (43,4,49)
       Max VN number :  0.30E+00 at (38,8,51)
       Mesh    4
       Max CFL number:  0.60E+00 at (1,1,49)
       Max divergence:  0.93E-01 at (2,3,49)
       Min divergence: -0.11E+00 at (2,2,49)
       Max VN number :  0.35E+00 at (18,13,51)
 
       Time Step    12400   August  8, 2026  13:52:29
       Step Size:  0.950E-02 s, Total Time:  130.40484 s
       Pressure Iterations: 4
       Maximum Velocity Error:  0.16E-01 on Mesh 2 at (0,41,25)
       Maximum Pressure Error:  0.33E+03 on Mesh 1 at (41,43,17)
       Maximum CFL Number    :  0.92E+00 on Mesh 1 at (42,41,33)
       Maximum VN Number     :  0.31E+00 on Mesh 2 at (14,43,51)
       ---------------------------------------------------------------
       Mesh    1
       Max CFL number:  0.92E+00 at (42,41,33)
       Max divergence:  0.16E+02 at (43,43,7)
       Min divergence: -0.34E+01 at (42,43,14)
       Max VN number :  0.29E+00 at (30,22,51)
       Mesh    2
       Max CFL number:  0.61E+00 at (1,41,25)
       Max divergence:  0.55E+00 at (1,44,10)
       Min divergence: -0.77E+00 at (1,41,24)
       Max VN number :  0.31E+00 at (14,43,51)
       Mesh    3
       Max CFL number:  0.45E+00 at (34,4,51)
       Max divergence:  0.16E+00 at (39,1,38)
       Min divergence: -0.18E+00 at (43,1,37)
       Max VN number :  0.24E+00 at (2,12,51)
       Mesh    4
       Max CFL number:  0.41E+00 at (10,2,51)
       Max divergence:  0.13E+00 at (8,11,50)
       Min divergence: -0.15E+00 at (8,11,51)
       Max VN number :  0.28E+00 at (8,10,51)
 
       Time Step    12500   August  8, 2026  13:53:18
       Step Size:  0.930E-02 s, Total Time:  131.31543 s
       Pressure Iterations: 4
       Maximum Velocity Error:  0.16E-01 on Mesh 1 at (44,46,35)
       Maximum Pressure Error:  0.34E+03 on Mesh 1 at (41,44,25)
       Maximum CFL Number    :  0.98E+00 on Mesh 1 at (41,44,24)
       Maximum VN Number     :  0.41E+00 on Mesh 3 at (20,6,51)
       ---------------------------------------------------------------
       Mesh    1
       Max CFL number:  0.98E+00 at (41,44,24)
       Max divergence:  0.18E+02 at (41,43,7)
       Min divergence: -0.34E+01 at (42,44,12)
       Max VN number :  0.31E+00 at (41,44,24)
       Mesh    2
       Max CFL number:  0.57E+00 at (4,43,51)
       Max divergence:  0.57E+00 at (1,46,37)
       Min divergence: -0.24E+00 at (1,45,37)
       Max VN number :  0.23E+00 at (3,37,51)
       Mesh    3
       Max CFL number:  0.47E+00 at (44,1,33)
       Max divergence:  0.60E+00 at (44,1,37)
       Min divergence: -0.49E+00 at (43,1,36)
       Max VN number :  0.41E+00 at (20,6,51)
       Mesh    4
       Max CFL number:  0.48E+00 at (1,1,51)
       Max divergence:  0.23E+00 at (1,1,36)
       Min divergence: -0.21E+00 at (1,1,33)
       Max VN number :  0.31E+00 at (4,14,51)
 
       Time Step    12600   August  8, 2026  13:54:07
       Step Size:  0.106E-01 s, Total Time:  132.31026 s
       Pressure Iterations: 3
       Maximum Velocity Error:  0.14E-01 on Mesh 1 at (44,45,27)
       Maximum Pressure Error:  0.36E+03 on Mesh 1 at (41,42,13)
       Maximum CFL Number    :  0.92E+00 on Mesh 1 at (42,44,23)
       Maximum VN Number     :  0.43E+00 on Mesh 3 at (39,18,51)
       ---------------------------------------------------------------
       Mesh    1
       Max CFL number:  0.92E+00 at (42,44,23)
       Max divergence:  0.18E+02 at (43,42,7)
       Min divergence: -0.38E+01 at (42,42,14)
       Max VN number :  0.35E+00 at (30,46,51)
       Mesh    2
       Max CFL number:  0.63E+00 at (3,45,30)
       Max divergence:  0.35E+00 at (1,43,7)
       Min divergence: -0.38E+00 at (1,44,34)
       Max VN number :  0.31E+00 at (4,39,51)
       Mesh    3
       Max CFL number:  0.54E+00 at (35,2,51)
       Max divergence:  0.13E+00 at (42,1,29)
       Min divergence: -0.12E+00 at (42,2,27)
       Max VN number :  0.43E+00 at (39,18,51)
       Mesh    4
       Max CFL number:  0.40E+00 at (28,21,51)
       Max divergence:  0.93E-01 at (8,1,49)
       Min divergence: -0.87E-01 at (1,1,26)
       Max VN number :  0.33E+00 at (27,22,51)
 
       Time Step    12700   August  8, 2026  13:54:56
       Step Size:  0.950E-02 s, Total Time:  133.27692 s
       Pressure Iterations: 3
       Maximum Velocity Error:  0.20E-01 on Mesh 1 at (41,46,35)
       Maximum Pressure Error:  0.23E+03 on Mesh 1 at (43,44,16)
       Maximum CFL Number    :  0.81E+00 on Mesh 1 at (43,45,43)
       Maximum VN Number     :  0.31E+00 on Mesh 1 at (41,36,51)
       ---------------------------------------------------------------
       Mesh    1
       Max CFL number:  0.81E+00 at (43,45,43)
       Max divergence:  0.22E+02 at (43,43,7)
       Min divergence: -0.40E+01 at (42,43,14)
       Max VN number :  0.31E+00 at (41,36,51)
       Mesh    2
       Max CFL number:  0.55E+00 at (2,41,48)
       Max divergence:  0.70E+00 at (1,43,22)
       Min divergence: -0.31E+00 at (1,42,32)
       Max VN number :  0.24E+00 at (22,27,51)
       Mesh    3
       Max CFL number:  0.47E+00 at (39,5,51)
       Max divergence:  0.36E+00 at (40,1,36)
       Min divergence: -0.53E+00 at (41,1,36)
       Max VN number :  0.24E+00 at (9,8,51)
       Mesh    4
       Max CFL number:  0.41E+00 at (1,5,51)
       Max divergence:  0.60E-01 at (1,1,38)
       Min divergence: -0.58E-01 at (7,3,40)
       Max VN number :  0.27E+00 at (39,34,51)
 
       Time Step    12800   August  8, 2026  13:55:44
       Step Size:  0.950E-02 s, Total Time:  134.22693 s
       Pressure Iterations: 3
       Maximum Velocity Error:  0.15E-01 on Mesh 1 at (44,43,30)
       Maximum Pressure Error:  0.23E+03 on Mesh 1 at (43,43,20)
       Maximum CFL Number    :  0.86E+00 on Mesh 1 at (42,43,23)
       Maximum VN Number     :  0.34E+00 on Mesh 2 at (2,41,51)
       ---------------------------------------------------------------
       Mesh    1
       Max CFL number:  0.86E+00 at (42,43,23)
       Max divergence:  0.18E+02 at (42,44,7)
       Min divergence: -0.36E+01 at (42,43,16)
       Max VN number :  0.31E+00 at (18,42,51)
       Mesh    2
       Max CFL number:  0.53E+00 at (7,33,51)
       Max divergence:  0.28E+00 at (1,44,30)
       Min divergence: -0.30E+00 at (1,43,31)
       Max VN number :  0.34E+00 at (2,41,51)
       Mesh    3
       Max CFL number:  0.51E+00 at (39,4,51)
       Max divergence:  0.13E+00 at (40,1,45)
       Min divergence: -0.15E+00 at (39,5,51)
       Max VN number :  0.31E+00 at (37,20,51)
       Mesh    4
       Max CFL number:  0.50E+00 at (2,2,51)
       Max divergence:  0.11E+00 at (5,4,50)
       Min divergence: -0.91E-01 at (4,2,51)
       Max VN number :  0.25E+00 at (7,7,51)
 
       Time Step    12900   August  8, 2026  13:56:32
       Step Size:  0.897E-02 s, Total Time:  135.14389 s
       Pressure Iterations: 4
       Maximum Velocity Error:  0.17E-01 on Mesh 1 at (44,42,39)
       Maximum Pressure Error:  0.30E+03 on Mesh 1 at (42,44,25)
       Maximum CFL Number    :  0.83E+00 on Mesh 1 at (43,40,38)
       Maximum VN Number     :  0.32E+00 on Mesh 1 at (38,37,51)
       ---------------------------------------------------------------
       Mesh    1
       Max CFL number:  0.83E+00 at (43,40,38)
       Max divergence:  0.18E+02 at (41,43,7)
       Min divergence: -0.30E+01 at (42,44,14)
       Max VN number :  0.32E+00 at (38,37,51)
       Mesh    2
       Max CFL number:  0.56E+00 at (1,42,39)
       Max divergence:  0.43E+00 at (1,42,25)
       Min divergence: -0.69E+00 at (1,42,40)
       Max VN number :  0.25E+00 at (40,45,51)
       Mesh    3
       Max CFL number:  0.43E+00 at (43,6,51)
       Max divergence:  0.21E+00 at (42,1,21)
       Min divergence: -0.32E+00 at (41,2,37)
       Max VN number :  0.29E+00 at (41,13,51)
       Mesh    4
       Max CFL number:  0.35E+00 at (9,24,51)
       Max divergence:  0.96E-01 at (1,7,50)
       Min divergence: -0.96E-01 at (1,7,51)
       Max VN number :  0.25E+00 at (12,39,51)
 
       Time Step    13000   August  8, 2026  13:57:22
       Step Size:  0.874E-02 s, Total Time:  136.05146 s
       Pressure Iterations: 3
       Maximum Velocity Error:  0.17E-01 on Mesh 1 at (44,42,35)
       Maximum Pressure Error:  0.48E+03 on Mesh 1 at (41,42,15)
       Maximum CFL Number    :  0.90E+00 on Mesh 1 at (41,42,14)
       Maximum VN Number     :  0.42E+00 on Mesh 1 at (40,24,51)
       ---------------------------------------------------------------
       Mesh    1
       Max CFL number:  0.90E+00 at (41,42,14)
       Max divergence:  0.17E+02 at (42,44,7)
       Min divergence: -0.34E+01 at (42,43,19)
       Max VN number :  0.42E+00 at (40,24,51)
       Mesh    2
       Max CFL number:  0.67E+00 at (1,43,33)
       Max divergence:  0.79E+00 at (2,43,35)
       Min divergence: -0.10E+01 at (2,44,35)
       Max VN number :  0.29E+00 at (17,46,51)
       Mesh    3
       Max CFL number:  0.62E+00 at (41,4,51)
       Max divergence:  0.14E+00 at (43,1,35)
       Min divergence: -0.19E+00 at (41,6,51)
       Max VN number :  0.24E+00 at (5,23,51)
       Mesh    4
       Max CFL number:  0.51E+00 at (1,4,51)
       Max divergence:  0.17E+00 at (2,1,33)
       Min divergence: -0.12E+00 at (1,4,51)
       Max VN number :  0.26E+00 at (12,3,51)
 
       Time Step    13100   August  8, 2026  13:58:10
       Step Size:  0.946E-02 s, Total Time:  136.93297 s
       Pressure Iterations: 3
       Maximum Velocity Error:  0.24E-01 on Mesh 1 at (43,46,29)
       Maximum Pressure Error:  0.52E+03 on Mesh 1 at (41,42,20)
       Maximum CFL Number    :  0.87E+00 on Mesh 1 at (41,42,20)
       Maximum VN Number     :  0.40E+00 on Mesh 2 at (6,46,51)
       ---------------------------------------------------------------
       Mesh    1
       Max CFL number:  0.87E+00 at (41,42,20)
       Max divergence:  0.22E+02 at (42,42,7)
       Min divergence: -0.34E+01 at (41,43,15)
       Max VN number :  0.31E+00 at (44,35,51)
       Mesh    2
       Max CFL number:  0.50E+00 at (1,36,51)
       Max divergence:  0.65E+00 at (1,43,24)
       Min divergence: -0.75E+00 at (1,43,21)
       Max VN number :  0.40E+00 at (6,46,51)
       Mesh    3
       Max CFL number:  0.55E+00 at (39,3,51)
       Max divergence:  0.36E+00 at (44,1,29)
       Min divergence: -0.84E+00 at (43,1,30)
       Max VN number :  0.36E+00 at (40,4,51)
       Mesh    4
       Max CFL number:  0.42E+00 at (1,1,51)
       Max divergence:  0.15E+00 at (1,1,26)
       Min divergence: -0.14E+00 at (21,23,51)
       Max VN number :  0.30E+00 at (21,22,51)
 
       Time Step    13200   August  8, 2026  13:58:59
       Step Size:  0.967E-02 s, Total Time:  137.90024 s
       Pressure Iterations: 4
       Maximum Velocity Error:  0.24E-01 on Mesh 1 at (44,43,42)
       Maximum Pressure Error:  0.28E+03 on Mesh 1 at (42,44,17)
       Maximum CFL Number    :  0.87E+00 on Mesh 1 at (42,42,30)
       Maximum VN Number     :  0.35E+00 on Mesh 2 at (33,18,51)
       ---------------------------------------------------------------
       Mesh    1
       Max CFL number:  0.87E+00 at (42,42,30)
       Max divergence:  0.19E+02 at (42,44,7)
       Min divergence: -0.34E+01 at (42,43,13)
       Max VN number :  0.26E+00 at (43,26,51)
       Mesh    2
       Max CFL number:  0.69E+00 at (1,43,42)
       Max divergence:  0.36E+00 at (1,43,16)
       Min divergence: -0.56E+00 at (1,43,43)
       Max VN number :  0.35E+00 at (33,18,51)
       Mesh    3
       Max CFL number:  0.60E+00 at (43,1,49)
       Max divergence:  0.16E+00 at (42,2,41)
       Min divergence: -0.23E+00 at (40,1,25)
       Max VN number :  0.26E+00 at (23,17,51)
       Mesh    4
       Max CFL number:  0.48E+00 at (6,6,51)
       Max divergence:  0.13E+00 at (1,1,38)
       Min divergence: -0.10E+00 at (10,5,51)
       Max VN number :  0.30E+00 at (15,37,51)
 
       Time Step    13300   August  8, 2026  13:59:48
       Step Size:  0.936E-02 s, Total Time:  138.85111 s
       Pressure Iterations: 3
       Maximum Velocity Error:  0.20E-01 on Mesh 1 at (44,41,43)
       Maximum Pressure Error:  0.23E+03 on Mesh 1 at (43,43,20)
       Maximum CFL Number    :  0.82E+00 on Mesh 1 at (43,43,34)
       Maximum VN Number     :  0.42E+00 on Mesh 1 at (25,46,51)
       ---------------------------------------------------------------
       Mesh    1
       Max CFL number:  0.82E+00 at (43,43,34)
       Max divergence:  0.17E+02 at (43,43,7)
       Min divergence: -0.31E+01 at (42,43,14)
       Max VN number :  0.42E+00 at (25,46,51)
       Mesh    2
       Max CFL number:  0.54E+00 at (1,41,44)
       Max divergence:  0.20E+00 at (1,40,38)
       Min divergence: -0.27E+00 at (1,41,44)
       Max VN number :  0.25E+00 at (5,28,51)
       Mesh    3
       Max CFL number:  0.63E+00 at (25,1,51)
       Max divergence:  0.26E+00 at (42,1,45)
       Min divergence: -0.18E+00 at (43,1,44)
       Max VN number :  0.24E+00 at (17,15,51)
       Mesh    4
       Max CFL number:  0.38E+00 at (18,7,51)
       Max divergence:  0.84E-01 at (2,1,43)
       Min divergence: -0.92E-01 at (1,13,51)
       Max VN number :  0.26E+00 at (17,9,51)
 
       Time Step    13400   August  8, 2026  14:00:37
       Step Size:  0.781E-02 s, Total Time:  139.78780 s
       Pressure Iterations: 3
       Maximum Velocity Error:  0.16E-01 on Mesh 2 at (0,41,41)
       Maximum Pressure Error:  0.44E+03 on Mesh 1 at (41,42,31)
       Maximum CFL Number    :  0.83E+00 on Mesh 1 at (41,42,31)
       Maximum VN Number     :  0.27E+00 on Mesh 1 at (40,38,51)
       ---------------------------------------------------------------
       Mesh    1
       Max CFL number:  0.83E+00 at (41,42,31)
       Max divergence:  0.17E+02 at (41,44,7)
       Min divergence: -0.30E+01 at (42,42,16)
       Max VN number :  0.27E+00 at (40,38,51)
       Mesh    2
       Max CFL number:  0.47E+00 at (1,41,41)
       Max divergence:  0.42E+00 at (1,43,23)
       Min divergence: -0.41E+00 at (1,41,42)
       Max VN number :  0.23E+00 at (11,27,51)
       Mesh    3
       Max CFL number:  0.47E+00 at (43,6,51)
       Max divergence:  0.38E+00 at (40,1,36)
       Min divergence: -0.34E+00 at (41,1,34)
       Max VN number :  0.26E+00 at (23,13,51)
       Mesh    4
       Max CFL number:  0.40E+00 at (1,1,46)
       Max divergence:  0.10E+00 at (1,3,42)
       Min divergence: -0.15E+00 at (2,1,44)
       Max VN number :  0.21E+00 at (3,5,51)
 
       Time Step    13500   August  8, 2026  14:01:26
       Step Size:  0.941E-02 s, Total Time:  140.65487 s
       Pressure Iterations: 3
       Maximum Velocity Error:  0.22E-01 on Mesh 1 at (40,46,22)
       Maximum Pressure Error:  0.33E+03 on Mesh 1 at (41,42,24)
       Maximum CFL Number    :  0.95E+00 on Mesh 1 at (41,42,24)
       Maximum VN Number     :  0.34E+00 on Mesh 1 at (35,32,51)
       ---------------------------------------------------------------
       Mesh    1
       Max CFL number:  0.95E+00 at (41,42,24)
       Max divergence:  0.17E+02 at (43,42,7)
       Min divergence: -0.39E+01 at (42,43,14)
       Max VN number :  0.34E+00 at (35,32,51)
       Mesh    2
       Max CFL number:  0.57E+00 at (1,41,50)
       Max divergence:  0.10E+01 at (1,44,29)
       Min divergence: -0.10E+01 at (2,45,29)
       Max VN number :  0.34E+00 at (18,42,51)
       Mesh    3
       Max CFL number:  0.50E+00 at (40,1,51)
       Max divergence:  0.33E+00 at (44,1,26)
       Min divergence: -0.29E+00 at (44,1,23)
       Max VN number :  0.28E+00 at (42,1,51)
       Mesh    4
       Max CFL number:  0.55E+00 at (4,2,51)
       Max divergence:  0.35E+00 at (1,1,26)
       Min divergence: -0.12E+00 at (5,7,50)
       Max VN number :  0.25E+00 at (1,25,51)
 
       Time Step    13600   August  8, 2026  14:02:15
       Step Size:  0.983E-02 s, Total Time:  141.57933 s
       Pressure Iterations: 3
       Maximum Velocity Error:  0.24E-01 on Mesh 1 at (41,46,22)
       Maximum Pressure Error:  0.29E+03 on Mesh 1 at (43,42,9)
       Maximum CFL Number    :  0.90E+00 on Mesh 1 at (42,45,29)
       Maximum VN Number     :  0.31E+00 on Mesh 2 at (7,12,51)
       ---------------------------------------------------------------
       Mesh    1
       Max CFL number:  0.90E+00 at (42,45,29)
       Max divergence:  0.16E+02 at (43,44,7)
       Min divergence: -0.38E+01 at (43,43,15)
       Max VN number :  0.28E+00 at (19,36,51)
       Mesh    2
       Max CFL number:  0.61E+00 at (2,44,36)
       Max divergence:  0.26E+01 at (1,42,12)
       Min divergence: -0.54E+00 at (3,44,37)
       Max VN number :  0.31E+00 at (7,12,51)
       Mesh    3
       Max CFL number:  0.48E+00 at (37,2,40)
       Max divergence:  0.47E+00 at (41,1,29)
       Min divergence: -0.45E+00 at (40,1,21)
       Max VN number :  0.25E+00 at (7,41,51)
       Mesh    4
       Max CFL number:  0.34E+00 at (26,14,51)
       Max divergence:  0.20E+00 at (1,1,32)
       Min divergence: -0.72E-01 at (1,1,30)
       Max VN number :  0.25E+00 at (9,7,51)
 
       Time Step    13700   August  8, 2026  14:03:05
       Step Size:  0.102E-01 s, Total Time:  142.53771 s
       Pressure Iterations: 4
       Maximum Velocity Error:  0.13E-01 on Mesh 1 at (44,41,41)
       Maximum Pressure Error:  0.39E+03 on Mesh 1 at (42,42,22)
       Maximum CFL Number    :  0.96E+00 on Mesh 1 at (42,42,21)
       Maximum VN Number     :  0.36E+00 on Mesh 1 at (40,34,51)
       ---------------------------------------------------------------
       Mesh    1
       Max CFL number:  0.96E+00 at (42,42,21)
       Max divergence:  0.17E+02 at (43,42,7)
       Min divergence: -0.44E+01 at (42,43,12)
       Max VN number :  0.36E+00 at (40,34,51)
       Mesh    2
       Max CFL number:  0.60E+00 at (2,43,44)
       Max divergence:  0.27E+00 at (1,40,41)
       Min divergence: -0.35E+00 at (2,40,40)
       Max VN number :  0.26E+00 at (3,34,51)
       Mesh    3
       Max CFL number:  0.47E+00 at (37,3,42)
       Max divergence:  0.14E+00 at (43,1,33)
       Min divergence: -0.16E+00 at (35,1,44)
       Max VN number :  0.32E+00 at (39,2,51)
       Mesh    4
       Max CFL number:  0.51E+00 at (7,5,51)
       Max divergence:  0.44E-01 at (15,5,50)
       Min divergence: -0.59E-01 at (8,12,51)
       Max VN number :  0.23E+00 at (33,25,51)
 
       Time Step    13800   August  8, 2026  14:03:53
       Step Size:  0.917E-02 s, Total Time:  143.51359 s
       Pressure Iterations: 3
       Maximum Velocity Error:  0.20E-01 on Mesh 1 at (44,42,20)
       Maximum Pressure Error:  0.10E+04 on Mesh 1 at (43,44,16)
       Maximum CFL Number    :  0.89E+00 on Mesh 1 at (43,44,15)
       Maximum VN Number     :  0.41E+00 on Mesh 1 at (44,24,51)
       ---------------------------------------------------------------
       Mesh    1
       Max CFL number:  0.89E+00 at (43,44,15)
       Max divergence:  0.17E+02 at (42,42,7)
       Min divergence: -0.38E+01 at (43,44,15)
       Max VN number :  0.41E+00 at (44,24,51)
       Mesh    2
       Max CFL number:  0.49E+00 at (1,44,42)
       Max divergence:  0.90E+00 at (1,43,18)
       Min divergence: -0.20E+00 at (1,42,45)
       Max VN number :  0.29E+00 at (10,41,51)
       Mesh    3
       Max CFL number:  0.36E+00 at (36,1,51)
       Max divergence:  0.97E-01 at (44,1,39)
       Min divergence: -0.11E+00 at (42,1,30)
       Max VN number :  0.29E+00 at (37,1,51)
       Mesh    4
       Max CFL number:  0.45E+00 at (4,4,51)
       Max divergence:  0.62E-01 at (6,20,50)
       Min divergence: -0.11E+00 at (5,21,49)
       Max VN number :  0.25E+00 at (4,3,51)
 
       Time Step    13900   August  8, 2026  14:04:42
       Step Size:  0.793E-02 s, Total Time:  144.37936 s
       Pressure Iterations: 2
       Maximum Velocity Error:  0.19E-01 on Mesh 1 at (39,46,28)
       Maximum Pressure Error:  0.31E+03 on Mesh 1 at (42,43,16)
       Maximum CFL Number    :  0.80E+00 on Mesh 1 at (40,45,31)
       Maximum VN Number     :  0.33E+00 on Mesh 3 at (27,1,51)
       ---------------------------------------------------------------
       Mesh    1
       Max CFL number:  0.80E+00 at (40,45,31)
       Max divergence:  0.16E+02 at (43,42,7)
       Min divergence: -0.54E+01 at (42,43,16)
       Max VN number :  0.30E+00 at (40,45,30)
       Mesh    2
       Max CFL number:  0.45E+00 at (2,44,31)
       Max divergence:  0.34E+00 at (1,43,35)
       Min divergence: -0.36E+00 at (1,46,35)
       Max VN number :  0.31E+00 at (6,44,51)
       Mesh    3
       Max CFL number:  0.40E+00 at (28,2,51)
       Max divergence:  0.40E+00 at (40,1,26)
       Min divergence: -0.26E+00 at (40,1,24)
       Max VN number :  0.33E+00 at (27,1,51)
       Mesh    4
       Max CFL number:  0.36E+00 at (5,8,51)
       Max divergence:  0.14E+00 at (1,1,35)
       Min divergence: -0.14E+00 at (1,1,33)
       Max VN number :  0.20E+00 at (3,9,51)
 
       Time Step    14000   August  8, 2026  14:05:30
       Step Size:  0.902E-02 s, Total Time:  145.28239 s
       Pressure Iterations: 4
       Maximum Velocity Error:  0.16E-01 on Mesh 1 at (44,42,41)
       Maximum Pressure Error:  0.27E+03 on Mesh 1 at (40,43,26)
       Maximum CFL Number    :  0.88E+00 on Mesh 1 at (41,43,23)
       Maximum VN Number     :  0.32E+00 on Mesh 1 at (26,44,51)
       ---------------------------------------------------------------
       Mesh    1
       Max CFL number:  0.88E+00 at (41,43,23)
       Max divergence:  0.17E+02 at (41,42,7)
       Min divergence: -0.36E+01 at (42,43,18)
       Max VN number :  0.32E+00 at (26,44,51)
       Mesh    2
       Max CFL number:  0.61E+00 at (1,42,41)
       Max divergence:  0.21E+00 at (1,43,15)
       Min divergence: -0.30E+00 at (2,41,42)
       Max VN number :  0.26E+00 at (19,13,51)
       Mesh    3
       Max CFL number:  0.45E+00 at (29,3,51)
       Max divergence:  0.13E+00 at (40,2,44)
       Min divergence: -0.14E+00 at (44,5,49)
       Max VN number :  0.28E+00 at (28,2,51)
       Mesh    4
       Max CFL number:  0.53E+00 at (3,2,47)
       Max divergence:  0.21E+00 at (1,1,50)
       Min divergence: -0.11E+00 at (2,2,49)
       Max VN number :  0.21E+00 at (40,36,51)
 
       Time Step    14100   August  8, 2026  14:06:19
       Step Size:  0.949E-02 s, Total Time:  146.22774 s
       Pressure Iterations: 3
       Maximum Velocity Error:  0.20E-01 on Mesh 1 at (44,42,42)
       Maximum Pressure Error:  0.37E+03 on Mesh 1 at (41,43,11)
       Maximum CFL Number    :  0.90E+00 on Mesh 1 at (42,42,38)
       Maximum VN Number     :  0.33E+00 on Mesh 1 at (34,30,51)
       ---------------------------------------------------------------
       Mesh    1
       Max CFL number:  0.90E+00 at (42,42,38)
       Max divergence:  0.20E+02 at (42,42,7)
       Min divergence: -0.38E+01 at (42,43,15)
       Max VN number :  0.33E+00 at (34,30,51)
       Mesh    2
       Max CFL number:  0.53E+00 at (1,42,45)
       Max divergence:  0.24E+00 at (1,44,43)
       Min divergence: -0.34E+00 at (1,42,44)
       Max VN number :  0.30E+00 at (6,24,51)
       Mesh    3
       Max CFL number:  0.45E+00 at (38,1,49)
       Max divergence:  0.12E+00 at (37,5,50)
       Min divergence: -0.13E+00 at (37,4,49)
       Max VN number :  0.26E+00 at (40,22,51)
       Mesh    4
       Max CFL number:  0.39E+00 at (8,10,51)
       Max divergence:  0.67E-01 at (13,7,50)
       Min divergence: -0.10E+00 at (6,2,51)
       Max VN number :  0.24E+00 at (31,12,51)
 
       Time Step    14200   August  8, 2026  14:07:07
       Step Size:  0.899E-02 s, Total Time:  147.12843 s
       Pressure Iterations: 4
       Maximum Velocity Error:  0.19E-01 on Mesh 1 at (44,45,40)
       Maximum Pressure Error:  0.37E+03 on Mesh 1 at (42,41,21)
       Maximum CFL Number    :  0.91E+00 on Mesh 1 at (41,42,35)
       Maximum VN Number     :  0.30E+00 on Mesh 3 at (26,4,51)
       ---------------------------------------------------------------
       Mesh    1
       Max CFL number:  0.91E+00 at (41,42,35)
       Max divergence:  0.18E+02 at (41,42,7)
       Min divergence: -0.40E+01 at (42,43,15)
       Max VN number :  0.28E+00 at (41,42,34)
       Mesh    2
       Max CFL number:  0.40E+00 at (1,45,51)
       Max divergence:  0.27E+00 at (1,45,41)
       Min divergence: -0.24E+00 at (1,46,37)
       Max VN number :  0.29E+00 at (21,34,51)
       Mesh    3
       Max CFL number:  0.62E+00 at (42,1,36)
       Max divergence:  0.33E+00 at (41,1,37)
       Min divergence: -0.52E+00 at (42,1,37)
       Max VN number :  0.30E+00 at (26,4,51)
       Mesh    4
       Max CFL number:  0.45E+00 at (5,6,51)
       Max divergence:  0.22E+00 at (1,1,35)
       Min divergence: -0.10E+00 at (7,6,51)
       Max VN number :  0.24E+00 at (26,29,51)
 
       Time Step    14300   August  8, 2026  14:07:57
       Step Size:  0.857E-02 s, Total Time:  148.04517 s
       Pressure Iterations: 4
       Maximum Velocity Error:  0.23E-01 on Mesh 1 at (44,44,33)
       Maximum Pressure Error:  0.66E+03 on Mesh 1 at (40,42,8)
       Maximum CFL Number    :  0.85E+00 on Mesh 1 at (41,43,15)
       Maximum VN Number     :  0.31E+00 on Mesh 2 at (9,27,51)
       ---------------------------------------------------------------
       Mesh    1
       Max CFL number:  0.85E+00 at (41,43,15)
       Max divergence:  0.14E+02 at (40,42,8)
       Min divergence: -0.58E+01 at (41,43,13)
       Max VN number :  0.27E+00 at (41,45,18)
       Mesh    2
       Max CFL number:  0.69E+00 at (1,43,38)
       Max divergence:  0.52E+00 at (1,41,38)
       Min divergence: -0.12E+01 at (1,43,38)
       Max VN number :  0.31E+00 at (9,27,51)
       Mesh    3
       Max CFL number:  0.36E+00 at (44,5,51)
       Max divergence:  0.45E+00 at (41,1,16)
       Min divergence: -0.17E+00 at (38,1,43)
       Max VN number :  0.23E+00 at (25,23,51)
       Mesh    4
       Max CFL number:  0.39E+00 at (2,5,51)
       Max divergence:  0.94E-01 at (5,3,50)
       Min divergence: -0.78E-01 at (4,2,50)
       Max VN number :  0.24E+00 at (1,5,51)
 
       Time Step    14400   August  8, 2026  14:08:46
       Step Size:  0.794E-02 s, Total Time:  148.87708 s
       Pressure Iterations: 3
       Maximum Velocity Error:  0.20E-01 on Mesh 1 at (44,41,29)
       Maximum Pressure Error:  0.32E+03 on Mesh 1 at (42,44,21)
       Maximum CFL Number    :  0.88E+00 on Mesh 1 at (42,44,22)
       Maximum VN Number     :  0.41E+00 on Mesh 2 at (13,42,51)
       ---------------------------------------------------------------
       Mesh    1
       Max CFL number:  0.88E+00 at (42,44,22)
       Max divergence:  0.14E+02 at (42,44,7)
       Min divergence: -0.51E+01 at (41,42,11)
       Max VN number :  0.33E+00 at (41,44,51)
       Mesh    2
       Max CFL number:  0.51E+00 at (1,41,27)
       Max divergence:  0.59E+00 at (1,40,29)
       Min divergence: -0.11E+01 at (1,41,28)
       Max VN number :  0.41E+00 at (13,42,51)
       Mesh    3
       Max CFL number:  0.53E+00 at (40,1,42)
       Max divergence:  0.25E+00 at (40,1,46)
       Min divergence: -0.44E+00 at (41,2,44)
       Max VN number :  0.25E+00 at (23,32,51)
       Mesh    4
       Max CFL number:  0.36E+00 at (1,6,51)
       Max divergence:  0.74E-01 at (2,7,50)
       Min divergence: -0.89E-01 at (13,8,51)
       Max VN number :  0.24E+00 at (16,2,51)
 
       Time Step    14500   August  8, 2026  14:09:36
       Step Size:  0.106E-01 s, Total Time:  149.82250 s
       Pressure Iterations: 3
       Maximum Velocity Error:  0.25E-01 on Mesh 1 at (44,44,47)
       Maximum Pressure Error:  0.52E+03 on Mesh 1 at (43,44,12)
       Maximum CFL Number    :  0.96E+00 on Mesh 1 at (42,42,15)
       Maximum VN Number     :  0.39E+00 on Mesh 1 at (42,40,51)
       ---------------------------------------------------------------
       Mesh    1
       Max CFL number:  0.96E+00 at (42,42,15)
       Max divergence:  0.15E+02 at (43,44,7)
       Min divergence: -0.76E+01 at (43,44,11)
       Max VN number :  0.39E+00 at (42,40,51)
       Mesh    2
       Max CFL number:  0.68E+00 at (1,46,45)
       Max divergence:  0.30E+00 at (2,46,45)
       Min divergence: -0.41E+00 at (1,42,29)
       Max VN number :  0.34E+00 at (3,45,51)
       Mesh    3
       Max CFL number:  0.59E+00 at (44,1,51)
       Max divergence:  0.34E+00 at (44,1,30)
       Min divergence: -0.58E+00 at (43,1,30)
       Max VN number :  0.30E+00 at (34,6,51)
       Mesh    4
       Max CFL number:  0.58E+00 at (1,1,51)
       Max divergence:  0.21E+00 at (2,1,44)
       Min divergence: -0.33E+00 at (1,1,45)
       Max VN number :  0.32E+00 at (40,9,51)
 
       Time Step    14600   August  8, 2026  14:10:25
       Step Size:  0.863E-02 s, Total Time:  150.74094 s
       Pressure Iterations: 4
       Maximum Velocity Error:  0.18E-01 on Mesh 1 at (44,43,32)
       Maximum Pressure Error:  0.23E+03 on Mesh 1 at (40,44,10)
       Maximum CFL Number    :  0.78E+00 on Mesh 1 at (43,40,38)
       Maximum VN Number     :  0.37E+00 on Mesh 1 at (34,24,51)
       ---------------------------------------------------------------
       Mesh    1
       Max CFL number:  0.78E+00 at (43,40,38)
       Max divergence:  0.17E+02 at (41,44,10)
       Min divergence: -0.53E+01 at (42,43,15)
       Max VN number :  0.37E+00 at (34,24,51)
       Mesh    2
       Max CFL number:  0.52E+00 at (1,41,35)
       Max divergence:  0.65E+00 at (1,43,12)
       Min divergence: -0.70E+00 at (1,41,36)
       Max VN number :  0.31E+00 at (2,46,51)
       Mesh    3
       Max CFL number:  0.41E+00 at (43,1,35)
       Max divergence:  0.25E+00 at (42,2,35)
       Min divergence: -0.43E+00 at (43,2,34)
       Max VN number :  0.26E+00 at (9,18,51)
       Mesh    4
       Max CFL number:  0.38E+00 at (8,7,51)
       Max divergence:  0.91E-01 at (5,1,49)
       Min divergence: -0.12E+00 at (4,1,47)
       Max VN number :  0.22E+00 at (20,16,51)
 
       Time Step    14700   August  8, 2026  14:11:13
       Step Size:  0.820E-02 s, Total Time:  151.63116 s
       Pressure Iterations: 4
       Maximum Velocity Error:  0.17E-01 on Mesh 1 at (43,44,6)
       Maximum Pressure Error:  0.89E+03 on Mesh 1 at (43,41,17)
       Maximum CFL Number    :  0.80E+00 on Mesh 1 at (42,42,22)
       Maximum VN Number     :  0.44E+00 on Mesh 1 at (28,39,51)
       ---------------------------------------------------------------
       Mesh    1
       Max CFL number:  0.80E+00 at (42,42,22)
       Max divergence:  0.16E+02 at (42,42,7)
       Min divergence: -0.52E+01 at (43,41,16)
       Max VN number :  0.44E+00 at (28,39,51)
       Mesh    2
       Max CFL number:  0.45E+00 at (11,42,51)
       Max divergence:  0.61E+00 at (1,42,14)
       Min divergence: -0.39E+00 at (1,44,33)
       Max VN number :  0.30E+00 at (11,43,51)
       Mesh    3
       Max CFL number:  0.47E+00 at (38,1,51)
       Max divergence:  0.47E+00 at (42,1,33)
       Min divergence: -0.68E+00 at (41,1,27)
       Max VN number :  0.21E+00 at (2,31,51)
       Mesh    4
       Max CFL number:  0.38E+00 at (3,6,51)
       Max divergence:  0.82E-01 at (4,6,50)
       Min divergence: -0.11E+00 at (3,7,51)
       Max VN number :  0.20E+00 at (14,11,51)
 
       Time Step    14800   August  8, 2026  14:12:02
       Step Size:  0.954E-02 s, Total Time:  152.48735 s
       Pressure Iterations: 3
       Maximum Velocity Error:  0.14E-01 on Mesh 3 at (39,0,30)
       Maximum Pressure Error:  0.31E+03 on Mesh 1 at (42,44,25)
       Maximum CFL Number    :  0.84E+00 on Mesh 1 at (42,43,24)
       Maximum VN Number     :  0.40E+00 on Mesh 3 at (11,1,51)
       ---------------------------------------------------------------
       Mesh    1
       Max CFL number:  0.84E+00 at (42,43,24)
       Max divergence:  0.16E+02 at (43,42,7)
       Min divergence: -0.30E+01 at (42,43,13)
       Max VN number :  0.31E+00 at (35,39,51)
       Mesh    2
       Max CFL number:  0.52E+00 at (1,43,51)
       Max divergence:  0.47E+00 at (1,43,16)
       Min divergence: -0.39E+00 at (4,41,34)
       Max VN number :  0.32E+00 at (27,46,51)
       Mesh    3
       Max CFL number:  0.46E+00 at (12,3,51)
       Max divergence:  0.37E+00 at (43,1,20)
       Min divergence: -0.14E+00 at (44,1,38)
       Max VN number :  0.40E+00 at (11,1,51)
       Mesh    4
       Max CFL number:  0.38E+00 at (7,15,51)
       Max divergence:  0.95E-01 at (2,5,50)
       Min divergence: -0.87E-01 at (2,4,49)
       Max VN number :  0.24E+00 at (10,25,51)
 
       Time Step    14900   August  8, 2026  14:12:51
       Step Size:  0.102E-01 s, Total Time:  153.48391 s
       Pressure Iterations: 3
       Maximum Velocity Error:  0.11E-01 on Mesh 1 at (44,45,49)
       Maximum Pressure Error:  0.50E+03 on Mesh 1 at (43,44,15)
       Maximum CFL Number    :  0.99E+00 on Mesh 1 at (42,44,20)
       Maximum VN Number     :  0.59E+00 on Mesh 1 at (42,42,51)
       ---------------------------------------------------------------
       Mesh    1
       Max CFL number:  0.99E+00 at (42,44,20)
       Max divergence:  0.14E+02 at (42,44,7)
       Min divergence: -0.30E+01 at (43,44,11)
       Max VN number :  0.59E+00 at (42,42,51)
       Mesh    2
       Max CFL number:  0.54E+00 at (2,42,49)
       Max divergence:  0.29E+00 at (1,43,13)
       Min divergence: -0.12E+00 at (4,39,51)
       Max VN number :  0.26E+00 at (5,40,51)
       Mesh    3
       Max CFL number:  0.51E+00 at (44,1,51)
       Max divergence:  0.87E-01 at (44,2,44)
       Min divergence: -0.90E-01 at (44,1,44)
       Max VN number :  0.36E+00 at (36,41,51)
       Mesh    4
       Max CFL number:  0.53E+00 at (1,1,51)
       Max divergence:  0.43E-01 at (4,4,49)
       Min divergence: -0.54E-01 at (6,8,51)
       Max VN number :  0.24E+00 at (21,33,51)
 
       Time Step    15000   August  8, 2026  14:13:40
       Step Size:  0.992E-02 s, Total Time:  154.41754 s
       Pressure Iterations: 4
       Maximum Velocity Error:  0.11E-01 on Mesh 3 at (44,1,46)
       Maximum Pressure Error:  0.46E+03 on Mesh 1 at (43,43,15)
       Maximum CFL Number    :  0.89E+00 on Mesh 1 at (42,42,19)
       Maximum VN Number     :  0.37E+00 on Mesh 2 at (2,23,51)
       ---------------------------------------------------------------
       Mesh    1
       Max CFL number:  0.89E+00 at (42,42,19)
       Max divergence:  0.16E+02 at (41,43,7)
       Min divergence: -0.47E+01 at (41,44,10)
       Max VN number :  0.33E+00 at (30,44,51)
       Mesh    2
       Max CFL number:  0.73E+00 at (2,45,47)
       Max divergence:  0.26E+00 at (1,42,19)
       Min divergence: -0.28E+00 at (1,43,20)
       Max VN number :  0.37E+00 at (2,23,51)
       Mesh    3
       Max CFL number:  0.62E+00 at (44,1,51)
       Max divergence:  0.31E+00 at (41,1,27)
       Min divergence: -0.24E+00 at (40,1,38)
       Max VN number :  0.30E+00 at (4,36,51)
       Mesh    4
       Max CFL number:  0.68E+00 at (2,1,51)
       Max divergence:  0.12E+00 at (3,3,48)
       Min divergence: -0.21E+00 at (4,1,51)
       Max VN number :  0.22E+00 at (32,22,51)
 
       Time Step    15100   August  8, 2026  14:14:29
       Step Size:  0.106E-01 s, Total Time:  155.36526 s
       Pressure Iterations: 3
       Maximum Velocity Error:  0.24E-01 on Mesh 1 at (44,40,39)
       Maximum Pressure Error:  0.24E+03 on Mesh 1 at (41,41,20)
       Maximum CFL Number    :  0.88E+00 on Mesh 1 at (42,43,14)
       Maximum VN Number     :  0.34E+00 on Mesh 1 at (23,37,51)
       ---------------------------------------------------------------
       Mesh    1
       Max CFL number:  0.88E+00 at (42,43,14)
       Max divergence:  0.15E+02 at (41,42,7)
       Min divergence: -0.34E+01 at (42,43,14)
       Max VN number :  0.34E+00 at (23,37,51)
       Mesh    2
       Max CFL number:  0.56E+00 at (1,42,41)
       Max divergence:  0.36E+00 at (1,44,29)
       Min divergence: -0.78E+00 at (1,44,27)
       Max VN number :  0.29E+00 at (17,20,51)
       Mesh    3
       Max CFL number:  0.44E+00 at (35,3,51)
       Max divergence:  0.10E+00 at (42,1,24)
       Min divergence: -0.92E-01 at (42,5,42)
       Max VN number :  0.28E+00 at (37,26,51)
       Mesh    4
       Max CFL number:  0.39E+00 at (18,17,51)
       Max divergence:  0.78E-01 at (1,1,23)
       Min divergence: -0.70E-01 at (11,26,51)
       Max VN number :  0.27E+00 at (20,16,51)
 
       Time Step    15200   August  8, 2026  14:15:18
       Step Size:  0.996E-02 s, Total Time:  156.33453 s
       Pressure Iterations: 4
       Maximum Velocity Error:  0.22E-01 on Mesh 1 at (44,46,39)
       Maximum Pressure Error:  0.26E+03 on Mesh 1 at (41,42,16)
       Maximum CFL Number    :  0.92E+00 on Mesh 1 at (43,43,19)
       Maximum VN Number     :  0.32E+00 on Mesh 3 at (33,41,51)
       ---------------------------------------------------------------
       Mesh    1
       Max CFL number:  0.92E+00 at (43,43,19)
       Max divergence:  0.19E+02 at (41,43,7)
       Min divergence: -0.35E+01 at (41,43,18)
       Max VN number :  0.29E+00 at (43,43,19)
       Mesh    2
       Max CFL number:  0.83E+00 at (1,46,38)
       Max divergence:  0.71E+00 at (1,42,37)
       Min divergence: -0.61E+00 at (1,46,38)
       Max VN number :  0.23E+00 at (31,10,51)
       Mesh    3
       Max CFL number:  0.70E+00 at (43,1,41)
       Max divergence:  0.25E+00 at (44,1,43)
       Min divergence: -0.46E+00 at (43,1,42)
       Max VN number :  0.32E+00 at (33,41,51)
       Mesh    4
       Max CFL number:  0.54E+00 at (1,1,38)
       Max divergence:  0.23E+00 at (1,1,42)
       Min divergence: -0.21E+00 at (1,1,32)
       Max VN number :  0.25E+00 at (18,15,51)
 
       Time Step    15300   August  8, 2026  14:16:06
       Step Size:  0.866E-02 s, Total Time:  157.25835 s
       Pressure Iterations: 3
       Maximum Velocity Error:  0.17E-01 on Mesh 1 at (44,44,25)
       Maximum Pressure Error:  0.25E+03 on Mesh 1 at (41,43,16)
       Maximum CFL Number    :  0.84E+00 on Mesh 1 at (43,44,32)
       Maximum VN Number     :  0.39E+00 on Mesh 2 at (11,33,51)
       ---------------------------------------------------------------
       Mesh    1
       Max CFL number:  0.84E+00 at (43,44,32)
       Max divergence:  0.17E+02 at (42,42,7)
       Min divergence: -0.38E+01 at (42,43,16)
       Max VN number :  0.33E+00 at (34,29,51)
       Mesh    2
       Max CFL number:  0.56E+00 at (2,38,49)
       Max divergence:  0.88E+00 at (1,44,24)
       Min divergence: -0.29E+00 at (1,44,30)
       Max VN number :  0.39E+00 at (11,33,51)
       Mesh    3
       Max CFL number:  0.40E+00 at (30,6,51)
       Max divergence:  0.17E+00 at (40,1,36)
       Min divergence: -0.26E+00 at (42,1,31)
       Max VN number :  0.24E+00 at (44,16,51)
       Mesh    4
       Max CFL number:  0.36E+00 at (12,9,51)
       Max divergence:  0.66E-01 at (1,16,50)
       Min divergence: -0.13E+00 at (1,16,51)
       Max VN number :  0.24E+00 at (11,28,51)
 
       Time Step    15400   August  8, 2026  14:16:56
       Step Size:  0.835E-02 s, Total Time:  158.15437 s
       Pressure Iterations: 4
       Maximum Velocity Error:  0.24E-01 on Mesh 1 at (44,44,39)
       Maximum Pressure Error:  0.33E+03 on Mesh 1 at (42,41,29)
       Maximum CFL Number    :  0.93E+00 on Mesh 1 at (42,42,26)
       Maximum VN Number     :  0.30E+00 on Mesh 2 at (1,43,40)
       ---------------------------------------------------------------
       Mesh    1
       Max CFL number:  0.93E+00 at (42,42,26)
       Max divergence:  0.17E+02 at (41,44,7)
       Min divergence: -0.49E+01 at (42,43,15)
       Max VN number :  0.27E+00 at (42,41,28)
       Mesh    2
       Max CFL number:  0.79E+00 at (1,43,41)
       Max divergence:  0.68E+00 at (1,41,29)
       Min divergence: -0.15E+01 at (1,43,41)
       Max VN number :  0.30E+00 at (1,43,40)
       Mesh    3
       Max CFL number:  0.40E+00 at (35,7,51)
       Max divergence:  0.16E+00 at (43,1,37)
       Min divergence: -0.11E+00 at (42,4,47)
       Max VN number :  0.27E+00 at (34,6,51)
       Mesh    4
       Max CFL number:  0.41E+00 at (7,11,51)
       Max divergence:  0.16E+00 at (1,1,36)
       Min divergence: -0.16E+00 at (2,4,45)
       Max VN number :  0.21E+00 at (32,42,39)
 
       Time Step    15500   August  8, 2026  14:17:43
       Step Size:  0.816E-02 s, Total Time:  159.01865 s
       Pressure Iterations: 3
       Maximum Velocity Error:  0.14E-01 on Mesh 1 at (41,46,49)
       Maximum Pressure Error:  0.31E+03 on Mesh 1 at (43,43,27)
       Maximum CFL Number    :  0.88E+00 on Mesh 1 at (43,44,25)
       Maximum VN Number     :  0.26E+00 on Mesh 1 at (2,30,51)
       ---------------------------------------------------------------
       Mesh    1
       Max CFL number:  0.88E+00 at (43,44,25)
       Max divergence:  0.17E+02 at (43,42,7)
       Min divergence: -0.47E+01 at (42,43,15)
       Max VN number :  0.26E+00 at (2,30,51)
       Mesh    2
       Max CFL number:  0.47E+00 at (9,42,51)
       Max divergence:  0.71E+00 at (1,44,23)
       Min divergence: -0.23E+00 at (5,42,50)
       Max VN number :  0.23E+00 at (5,25,51)
       Mesh    3
       Max CFL number:  0.46E+00 at (43,11,51)
       Max divergence:  0.14E+00 at (41,2,47)
       Min divergence: -0.25E+00 at (41,1,46)
       Max VN number :  0.22E+00 at (28,21,51)
       Mesh    4
       Max CFL number:  0.39E+00 at (6,4,51)
       Max divergence:  0.19E+00 at (2,1,48)
       Min divergence: -0.13E+00 at (4,6,50)
       Max VN number :  0.23E+00 at (4,6,51)
 
       Time Step    15600   August  8, 2026  14:18:32
       Step Size:  0.943E-02 s, Total Time:  159.84471 s
       Pressure Iterations: 2
       Maximum Velocity Error:  0.17E-01 on Mesh 1 at (44,44,20)
       Maximum Pressure Error:  0.48E+03 on Mesh 1 at (42,44,17)
       Maximum CFL Number    :  0.98E+00 on Mesh 1 at (43,43,22)
       Maximum VN Number     :  0.29E+00 on Mesh 1 at (37,13,51)
       ---------------------------------------------------------------
       Mesh    1
       Max CFL number:  0.98E+00 at (43,43,22)
       Max divergence:  0.17E+02 at (41,44,7)
       Min divergence: -0.43E+01 at (42,43,14)
       Max VN number :  0.29E+00 at (37,13,51)
       Mesh    2
       Max CFL number:  0.58E+00 at (8,44,51)
       Max divergence:  0.39E+00 at (1,41,22)
       Min divergence: -0.33E+00 at (8,45,51)
       Max VN number :  0.25E+00 at (2,2,51)
       Mesh    3
       Max CFL number:  0.51E+00 at (42,11,51)
       Max divergence:  0.18E+00 at (42,1,41)
       Min divergence: -0.22E+00 at (43,1,40)
       Max VN number :  0.27E+00 at (42,1,51)
       Mesh    4
       Max CFL number:  0.42E+00 at (1,4,51)
       Max divergence:  0.10E+00 at (1,6,50)
       Min divergence: -0.13E+00 at (1,4,51)
       Max VN number :  0.25E+00 at (2,3,51)
 
       Time Step    15700   August  8, 2026  14:19:22
       Step Size:  0.901E-02 s, Total Time:  160.73058 s
       Pressure Iterations: 3
       Maximum Velocity Error:  0.24E-01 on Mesh 1 at (44,42,46)
       Maximum Pressure Error:  0.51E+03 on Mesh 1 at (43,43,19)
       Maximum CFL Number    :  0.94E+00 on Mesh 1 at (42,43,23)
       Maximum VN Number     :  0.49E+00 on Mesh 2 at (3,40,51)
       ---------------------------------------------------------------
       Mesh    1
       Max CFL number:  0.94E+00 at (42,43,23)
       Max divergence:  0.16E+02 at (41,44,7)
       Min divergence: -0.40E+01 at (42,43,16)
       Max VN number :  0.28E+00 at (44,39,51)
       Mesh    2
       Max CFL number:  0.65E+00 at (3,41,51)
       Max divergence:  0.32E+00 at (1,42,32)
       Min divergence: -0.36E+00 at (1,42,30)
       Max VN number :  0.49E+00 at (3,40,51)
       Mesh    3
       Max CFL number:  0.54E+00 at (42,3,51)
       Max divergence:  0.17E+00 at (40,2,50)
       Min divergence: -0.20E+00 at (43,6,50)
       Max VN number :  0.32E+00 at (40,3,51)
       Mesh    4
       Max CFL number:  0.51E+00 at (1,3,51)
       Max divergence:  0.21E+00 at (2,2,50)
       Min divergence: -0.16E+00 at (2,1,49)
       Max VN number :  0.21E+00 at (6,1,51)
 
       Time Step    15800   August  8, 2026  14:20:11
       Step Size:  0.778E-02 s, Total Time:  161.51946 s
       Pressure Iterations: 3
       Maximum Velocity Error:  0.25E-01 on Mesh 2 at (0,46,42)
       Maximum Pressure Error:  0.51E+03 on Mesh 1 at (41,44,11)
       Maximum CFL Number    :  0.84E+00 on Mesh 1 at (42,43,37)
       Maximum VN Number     :  0.51E+00 on Mesh 1 at (22,35,51)
       ---------------------------------------------------------------
       Mesh    1
       Max CFL number:  0.84E+00 at (42,43,37)
       Max divergence:  0.23E+02 at (42,42,7)
       Min divergence: -0.36E+01 at (41,43,12)
       Max VN number :  0.51E+00 at (22,35,51)
       Mesh    2
       Max CFL number:  0.67E+00 at (1,45,42)
       Max divergence:  0.58E+00 at (2,42,32)
       Min divergence: -0.11E+01 at (1,42,32)
       Max VN number :  0.26E+00 at (17,15,51)
       Mesh    3
       Max CFL number:  0.49E+00 at (42,5,50)
       Max divergence:  0.32E+00 at (42,1,18)
       Min divergence: -0.43E+00 at (44,1,44)
       Max VN number :  0.39E+00 at (40,10,51)
       Mesh    4
       Max CFL number:  0.41E+00 at (1,1,51)
       Max divergence:  0.22E+00 at (3,1,50)
       Min divergence: -0.21E+00 at (1,5,51)
       Max VN number :  0.30E+00 at (4,14,51)
 
       Time Step    15900   August  8, 2026  14:21:01
       Step Size:  0.825E-02 s, Total Time:  162.33179 s
       Pressure Iterations: 3
       Maximum Velocity Error:  0.21E-01 on Mesh 1 at (42,46,29)
       Maximum Pressure Error:  0.46E+03 on Mesh 1 at (42,41,26)
       Maximum CFL Number    :  0.86E+00 on Mesh 1 at (42,42,24)
       Maximum VN Number     :  0.32E+00 on Mesh 2 at (17,40,51)
       ---------------------------------------------------------------
       Mesh    1
       Max CFL number:  0.86E+00 at (42,42,24)
       Max divergence:  0.18E+02 at (43,42,7)
       Min divergence: -0.38E+01 at (42,43,15)
       Max VN number :  0.31E+00 at (26,43,51)
       Mesh    2
       Max CFL number:  0.50E+00 at (20,46,51)
       Max divergence:  0.67E+00 at (1,44,22)
       Min divergence: -0.26E+00 at (1,45,28)
       Max VN number :  0.32E+00 at (17,40,51)
       Mesh    3
       Max CFL number:  0.57E+00 at (42,1,29)
       Max divergence:  0.61E+00 at (42,1,32)
       Min divergence: -0.12E+01 at (41,1,32)
       Max VN number :  0.27E+00 at (43,13,51)
       Mesh    4
       Max CFL number:  0.40E+00 at (18,1,51)
       Max divergence:  0.11E+00 at (1,1,26)
       Min divergence: -0.10E+00 at (3,17,51)
       Max VN number :  0.22E+00 at (15,20,51)
 
       Time Step    16000   August  8, 2026  14:21:50
       Step Size:  0.935E-02 s, Total Time:  163.26962 s
       Pressure Iterations: 3
       Maximum Velocity Error:  0.25E-01 on Mesh 1 at (44,42,16)
       Maximum Pressure Error:  0.91E+03 on Mesh 1 at (44,42,16)
       Maximum CFL Number    :  0.86E+00 on Mesh 1 at (44,42,14)
       Maximum VN Number     :  0.34E+00 on Mesh 3 at (40,9,51)
       ---------------------------------------------------------------
       Mesh    1
       Max CFL number:  0.86E+00 at (44,42,14)
       Max divergence:  0.18E+02 at (43,43,7)
       Min divergence: -0.40E+01 at (40,44,18)
       Max VN number :  0.34E+00 at (44,42,15)
       Mesh    2
       Max CFL number:  0.57E+00 at (1,42,45)
       Max divergence:  0.49E+01 at (1,43,14)
       Min divergence: -0.29E+00 at (1,41,18)
       Max VN number :  0.29E+00 at (23,16,51)
       Mesh    3
       Max CFL number:  0.56E+00 at (40,1,32)
       Max divergence:  0.51E+00 at (41,1,36)
       Min divergence: -0.38E+00 at (40,1,32)
       Max VN number :  0.34E+00 at (40,9,51)
       Mesh    4
       Max CFL number:  0.46E+00 at (4,3,51)
       Max divergence:  0.76E-01 at (3,7,50)
       Min divergence: -0.89E-01 at (11,9,51)
       Max VN number :  0.25E+00 at (24,36,51)
 
       Time Step    16100   August  8, 2026  14:22:40
       Step Size:  0.902E-02 s, Total Time:  164.06430 s
       Pressure Iterations: 4
       Maximum Velocity Error:  0.14E-01 on Mesh 2 at (0,44,41)
       Maximum Pressure Error:  0.60E+03 on Mesh 1 at (43,43,13)
       Maximum CFL Number    :  0.88E+00 on Mesh 1 at (41,44,24)
       Maximum VN Number     :  0.45E+00 on Mesh 3 at (40,1,51)
       ---------------------------------------------------------------
       Mesh    1
       Max CFL number:  0.88E+00 at (41,44,24)
       Max divergence:  0.16E+02 at (43,42,7)
       Min divergence: -0.33E+01 at (42,43,14)
       Max VN number :  0.38E+00 at (34,34,51)
       Mesh    2
       Max CFL number:  0.69E+00 at (2,44,42)
       Max divergence:  0.30E+00 at (1,43,12)
       Min divergence: -0.64E+00 at (2,44,43)
       Max VN number :  0.32E+00 at (2,46,51)
       Mesh    3
       Max CFL number:  0.52E+00 at (41,1,51)
       Max divergence:  0.32E+00 at (44,1,35)
       Min divergence: -0.31E+00 at (43,1,34)
       Max VN number :  0.45E+00 at (40,1,51)
       Mesh    4
       Max CFL number:  0.44E+00 at (1,1,51)
       Max divergence:  0.17E+00 at (1,1,35)
       Min divergence: -0.12E+00 at (13,34,51)
       Max VN number :  0.39E+00 at (13,33,51)
 
       Time Step    16200   August  8, 2026  14:23:28
       Step Size:  0.992E-02 s, Total Time:  164.98134 s
       Pressure Iterations: 3
       Maximum Velocity Error:  0.19E-01 on Mesh 1 at (44,43,38)
       Maximum Pressure Error:  0.46E+03 on Mesh 1 at (43,42,22)
       Maximum CFL Number    :  0.94E+00 on Mesh 1 at (43,43,23)
       Maximum VN Number     :  0.40E+00 on Mesh 3 at (20,19,51)
       ---------------------------------------------------------------
       Mesh    1
       Max CFL number:  0.94E+00 at (43,43,23)
       Max divergence:  0.17E+02 at (43,42,7)
       Min divergence: -0.35E+01 at (42,43,17)
       Max VN number :  0.30E+00 at (43,42,21)
       Mesh    2
       Max CFL number:  0.52E+00 at (2,39,51)
       Max divergence:  0.27E+00 at (1,43,16)
       Min divergence: -0.33E+00 at (3,43,37)
       Max VN number :  0.35E+00 at (18,30,51)
       Mesh    3
       Max CFL number:  0.45E+00 at (43,7,51)
       Max divergence:  0.30E+00 at (41,1,27)
       Min divergence: -0.32E+00 at (43,1,32)
       Max VN number :  0.40E+00 at (20,19,51)
       Mesh    4
       Max CFL number:  0.52E+00 at (10,3,51)
       Max divergence:  0.57E-01 at (13,1,50)
       Min divergence: -0.81E-01 at (11,2,51)
       Max VN number :  0.33E+00 at (23,3,51)
 
       Time Step    16300   August  8, 2026  14:24:17
       Step Size:  0.967E-02 s, Total Time:  165.89591 s
       Pressure Iterations: 3
       Maximum Velocity Error:  0.23E-01 on Mesh 1 at (44,42,49)
       Maximum Pressure Error:  0.26E+03 on Mesh 1 at (42,44,18)
       Maximum CFL Number    :  0.88E+00 on Mesh 1 at (42,43,15)
       Maximum VN Number     :  0.33E+00 on Mesh 4 at (20,6,51)
       ---------------------------------------------------------------
       Mesh    1
       Max CFL number:  0.88E+00 at (42,43,15)
       Max divergence:  0.17E+02 at (42,42,7)
       Min divergence: -0.41E+01 at (42,43,15)
       Max VN number :  0.32E+00 at (29,42,51)
       Mesh    2
       Max CFL number:  0.61E+00 at (1,42,50)
       Max divergence:  0.42E+00 at (1,43,21)
       Min divergence: -0.32E+00 at (1,44,36)
       Max VN number :  0.28E+00 at (36,45,51)
       Mesh    3
       Max CFL number:  0.57E+00 at (43,4,51)
       Max divergence:  0.19E+00 at (44,1,34)
       Min divergence: -0.15E+00 at (42,1,45)
       Max VN number :  0.33E+00 at (26,20,51)
       Mesh    4
       Max CFL number:  0.46E+00 at (3,2,51)
       Max divergence:  0.13E+00 at (2,1,50)
       Min divergence: -0.98E-01 at (1,2,49)
       Max VN number :  0.33E+00 at (20,6,51)
 
       Time Step    16400   August  8, 2026  14:25:05
       Step Size:  0.757E-02 s, Total Time:  166.78658 s
       Pressure Iterations: 3
       Maximum Velocity Error:  0.20E-01 on Mesh 1 at (44,42,42)
       Maximum Pressure Error:  0.39E+03 on Mesh 1 at (42,42,28)
       Maximum CFL Number    :  0.88E+00 on Mesh 1 at (42,42,27)
       Maximum VN Number     :  0.28E+00 on Mesh 3 at (41,15,51)
       ---------------------------------------------------------------
       Mesh    1
       Max CFL number:  0.88E+00 at (42,42,27)
       Max divergence:  0.17E+02 at (43,43,7)
       Min divergence: -0.42E+01 at (42,43,15)
       Max VN number :  0.28E+00 at (35,2,51)
       Mesh    2
       Max CFL number:  0.55E+00 at (5,41,51)
       Max divergence:  0.55E+00 at (1,43,17)
       Min divergence: -0.66E+00 at (1,42,43)
       Max VN number :  0.27E+00 at (12,39,51)
       Mesh    3
       Max CFL number:  0.41E+00 at (40,5,51)
       Max divergence:  0.24E+00 at (36,5,50)
       Min divergence: -0.20E+00 at (31,1,51)
       Max VN number :  0.28E+00 at (41,15,51)
       Mesh    4
       Max CFL number:  0.37E+00 at (1,1,51)
       Max divergence:  0.21E+00 at (4,1,50)
       Min divergence: -0.11E+00 at (2,9,51)
       Max VN number :  0.23E+00 at (2,29,51)
 
       Time Step    16500   August  8, 2026  14:25:53
       Step Size:  0.900E-02 s, Total Time:  167.61373 s
       Pressure Iterations: 3
       Maximum Velocity Error:  0.22E-01 on Mesh 1 at (44,43,28)
       Maximum Pressure Error:  0.34E+03 on Mesh 1 at (42,42,13)
       Maximum CFL Number    :  0.87E+00 on Mesh 1 at (43,44,32)
       Maximum VN Number     :  0.35E+00 on Mesh 4 at (29,1,51)
       ---------------------------------------------------------------
       Mesh    1
       Max CFL number:  0.87E+00 at (43,44,32)
       Max divergence:  0.17E+02 at (43,42,7)
       Min divergence: -0.33E+01 at (42,44,21)
       Max VN number :  0.32E+00 at (34,16,51)
       Mesh    2
       Max CFL number:  0.53E+00 at (1,40,51)
       Max divergence:  0.48E+00 at (1,45,17)
       Min divergence: -0.43E+00 at (1,42,23)
       Max VN number :  0.27E+00 at (12,40,51)
       Mesh    3
       Max CFL number:  0.55E+00 at (43,1,30)
       Max divergence:  0.44E+00 at (42,1,39)
       Min divergence: -0.90E+00 at (43,1,31)
       Max VN number :  0.27E+00 at (25,19,51)
       Mesh    4
       Max CFL number:  0.47E+00 at (13,12,51)
       Max divergence:  0.19E+00 at (1,3,50)
       Min divergence: -0.16E+00 at (6,14,51)
       Max VN number :  0.35E+00 at (29,1,51)
 
       Time Step    16600   August  8, 2026  14:26:42
       Step Size:  0.799E-02 s, Total Time:  168.51228 s
       Pressure Iterations: 3
       Maximum Velocity Error:  0.20E-01 on Mesh 1 at (44,40,47)
       Maximum Pressure Error:  0.35E+03 on Mesh 1 at (42,42,13)
       Maximum CFL Number    :  0.89E+00 on Mesh 1 at (41,44,23)
       Maximum VN Number     :  0.27E+00 on Mesh 1 at (37,32,51)
       ---------------------------------------------------------------
       Mesh    1
       Max CFL number:  0.89E+00 at (41,44,23)
       Max divergence:  0.17E+02 at (41,44,7)
       Min divergence: -0.55E+01 at (43,42,11)
       Max VN number :  0.27E+00 at (37,32,51)
       Mesh    2
       Max CFL number:  0.42E+00 at (1,40,48)
       Max divergence:  0.38E+00 at (1,43,7)
       Min divergence: -0.29E+00 at (1,40,47)
       Max VN number :  0.25E+00 at (40,41,51)
       Mesh    3
       Max CFL number:  0.44E+00 at (41,1,42)
       Max divergence:  0.49E+00 at (43,1,25)
       Min divergence: -0.16E+00 at (41,1,43)
       Max VN number :  0.27E+00 at (41,10,51)
       Mesh    4
       Max CFL number:  0.32E+00 at (7,2,51)
       Max divergence:  0.17E+00 at (1,1,47)
       Min divergence: -0.15E+00 at (1,1,50)
       Max VN number :  0.26E+00 at (18,29,51)
 
       Time Step    16700   August  8, 2026  14:27:31
       Step Size:  0.919E-02 s, Total Time:  169.33839 s
       Pressure Iterations: 3
       Maximum Velocity Error:  0.21E-01 on Mesh 1 at (44,42,31)
       Maximum Pressure Error:  0.35E+03 on Mesh 1 at (43,44,18)
       Maximum CFL Number    :  0.86E+00 on Mesh 1 at (41,43,32)
       Maximum VN Number     :  0.38E+00 on Mesh 1 at (22,22,51)
       ---------------------------------------------------------------
       Mesh    1
       Max CFL number:  0.86E+00 at (41,43,32)
       Max divergence:  0.18E+02 at (42,42,7)
       Min divergence: -0.40E+01 at (40,43,23)
       Max VN number :  0.38E+00 at (22,22,51)
       Mesh    2
       Max CFL number:  0.47E+00 at (9,45,51)
       Max divergence:  0.53E+00 at (1,41,42)
       Min divergence: -0.55E+00 at (1,42,42)
       Max VN number :  0.29E+00 at (5,42,51)
       Mesh    3
       Max CFL number:  0.49E+00 at (41,1,44)
       Max divergence:  0.31E+00 at (40,1,48)
       Min divergence: -0.25E+00 at (41,2,45)
       Max VN number :  0.36E+00 at (21,21,51)
       Mesh    4
       Max CFL number:  0.41E+00 at (8,3,51)
       Max divergence:  0.11E+00 at (1,2,43)
       Min divergence: -0.13E+00 at (1,1,51)
       Max VN number :  0.23E+00 at (40,39,51)
 
       Time Step    16800   August  8, 2026  14:28:19
       Step Size:  0.893E-02 s, Total Time:  170.24503 s
       Pressure Iterations: 2
       Maximum Velocity Error:  0.24E-01 on Mesh 1 at (44,43,33)
       Maximum Pressure Error:  0.34E+03 on Mesh 1 at (42,44,21)
       Maximum CFL Number    :  0.88E+00 on Mesh 1 at (42,44,20)
       Maximum VN Number     :  0.32E+00 on Mesh 1 at (11,22,51)
       ---------------------------------------------------------------
       Mesh    1
       Max CFL number:  0.88E+00 at (42,44,20)
       Max divergence:  0.17E+02 at (42,44,7)
       Min divergence: -0.30E+01 at (42,43,15)
       Max VN number :  0.32E+00 at (11,22,51)
       Mesh    2
       Max CFL number:  0.52E+00 at (1,43,33)
       Max divergence:  0.49E+00 at (1,44,24)
       Min divergence: -0.57E+00 at (2,42,36)
       Max VN number :  0.30E+00 at (8,2,51)
       Mesh    3
       Max CFL number:  0.45E+00 at (44,1,40)
       Max divergence:  0.21E+00 at (41,1,35)
       Min divergence: -0.24E+00 at (44,1,39)
       Max VN number :  0.29E+00 at (14,28,51)
       Mesh    4
       Max CFL number:  0.43E+00 at (1,2,51)
       Max divergence:  0.11E+00 at (2,1,36)
       Min divergence: -0.15E+00 at (1,1,35)
       Max VN number :  0.28E+00 at (11,30,51)
 
       Time Step    16900   August  8, 2026  14:29:08
       Step Size:  0.794E-02 s, Total Time:  171.10590 s
       Pressure Iterations: 3
       Maximum Velocity Error:  0.16E-01 on Mesh 1 at (44,43,45)
       Maximum Pressure Error:  0.90E+03 on Mesh 1 at (40,43,17)
       Maximum CFL Number    :  0.94E+00 on Mesh 1 at (40,43,16)
       Maximum VN Number     :  0.36E+00 on Mesh 2 at (3,32,51)
       ---------------------------------------------------------------
       Mesh    1
       Max CFL number:  0.94E+00 at (40,43,16)
       Max divergence:  0.18E+02 at (43,44,7)
       Min divergence: -0.41E+01 at (40,43,17)
       Max VN number :  0.31E+00 at (35,36,51)
       Mesh    2
       Max CFL number:  0.55E+00 at (3,39,51)
       Max divergence:  0.67E+00 at (1,41,45)
       Min divergence: -0.31E+00 at (1,42,39)
       Max VN number :  0.36E+00 at (3,32,51)
       Mesh    3
       Max CFL number:  0.46E+00 at (37,8,51)
       Max divergence:  0.19E+00 at (29,2,50)
       Min divergence: -0.19E+00 at (29,2,51)
       Max VN number :  0.27E+00 at (35,4,51)
       Mesh    4
       Max CFL number:  0.46E+00 at (2,7,51)
       Max divergence:  0.11E+00 at (1,1,50)
       Min divergence: -0.16E+00 at (4,7,51)
       Max VN number :  0.21E+00 at (30,16,51)
 
       Time Step    17000   August  8, 2026  14:29:56
       Step Size:  0.924E-02 s, Total Time:  171.96186 s
       Pressure Iterations: 3
       Maximum Velocity Error:  0.24E-01 on Mesh 1 at (42,46,34)
       Maximum Pressure Error:  0.91E+03 on Mesh 1 at (41,44,20)
       Maximum CFL Number    :  0.99E+00 on Mesh 1 at (42,44,26)
       Maximum VN Number     :  0.51E+00 on Mesh 3 at (42,19,51)
       ---------------------------------------------------------------
       Mesh    1
       Max CFL number:  0.99E+00 at (42,44,26)
       Max divergence:  0.19E+02 at (43,44,7)
       Min divergence: -0.31E+01 at (41,44,19)
       Max VN number :  0.29E+00 at (42,44,26)
       Mesh    2
       Max CFL number:  0.52E+00 at (1,44,27)
       Max divergence:  0.65E+00 at (1,45,28)
       Min divergence: -0.13E+01 at (1,44,27)
       Max VN number :  0.32E+00 at (18,26,51)
       Mesh    3
       Max CFL number:  0.48E+00 at (42,1,32)
       Max divergence:  0.23E+00 at (43,1,35)
       Min divergence: -0.41E+00 at (42,1,32)
       Max VN number :  0.51E+00 at (42,19,51)
       Mesh    4
       Max CFL number:  0.44E+00 at (1,1,51)
       Max divergence:  0.15E+00 at (1,1,32)
       Min divergence: -0.98E-01 at (2,2,51)
       Max VN number :  0.19E+00 at (18,19,51)
 
       Time Step    17100   August  8, 2026  14:30:45
       Step Size:  0.907E-02 s, Total Time:  172.83966 s
       Pressure Iterations: 2
       Maximum Velocity Error:  0.24E-01 on Mesh 1 at (44,39,39)
       Maximum Pressure Error:  0.21E+03 on Mesh 1 at (43,43,26)
       Maximum CFL Number    :  0.81E+00 on Mesh 1 at (43,43,25)
       Maximum VN Number     :  0.33E+00 on Mesh 2 at (20,25,51)
       ---------------------------------------------------------------
       Mesh    1
       Max CFL number:  0.81E+00 at (43,43,25)
       Max divergence:  0.17E+02 at (43,44,7)
       Min divergence: -0.40E+01 at (42,43,17)
       Max VN number :  0.33E+00 at (34,15,51)
       Mesh    2
       Max CFL number:  0.55E+00 at (2,41,40)
       Max divergence:  0.43E+00 at (1,43,22)
       Min divergence: -0.42E+00 at (1,39,42)
       Max VN number :  0.33E+00 at (20,25,51)
       Mesh    3
       Max CFL number:  0.54E+00 at (33,5,51)
       Max divergence:  0.12E+00 at (37,12,50)
       Min divergence: -0.19E+00 at (36,12,51)
       Max VN number :  0.30E+00 at (43,15,51)
       Mesh    4
       Max CFL number:  0.39E+00 at (1,1,43)
       Max divergence:  0.12E+00 at (7,1,50)
       Min divergence: -0.31E+00 at (1,1,43)
       Max VN number :  0.24E+00 at (11,23,51)
 
       Time Step    17200   August  8, 2026  14:31:33
       Step Size:  0.864E-02 s, Total Time:  173.78169 s
       Pressure Iterations: 3
       Maximum Velocity Error:  0.12E-01 on Mesh 1 at (44,41,26)
       Maximum Pressure Error:  0.44E+03 on Mesh 1 at (42,44,23)
       Maximum CFL Number    :  0.92E+00 on Mesh 1 at (42,44,22)
       Maximum VN Number     :  0.34E+00 on Mesh 3 at (40,11,51)
       ---------------------------------------------------------------
       Mesh    1
       Max CFL number:  0.92E+00 at (42,44,22)
       Max divergence:  0.18E+02 at (43,44,7)
       Min divergence: -0.28E+01 at (41,45,18)
       Max VN number :  0.29E+00 at (40,44,24)
       Mesh    2
       Max CFL number:  0.39E+00 at (1,31,51)
       Max divergence:  0.80E+00 at (1,41,27)
       Min divergence: -0.47E+00 at (1,42,27)
       Max VN number :  0.22E+00 at (19,23,51)
       Mesh    3
       Max CFL number:  0.49E+00 at (43,1,41)
       Max divergence:  0.29E+00 at (42,1,14)
       Min divergence: -0.25E+00 at (43,1,42)
       Max VN number :  0.34E+00 at (40,11,51)
       Mesh    4
       Max CFL number:  0.42E+00 at (7,4,51)
       Max divergence:  0.68E-01 at (1,1,39)
       Min divergence: -0.77E-01 at (15,2,51)
       Max VN number :  0.26E+00 at (14,2,51)
 
       Time Step    17300   August  8, 2026  14:32:22
       Step Size:  0.920E-02 s, Total Time:  174.68882 s
       Pressure Iterations: 2
       Maximum Velocity Error:  0.24E-01 on Mesh 1 at (44,43,21)
       Maximum Pressure Error:  0.45E+03 on Mesh 1 at (43,41,22)
       Maximum CFL Number    :  0.85E+00 on Mesh 1 at (43,43,19)
       Maximum VN Number     :  0.42E+00 on Mesh 3 at (42,20,51)
       ---------------------------------------------------------------
       Mesh    1
       Max CFL number:  0.85E+00 at (43,43,19)
       Max divergence:  0.17E+02 at (43,44,7)
       Min divergence: -0.51E+01 at (42,43,17)
       Max VN number :  0.28E+00 at (26,44,51)
       Mesh    2
       Max CFL number:  0.46E+00 at (6,44,51)
       Max divergence:  0.14E+01 at (1,43,19)
       Min divergence: -0.22E+00 at (7,44,50)
       Max VN number :  0.31E+00 at (16,44,51)
       Mesh    3
       Max CFL number:  0.49E+00 at (40,1,38)
       Max divergence:  0.21E+00 at (40,2,39)
       Min divergence: -0.27E+00 at (40,1,39)
       Max VN number :  0.42E+00 at (42,20,51)
       Mesh    4
       Max CFL number:  0.40E+00 at (13,6,51)
       Max divergence:  0.10E+00 at (5,5,50)
       Min divergence: -0.11E+00 at (7,3,51)
       Max VN number :  0.25E+00 at (32,40,51)
 
       Time Step    17400   August  8, 2026  14:33:11
       Step Size:  0.899E-02 s, Total Time:  175.58541 s
       Pressure Iterations: 3
       Maximum Velocity Error:  0.18E-01 on Mesh 1 at (44,43,25)
       Maximum Pressure Error:  0.34E+03 on Mesh 1 at (43,43,17)
       Maximum CFL Number    :  0.95E+00 on Mesh 1 at (41,43,39)
       Maximum VN Number     :  0.32E+00 on Mesh 3 at (22,30,51)
       ---------------------------------------------------------------
       Mesh    1
       Max CFL number:  0.95E+00 at (41,43,39)
       Max divergence:  0.20E+02 at (41,43,7)
       Min divergence: -0.43E+01 at (42,43,13)
       Max VN number :  0.28E+00 at (15,38,51)
       Mesh    2
       Max CFL number:  0.63E+00 at (5,45,51)
       Max divergence:  0.42E+00 at (1,41,19)
       Min divergence: -0.41E+00 at (1,44,26)
       Max VN number :  0.32E+00 at (8,41,51)
       Mesh    3
       Max CFL number:  0.43E+00 at (37,5,51)
       Max divergence:  0.21E+00 at (44,1,22)
       Min divergence: -0.17E+00 at (43,1,37)
       Max VN number :  0.32E+00 at (22,30,51)
       Mesh    4
       Max CFL number:  0.47E+00 at (5,6,51)
       Max divergence:  0.10E+00 at (1,1,48)
       Min divergence: -0.12E+00 at (10,3,51)
       Max VN number :  0.27E+00 at (40,31,51)
 
       Time Step    17500   August  8, 2026  14:34:00
       Step Size:  0.868E-02 s, Total Time:  176.46875 s
       Pressure Iterations: 4
       Maximum Velocity Error:  0.12E-01 on Mesh 1 at (44,44,46)
       Maximum Pressure Error:  0.28E+03 on Mesh 1 at (41,43,23)
       Maximum CFL Number    :  0.89E+00 on Mesh 1 at (41,43,34)
       Maximum VN Number     :  0.32E+00 on Mesh 1 at (22,29,51)
       ---------------------------------------------------------------
       Mesh    1
       Max CFL number:  0.89E+00 at (41,43,34)
       Max divergence:  0.26E+02 at (41,43,7)
       Min divergence: -0.40E+01 at (42,43,15)
       Max VN number :  0.32E+00 at (22,29,51)
       Mesh    2
       Max CFL number:  0.60E+00 at (1,44,43)
       Max divergence:  0.45E+00 at (1,44,8)
       Min divergence: -0.30E+00 at (1,43,23)
       Max VN number :  0.29E+00 at (40,39,51)
       Mesh    3
       Max CFL number:  0.40E+00 at (41,3,51)
       Max divergence:  0.12E+00 at (44,3,49)
       Min divergence: -0.16E+00 at (43,3,49)
       Max VN number :  0.30E+00 at (2,9,51)
       Mesh    4
       Max CFL number:  0.51E+00 at (1,1,49)
       Max divergence:  0.14E+00 at (2,3,46)
       Min divergence: -0.22E+00 at (1,2,48)
       Max VN number :  0.26E+00 at (16,4,51)
 
       Time Step    17600   August  8, 2026  14:34:49
       Step Size:  0.828E-02 s, Total Time:  177.28041 s
       Pressure Iterations: 5
       Maximum Velocity Error:  0.15E-01 on Mesh 1 at (44,44,32)
       Maximum Pressure Error:  0.52E+03 on Mesh 2 at (1,44,32)
       Maximum CFL Number    :  0.99E+00 on Mesh 2 at (1,44,31)
       Maximum VN Number     :  0.44E+00 on Mesh 3 at (42,6,51)
       ---------------------------------------------------------------
       Mesh    1
       Max CFL number:  0.83E+00 at (42,44,16)
       Max divergence:  0.17E+02 at (43,42,7)
       Min divergence: -0.39E+01 at (42,43,11)
       Max VN number :  0.33E+00 at (31,43,51)
       Mesh    2
       Max CFL number:  0.99E+00 at (1,44,31)
       Max divergence:  0.18E+01 at (1,45,33)
       Min divergence: -0.22E+01 at (1,44,32)
       Max VN number :  0.30E+00 at (11,24,51)
       Mesh    3
       Max CFL number:  0.47E+00 at (43,1,44)
       Max divergence:  0.35E+00 at (44,1,45)
       Min divergence: -0.53E+00 at (43,1,45)
       Max VN number :  0.44E+00 at (42,6,51)
       Mesh    4
       Max CFL number:  0.42E+00 at (7,6,51)
       Max divergence:  0.19E+00 at (1,1,27)
       Min divergence: -0.13E+00 at (17,14,51)
       Max VN number :  0.25E+00 at (9,5,51)
 
       Time Step    17700   August  8, 2026  14:35:39
       Step Size:  0.999E-02 s, Total Time:  178.15868 s
       Pressure Iterations: 2
       Maximum Velocity Error:  0.17E-01 on Mesh 1 at (44,42,39)
       Maximum Pressure Error:  0.29E+03 on Mesh 1 at (43,44,13)
       Maximum CFL Number    :  0.89E+00 on Mesh 1 at (41,42,39)
       Maximum VN Number     :  0.36E+00 on Mesh 4 at (18,14,51)
       ---------------------------------------------------------------
       Mesh    1
       Max CFL number:  0.89E+00 at (41,42,39)
       Max divergence:  0.15E+02 at (43,42,7)
       Min divergence: -0.35E+01 at (42,43,13)
       Max VN number :  0.35E+00 at (42,33,51)
       Mesh    2
       Max CFL number:  0.50E+00 at (5,44,51)
       Max divergence:  0.93E+00 at (1,43,21)
       Min divergence: -0.12E+01 at (1,42,20)
       Max VN number :  0.25E+00 at (4,19,51)
       Mesh    3
       Max CFL number:  0.49E+00 at (42,1,42)
       Max divergence:  0.19E+00 at (42,1,46)
       Min divergence: -0.32E+00 at (42,1,43)
       Max VN number :  0.30E+00 at (10,12,51)
       Mesh    4
       Max CFL number:  0.50E+00 at (19,13,51)
       Max divergence:  0.97E-01 at (1,10,50)
       Min divergence: -0.11E+00 at (18,8,51)
       Max VN number :  0.36E+00 at (18,14,51)
 
       Time Step    17800   August  8, 2026  14:36:28
       Step Size:  0.943E-02 s, Total Time:  179.05940 s
       Pressure Iterations: 4
       Maximum Velocity Error:  0.17E-01 on Mesh 3 at (43,0,38)
       Maximum Pressure Error:  0.25E+03 on Mesh 1 at (43,43,15)
       Maximum CFL Number    :  0.85E+00 on Mesh 1 at (41,42,29)
       Maximum VN Number     :  0.36E+00 on Mesh 2 at (3,25,51)
       ---------------------------------------------------------------
       Mesh    1
       Max CFL number:  0.85E+00 at (41,42,29)
       Max divergence:  0.18E+02 at (41,42,7)
       Min divergence: -0.34E+01 at (42,43,15)
       Max VN number :  0.34E+00 at (30,40,51)
       Mesh    2
       Max CFL number:  0.76E+00 at (1,46,34)
       Max divergence:  0.46E+00 at (1,44,22)
       Min divergence: -0.63E+00 at (3,44,38)
       Max VN number :  0.36E+00 at (3,25,51)
       Mesh    3
       Max CFL number:  0.67E+00 at (44,1,37)
       Max divergence:  0.22E+00 at (44,1,39)
       Min divergence: -0.47E+00 at (44,1,33)
       Max VN number :  0.33E+00 at (42,5,51)
       Mesh    4
       Max CFL number:  0.40E+00 at (4,6,51)
       Max divergence:  0.49E+00 at (1,1,36)
       Min divergence: -0.14E+00 at (1,1,35)
       Max VN number :  0.23E+00 at (39,8,51)
 
       Time Step    17900   August  8, 2026  14:37:17
       Step Size:  0.838E-02 s, Total Time:  179.96319 s
       Pressure Iterations: 3
       Maximum Velocity Error:  0.21E-01 on Mesh 1 at (41,46,37)
       Maximum Pressure Error:  0.46E+03 on Mesh 1 at (43,43,31)
       Maximum CFL Number    :  0.89E+00 on Mesh 1 at (43,43,31)
       Maximum VN Number     :  0.29E+00 on Mesh 1 at (32,44,51)
       ---------------------------------------------------------------
       Mesh    1
       Max CFL number:  0.89E+00 at (43,43,31)
       Max divergence:  0.15E+02 at (43,42,7)
       Min divergence: -0.40E+01 at (42,43,17)
       Max VN number :  0.29E+00 at (32,44,51)
       Mesh    2
       Max CFL number:  0.51E+00 at (5,32,51)
       Max divergence:  0.32E+00 at (1,42,27)
       Min divergence: -0.24E+00 at (1,42,25)
       Max VN number :  0.25E+00 at (24,30,51)
       Mesh    3
       Max CFL number:  0.43E+00 at (33,2,51)
       Max divergence:  0.30E+00 at (43,1,38)
       Min divergence: -0.28E+00 at (41,1,40)
       Max VN number :  0.23E+00 at (36,6,51)
       Mesh    4
       Max CFL number:  0.34E+00 at (7,1,51)
       Max divergence:  0.91E-01 at (1,1,35)
       Min divergence: -0.10E+00 at (9,1,50)
       Max VN number :  0.22E+00 at (9,1,51)
 
       Time Step    18000   August  8, 2026  14:38:06
       Step Size:  0.791E-02 s, Total Time:  180.82259 s
       Pressure Iterations: 3
       Maximum Velocity Error:  0.17E-01 on Mesh 1 at (44,41,28)
       Maximum Pressure Error:  0.54E+03 on Mesh 1 at (42,44,18)
       Maximum CFL Number    :  0.90E+00 on Mesh 1 at (42,44,18)
       Maximum VN Number     :  0.38E+00 on Mesh 1 at (44,43,51)
       ---------------------------------------------------------------
       Mesh    1
       Max CFL number:  0.90E+00 at (42,44,18)
       Max divergence:  0.19E+02 at (43,44,7)
       Min divergence: -0.43E+01 at (42,43,14)
       Max VN number :  0.38E+00 at (44,43,51)
       Mesh    2
       Max CFL number:  0.50E+00 at (1,43,21)
       Max divergence:  0.96E+00 at (1,41,31)
       Min divergence: -0.13E+01 at (1,43,21)
       Max VN number :  0.29E+00 at (20,42,51)
       Mesh    3
       Max CFL number:  0.40E+00 at (43,3,51)
       Max divergence:  0.17E+00 at (44,3,50)
       Min divergence: -0.16E+00 at (43,2,50)
       Max VN number :  0.23E+00 at (17,4,51)
       Mesh    4
       Max CFL number:  0.42E+00 at (1,2,51)
       Max divergence:  0.16E+00 at (2,1,44)
       Min divergence: -0.13E+00 at (1,2,45)
       Max VN number :  0.31E+00 at (1,19,51)
 
       Time Step    18100   August  8, 2026  14:38:55
       Step Size:  0.860E-02 s, Total Time:  181.68230 s
       Pressure Iterations: 3
       Maximum Velocity Error:  0.24E-01 on Mesh 1 at (44,41,45)
       Maximum Pressure Error:  0.26E+03 on Mesh 1 at (43,43,9)
       Maximum CFL Number    :  0.89E+00 on Mesh 1 at (42,43,19)
       Maximum VN Number     :  0.32E+00 on Mesh 1 at (4,32,51)
       ---------------------------------------------------------------
       Mesh    1
       Max CFL number:  0.89E+00 at (42,43,19)
       Max divergence:  0.16E+02 at (42,42,7)
       Min divergence: -0.48E+01 at (43,43,16)
       Max VN number :  0.32E+00 at (4,32,51)
       Mesh    2
       Max CFL number:  0.55E+00 at (1,46,43)
       Max divergence:  0.21E+01 at (1,43,14)
       Min divergence: -0.65E+00 at (1,44,20)
       Max VN number :  0.28E+00 at (16,12,51)
       Mesh    3
       Max CFL number:  0.57E+00 at (44,2,51)
       Max divergence:  0.13E+00 at (43,1,21)
       Min divergence: -0.16E+00 at (44,2,50)
       Max VN number :  0.27E+00 at (9,26,51)
       Mesh    4
       Max CFL number:  0.60E+00 at (1,1,46)
       Max divergence:  0.21E+00 at (3,1,47)
       Min divergence: -0.25E+00 at (2,1,46)
       Max VN number :  0.26E+00 at (3,3,51)
 
       Time Step    18200   August  8, 2026  14:39:44
       Step Size:  0.906E-02 s, Total Time:  182.56173 s
       Pressure Iterations: 3
       Maximum Velocity Error:  0.17E-01 on Mesh 1 at (44,42,47)
       Maximum Pressure Error:  0.30E+03 on Mesh 1 at (43,42,12)
       Maximum CFL Number    :  0.89E+00 on Mesh 1 at (41,42,26)
       Maximum VN Number     :  0.34E+00 on Mesh 1 at (25,43,51)
       ---------------------------------------------------------------
       Mesh    1
       Max CFL number:  0.89E+00 at (41,42,26)
       Max divergence:  0.16E+02 at (41,43,7)
       Min divergence: -0.30E+01 at (42,43,19)
       Max VN number :  0.34E+00 at (25,43,51)
       Mesh    2
       Max CFL number:  0.59E+00 at (2,45,47)
       Max divergence:  0.47E+00 at (1,41,34)
       Min divergence: -0.90E+00 at (1,42,34)
       Max VN number :  0.27E+00 at (15,24,51)
       Mesh    3
       Max CFL number:  0.56E+00 at (43,1,51)
       Max divergence:  0.51E+00 at (42,1,29)
       Min divergence: -0.27E+00 at (41,1,27)
       Max VN number :  0.24E+00 at (41,8,51)
       Mesh    4
       Max CFL number:  0.48E+00 at (1,3,51)
       Max divergence:  0.15E+00 at (2,4,50)
       Min divergence: -0.17E+00 at (5,2,51)
       Max VN number :  0.22E+00 at (31,40,51)
 
       Time Step    18300   August  8, 2026  14:40:33
       Step Size:  0.851E-02 s, Total Time:  183.43069 s
       Pressure Iterations: 3
       Maximum Velocity Error:  0.20E-01 on Mesh 1 at (44,43,34)
       Maximum Pressure Error:  0.30E+03 on Mesh 1 at (42,43,19)
       Maximum CFL Number    :  0.87E+00 on Mesh 1 at (43,44,21)
       Maximum VN Number     :  0.38E+00 on Mesh 2 at (7,42,51)
       ---------------------------------------------------------------
       Mesh    1
       Max CFL number:  0.87E+00 at (43,44,21)
       Max divergence:  0.20E+02 at (43,44,7)
       Min divergence: -0.43E+01 at (42,43,18)
       Max VN number :  0.33E+00 at (24,30,51)
       Mesh    2
       Max CFL number:  0.63E+00 at (1,43,34)
       Max divergence:  0.66E+00 at (1,45,21)
       Min divergence: -0.93E+00 at (1,43,35)
       Max VN number :  0.38E+00 at (7,42,51)
       Mesh    3
       Max CFL number:  0.44E+00 at (37,3,51)
       Max divergence:  0.14E+00 at (43,1,20)
       Min divergence: -0.13E+00 at (32,4,51)
       Max VN number :  0.24E+00 at (15,18,51)
       Mesh    4
       Max CFL number:  0.33E+00 at (1,4,51)
       Max divergence:  0.79E-01 at (3,1,46)
       Min divergence: -0.90E-01 at (2,1,46)
       Max VN number :  0.22E+00 at (11,23,51)
 
       Time Step    18400   August  8, 2026  14:41:22
       Step Size:  0.782E-02 s, Total Time:  184.26407 s
       Pressure Iterations: 4
       Maximum Velocity Error:  0.15E-01 on Mesh 1 at (44,41,29)
       Maximum Pressure Error:  0.30E+03 on Mesh 1 at (42,41,36)
       Maximum CFL Number    :  0.85E+00 on Mesh 1 at (42,41,34)
       Maximum VN Number     :  0.29E+00 on Mesh 3 at (40,5,51)
       ---------------------------------------------------------------
       Mesh    1
       Max CFL number:  0.85E+00 at (42,41,34)
       Max divergence:  0.21E+02 at (41,44,7)
       Min divergence: -0.53E+01 at (43,43,13)
       Max VN number :  0.26E+00 at (27,43,51)
       Mesh    2
       Max CFL number:  0.46E+00 at (4,37,51)
       Max divergence:  0.75E+00 at (1,42,21)
       Min divergence: -0.48E+00 at (1,41,28)
       Max VN number :  0.27E+00 at (3,35,51)
       Mesh    3
       Max CFL number:  0.44E+00 at (43,1,39)
       Max divergence:  0.72E+00 at (43,1,41)
       Min divergence: -0.24E+00 at (43,1,39)
       Max VN number :  0.29E+00 at (40,5,51)
       Mesh    4
       Max CFL number:  0.39E+00 at (2,3,51)
       Max divergence:  0.98E-01 at (1,3,40)
       Min divergence: -0.17E+00 at (1,2,36)
       Max VN number :  0.23E+00 at (1,3,51)
 
       Time Step    18500   August  8, 2026  14:42:12
       Step Size:  0.947E-02 s, Total Time:  185.12336 s
       Pressure Iterations: 5
       Maximum Velocity Error:  0.13E-01 on Mesh 1 at (44,42,37)
       Maximum Pressure Error:  0.73E+03 on Mesh 1 at (43,44,13)
       Maximum CFL Number    :  0.87E+00 on Mesh 1 at (41,44,31)
       Maximum VN Number     :  0.42E+00 on Mesh 3 at (28,1,51)
       ---------------------------------------------------------------
       Mesh    1
       Max CFL number:  0.87E+00 at (41,44,31)
       Max divergence:  0.16E+02 at (43,43,7)
       Min divergence: -0.35E+01 at (43,44,13)
       Max VN number :  0.37E+00 at (28,46,51)
       Mesh    2
       Max CFL number:  0.83E+00 at (1,41,40)
       Max divergence:  0.58E+00 at (1,44,10)
       Min divergence: -0.92E+00 at (1,41,40)
       Max VN number :  0.31E+00 at (22,14,51)
       Mesh    3
       Max CFL number:  0.65E+00 at (42,1,47)
       Max divergence:  0.55E+00 at (41,1,23)
       Min divergence: -0.45E+00 at (42,1,22)
       Max VN number :  0.42E+00 at (28,1,51)
       Mesh    4
       Max CFL number:  0.45E+00 at (9,3,51)
       Max divergence:  0.18E+00 at (1,1,41)
       Min divergence: -0.13E+00 at (15,1,51)
       Max VN number :  0.36E+00 at (3,22,51)
 
       Time Step    18600   August  8, 2026  14:43:02
       Step Size:  0.797E-02 s, Total Time:  186.00846 s
       Pressure Iterations: 3
       Maximum Velocity Error:  0.20E-01 on Mesh 1 at (44,43,41)
       Maximum Pressure Error:  0.76E+03 on Mesh 1 at (43,42,15)
       Maximum CFL Number    :  0.77E+00 on Mesh 1 at (39,44,29)
       Maximum VN Number     :  0.29E+00 on Mesh 1 at (39,44,28)
       ---------------------------------------------------------------
       Mesh    1
       Max CFL number:  0.77E+00 at (39,44,29)
       Max divergence:  0.17E+02 at (43,44,8)
       Min divergence: -0.32E+01 at (42,42,12)
       Max VN number :  0.29E+00 at (39,44,28)
       Mesh    2
       Max CFL number:  0.53E+00 at (1,43,39)
       Max divergence:  0.54E+00 at (1,43,12)
       Min divergence: -0.11E+01 at (1,46,33)
       Max VN number :  0.24E+00 at (28,9,51)
       Mesh    3
       Max CFL number:  0.55E+00 at (44,1,34)
       Max divergence:  0.64E+00 at (40,1,26)
       Min divergence: -0.86E+00 at (44,1,34)
       Max VN number :  0.19E+00 at (32,4,51)
       Mesh    4
       Max CFL number:  0.37E+00 at (2,1,51)
       Max divergence:  0.79E+00 at (1,1,33)
       Min divergence: -0.45E+00 at (1,1,30)
       Max VN number :  0.27E+00 at (2,2,51)
 
       Time Step    18700   August  8, 2026  14:43:51
       Step Size:  0.975E-02 s, Total Time:  186.84161 s
       Pressure Iterations: 4
       Maximum Velocity Error:  0.15E-01 on Mesh 1 at (44,45,34)
       Maximum Pressure Error:  0.27E+03 on Mesh 1 at (43,43,25)
       Maximum CFL Number    :  0.97E+00 on Mesh 1 at (43,43,23)
       Maximum VN Number     :  0.34E+00 on Mesh 3 at (42,3,51)
       ---------------------------------------------------------------
       Mesh    1
       Max CFL number:  0.97E+00 at (43,43,23)
       Max divergence:  0.14E+02 at (43,43,7)
       Min divergence: -0.40E+01 at (43,43,13)
       Max VN number :  0.28E+00 at (44,32,51)
       Mesh    2
       Max CFL number:  0.70E+00 at (1,41,37)
       Max divergence:  0.84E+00 at (1,44,9)
       Min divergence: -0.62E+00 at (1,45,33)
       Max VN number :  0.29E+00 at (15,45,51)
       Mesh    3
       Max CFL number:  0.64E+00 at (43,3,51)
       Max divergence:  0.28E+00 at (42,1,30)
       Min divergence: -0.25E+00 at (41,2,51)
       Max VN number :  0.34E+00 at (42,3,51)
       Mesh    4
       Max CFL number:  0.50E+00 at (15,5,51)
       Max divergence:  0.14E+00 at (5,5,49)
       Min divergence: -0.12E+00 at (5,4,49)
       Max VN number :  0.28E+00 at (26,14,51)
 
       Time Step    18800   August  8, 2026  14:44:40
       Step Size:  0.783E-02 s, Total Time:  187.71366 s
       Pressure Iterations: 3
       Maximum Velocity Error:  0.17E-01 on Mesh 1 at (44,45,31)
       Maximum Pressure Error:  0.40E+03 on Mesh 1 at (39,43,32)
       Maximum CFL Number    :  0.87E+00 on Mesh 1 at (41,42,30)
       Maximum VN Number     :  0.31E+00 on Mesh 2 at (1,44,51)
       ---------------------------------------------------------------
       Mesh    1
       Max CFL number:  0.87E+00 at (41,42,30)
       Max divergence:  0.17E+02 at (42,44,7)
       Min divergence: -0.32E+01 at (39,43,32)
       Max VN number :  0.29E+00 at (40,43,33)
       Mesh    2
       Max CFL number:  0.60E+00 at (1,45,32)
       Max divergence:  0.53E+00 at (1,44,34)
       Min divergence: -0.50E+00 at (2,44,34)
       Max VN number :  0.31E+00 at (1,44,51)
       Mesh    3
       Max CFL number:  0.50E+00 at (43,1,36)
       Max divergence:  0.31E+00 at (44,1,39)
       Min divergence: -0.58E+00 at (43,1,37)
       Max VN number :  0.22E+00 at (32,21,51)
       Mesh    4
       Max CFL number:  0.36E+00 at (2,13,51)
       Max divergence:  0.17E+00 at (1,1,37)
       Min divergence: -0.12E+00 at (1,1,36)
       Max VN number :  0.26E+00 at (20,26,51)
 
       Time Step    18900   August  8, 2026  14:45:28
       Step Size:  0.925E-02 s, Total Time:  188.59466 s
       Pressure Iterations: 2
       Maximum Velocity Error:  0.21E-01 on Mesh 1 at (44,41,46)
       Maximum Pressure Error:  0.30E+03 on Mesh 1 at (43,43,11)
       Maximum CFL Number    :  0.84E+00 on Mesh 1 at (42,44,28)
       Maximum VN Number     :  0.42E+00 on Mesh 1 at (41,45,51)
       ---------------------------------------------------------------
       Mesh    1
       Max CFL number:  0.84E+00 at (42,44,28)
       Max divergence:  0.13E+02 at (41,42,7)
       Min divergence: -0.39E+01 at (41,43,14)
       Max VN number :  0.42E+00 at (41,45,51)
       Mesh    2
       Max CFL number:  0.57E+00 at (2,41,51)
       Max divergence:  0.37E+00 at (1,42,7)
       Min divergence: -0.30E+00 at (1,45,35)
       Max VN number :  0.32E+00 at (2,45,51)
       Mesh    3
       Max CFL number:  0.48E+00 at (44,4,51)
       Max divergence:  0.24E+00 at (43,1,38)
       Min divergence: -0.13E+00 at (26,6,51)
       Max VN number :  0.35E+00 at (15,40,51)
       Mesh    4
       Max CFL number:  0.48E+00 at (2,4,51)
       Max divergence:  0.11E+00 at (1,1,34)
       Min divergence: -0.90E-01 at (1,3,51)
       Max VN number :  0.26E+00 at (25,4,51)
 
       Time Step    19000   August  8, 2026  14:46:17
       Step Size:  0.866E-02 s, Total Time:  189.52603 s
       Pressure Iterations: 4
       Maximum Velocity Error:  0.14E-01 on Mesh 1 at (44,42,33)
       Maximum Pressure Error:  0.33E+03 on Mesh 1 at (42,42,17)
       Maximum CFL Number    :  0.90E+00 on Mesh 1 at (41,42,19)
       Maximum VN Number     :  0.35E+00 on Mesh 3 at (41,2,51)
       ---------------------------------------------------------------
       Mesh    1
       Max CFL number:  0.90E+00 at (41,42,19)
       Max divergence:  0.18E+02 at (43,42,7)
       Min divergence: -0.29E+01 at (42,42,18)
       Max VN number :  0.30E+00 at (14,18,51)
       Mesh    2
       Max CFL number:  0.62E+00 at (2,43,32)
       Max divergence:  0.56E+00 at (1,44,8)
       Min divergence: -0.62E+00 at (1,41,36)
       Max VN number :  0.22E+00 at (21,19,51)
       Mesh    3
       Max CFL number:  0.38E+00 at (39,25,51)
       Max divergence:  0.16E+00 at (38,1,42)
       Min divergence: -0.22E+00 at (37,1,41)
       Max VN number :  0.35E+00 at (41,2,51)
       Mesh    4
       Max CFL number:  0.40E+00 at (11,30,51)
       Max divergence:  0.10E+00 at (2,1,33)
       Min divergence: -0.11E+00 at (1,1,33)
       Max VN number :  0.34E+00 at (10,30,51)
 
       Time Step    19100   August  8, 2026  14:47:07
       Step Size:  0.886E-02 s, Total Time:  190.33280 s
       Pressure Iterations: 4
       Maximum Velocity Error:  0.20E-01 on Mesh 1 at (44,43,37)
       Maximum Pressure Error:  0.22E+03 on Mesh 1 at (42,44,12)
       Maximum CFL Number    :  0.81E+00 on Mesh 2 at (2,45,29)
       Maximum VN Number     :  0.37E+00 on Mesh 1 at (43,44,51)
       ---------------------------------------------------------------
       Mesh    1
       Max CFL number:  0.80E+00 at (44,43,38)
       Max divergence:  0.15E+02 at (43,42,7)
       Min divergence: -0.41E+01 at (42,43,13)
       Max VN number :  0.37E+00 at (43,44,51)
       Mesh    2
       Max CFL number:  0.81E+00 at (2,45,29)
       Max divergence:  0.12E+01 at (1,46,29)
       Min divergence: -0.12E+01 at (1,42,19)
       Max VN number :  0.29E+00 at (33,9,51)
       Mesh    3
       Max CFL number:  0.65E+00 at (39,1,51)
       Max divergence:  0.33E+00 at (44,1,29)
       Min divergence: -0.24E+00 at (39,2,51)
       Max VN number :  0.21E+00 at (15,21,51)
       Mesh    4
       Max CFL number:  0.46E+00 at (1,2,51)
       Max divergence:  0.33E+00 at (1,1,28)
       Min divergence: -0.10E+00 at (1,3,51)
       Max VN number :  0.24E+00 at (40,2,51)
 
       Time Step    19200   August  8, 2026  14:47:57
       Step Size:  0.960E-02 s, Total Time:  191.25402 s
       Pressure Iterations: 3
       Maximum Velocity Error:  0.22E-01 on Mesh 1 at (43,46,22)
       Maximum Pressure Error:  0.22E+03 on Mesh 1 at (42,44,15)
       Maximum CFL Number    :  0.86E+00 on Mesh 1 at (42,42,45)
       Maximum VN Number     :  0.39E+00 on Mesh 1 at (38,25,51)
       ---------------------------------------------------------------
       Mesh    1
       Max CFL number:  0.86E+00 at (42,42,45)
       Max divergence:  0.16E+02 at (43,42,7)
       Min divergence: -0.29E+01 at (42,43,12)
       Max VN number :  0.39E+00 at (38,25,51)
       Mesh    2
       Max CFL number:  0.56E+00 at (1,46,49)
       Max divergence:  0.31E+00 at (2,45,50)
       Min divergence: -0.24E+00 at (1,46,50)
       Max VN number :  0.30E+00 at (15,35,51)
       Mesh    3
       Max CFL number:  0.55E+00 at (42,1,48)
       Max divergence:  0.49E+00 at (41,1,25)
       Min divergence: -0.70E+00 at (41,1,23)
       Max VN number :  0.36E+00 at (29,21,51)
       Mesh    4
       Max CFL number:  0.57E+00 at (1,1,49)
       Max divergence:  0.17E+00 at (1,1,22)
       Min divergence: -0.14E+00 at (1,1,47)
       Max VN number :  0.29E+00 at (18,20,51)
 
       Time Step    19300   August  8, 2026  14:48:46
       Step Size:  0.958E-02 s, Total Time:  192.17056 s
       Pressure Iterations: 3
       Maximum Velocity Error:  0.14E-01 on Mesh 1 at (44,44,31)
       Maximum Pressure Error:  0.23E+03 on Mesh 1 at (42,42,16)
       Maximum CFL Number    :  0.87E+00 on Mesh 1 at (41,42,22)
       Maximum VN Number     :  0.30E+00 on Mesh 2 at (17,6,51)
       ---------------------------------------------------------------
       Mesh    1
       Max CFL number:  0.87E+00 at (41,42,22)
       Max divergence:  0.17E+02 at (41,43,7)
       Min divergence: -0.41E+01 at (42,42,15)
       Max VN number :  0.27E+00 at (43,38,51)
       Mesh    2
       Max CFL number:  0.53E+00 at (1,45,26)
       Max divergence:  0.34E+00 at (1,45,29)
       Min divergence: -0.47E+00 at (1,44,29)
       Max VN number :  0.30E+00 at (17,6,51)
       Mesh    3
       Max CFL number:  0.53E+00 at (41,1,37)
       Max divergence:  0.27E+00 at (44,1,28)
       Min divergence: -0.30E+00 at (41,1,37)
       Max VN number :  0.25E+00 at (19,11,51)
       Mesh    4
       Max CFL number:  0.38E+00 at (5,5,51)
       Max divergence:  0.85E-01 at (1,1,27)
       Min divergence: -0.14E+00 at (28,1,51)
       Max VN number :  0.23E+00 at (29,41,51)
 
       Time Step    19400   August  8, 2026  14:49:35
       Step Size:  0.754E-02 s, Total Time:  193.07398 s
       Pressure Iterations: 5
       Maximum Velocity Error:  0.13E-01 on Mesh 2 at (0,44,22)
       Maximum Pressure Error:  0.38E+03 on Mesh 1 at (44,44,24)
       Maximum CFL Number    :  0.87E+00 on Mesh 1 at (44,44,24)
       Maximum VN Number     :  0.32E+00 on Mesh 1 at (28,38,51)
       ---------------------------------------------------------------
       Mesh    1
       Max CFL number:  0.87E+00 at (44,44,24)
       Max divergence:  0.19E+02 at (42,44,7)
       Min divergence: -0.49E+01 at (42,42,11)
       Max VN number :  0.32E+00 at (28,38,51)
       Mesh    2
       Max CFL number:  0.45E+00 at (8,44,51)
       Max divergence:  0.17E+01 at (1,44,23)
       Min divergence: -0.12E+01 at (1,43,17)
       Max VN number :  0.28E+00 at (11,46,51)
       Mesh    3
       Max CFL number:  0.40E+00 at (30,4,51)
       Max divergence:  0.26E+00 at (43,1,19)
       Min divergence: -0.22E+00 at (42,3,50)
       Max VN number :  0.24E+00 at (14,18,51)
       Mesh    4
       Max CFL number:  0.37E+00 at (10,1,51)
       Max divergence:  0.13E+00 at (3,1,45)
       Min divergence: -0.12E+00 at (2,1,47)
       Max VN number :  0.19E+00 at (8,1,51)
 
       Time Step    19500   August  8, 2026  14:50:24
       Step Size:  0.834E-02 s, Total Time:  193.92027 s
       Pressure Iterations: 4
       Maximum Velocity Error:  0.18E-01 on Mesh 2 at (0,42,25)
       Maximum Pressure Error:  0.50E+03 on Mesh 1 at (43,44,14)
       Maximum CFL Number    :  0.91E+00 on Mesh 1 at (42,42,28)
       Maximum VN Number     :  0.36E+00 on Mesh 2 at (26,32,51)
       ---------------------------------------------------------------
       Mesh    1
       Max CFL number:  0.91E+00 at (42,42,28)
       Max divergence:  0.17E+02 at (43,43,7)
       Min divergence: -0.37E+01 at (43,44,13)
       Max VN number :  0.33E+00 at (43,26,51)
       Mesh    2
       Max CFL number:  0.54E+00 at (1,43,40)
       Max divergence:  0.71E+00 at (1,41,25)
       Min divergence: -0.97E+00 at (1,43,21)
       Max VN number :  0.36E+00 at (26,32,51)
       Mesh    3
       Max CFL number:  0.48E+00 at (40,1,50)
       Max divergence:  0.26E+00 at (43,1,47)
       Min divergence: -0.24E+00 at (44,1,46)
       Max VN number :  0.28E+00 at (37,23,51)
       Mesh    4
       Max CFL number:  0.51E+00 at (1,2,38)
       Max divergence:  0.22E+00 at (1,1,42)
       Min divergence: -0.24E+00 at (2,2,41)
       Max VN number :  0.21E+00 at (40,21,51)
 
       Time Step    19600   August  8, 2026  14:51:13
       Step Size:  0.859E-02 s, Total Time:  194.81832 s
       Pressure Iterations: 3
       Maximum Velocity Error:  0.23E-01 on Mesh 1 at (44,43,40)
       Maximum Pressure Error:  0.45E+03 on Mesh 1 at (41,43,24)
       Maximum CFL Number    :  0.87E+00 on Mesh 1 at (41,43,22)
       Maximum VN Number     :  0.31E+00 on Mesh 3 at (32,14,51)
       ---------------------------------------------------------------
       Mesh    1
       Max CFL number:  0.87E+00 at (41,43,22)
       Max divergence:  0.17E+02 at (41,44,7)
       Min divergence: -0.50E+01 at (43,42,10)
       Max VN number :  0.31E+00 at (42,25,51)
       Mesh    2
       Max CFL number:  0.60E+00 at (1,42,43)
       Max divergence:  0.36E+00 at (1,42,7)
       Min divergence: -0.46E+00 at (1,40,37)
       Max VN number :  0.24E+00 at (15,32,51)
       Mesh    3
       Max CFL number:  0.46E+00 at (44,2,41)
       Max divergence:  0.20E+00 at (43,2,42)
       Min divergence: -0.35E+00 at (44,2,42)
       Max VN number :  0.31E+00 at (32,14,51)
       Mesh    4
       Max CFL number:  0.37E+00 at (1,1,39)
       Max divergence:  0.98E-01 at (2,1,40)
       Min divergence: -0.78E-01 at (2,4,49)
       Max VN number :  0.24E+00 at (9,23,51)
 
       Time Step    19700   August  8, 2026  14:52:02
       Step Size:  0.812E-02 s, Total Time:  195.65822 s
       Pressure Iterations: 3
       Maximum Velocity Error:  0.19E-01 on Mesh 1 at (44,43,18)
       Maximum Pressure Error:  0.42E+03 on Mesh 1 at (43,44,18)
       Maximum CFL Number    :  0.82E+00 on Mesh 1 at (42,44,16)
       Maximum VN Number     :  0.36E+00 on Mesh 1 at (25,45,51)
       ---------------------------------------------------------------
       Mesh    1
       Max CFL number:  0.82E+00 at (42,44,16)
       Max divergence:  0.16E+02 at (41,42,7)
       Min divergence: -0.34E+01 at (42,43,14)
       Max VN number :  0.36E+00 at (25,45,51)
       Mesh    2
       Max CFL number:  0.44E+00 at (12,31,51)
       Max divergence:  0.11E+01 at (1,44,18)
       Min divergence: -0.22E+00 at (1,43,25)
       Max VN number :  0.34E+00 at (9,11,51)
       Mesh    3
       Max CFL number:  0.39E+00 at (27,1,51)
       Max divergence:  0.21E+00 at (41,1,31)
       Min divergence: -0.20E+00 at (43,1,36)
       Max VN number :  0.25E+00 at (5,9,51)
       Mesh    4
       Max CFL number:  0.41E+00 at (10,3,51)
       Max divergence:  0.12E+00 at (12,2,50)
       Min divergence: -0.14E+00 at (12,2,51)
       Max VN number :  0.34E+00 at (21,2,51)
 
       Time Step    19800   August  8, 2026  14:52:52
       Step Size:  0.880E-02 s, Total Time:  196.52608 s
       Pressure Iterations: 3
       Maximum Velocity Error:  0.17E-01 on Mesh 1 at (44,43,40)
       Maximum Pressure Error:  0.37E+03 on Mesh 1 at (43,44,17)
       Maximum CFL Number    :  0.84E+00 on Mesh 1 at (43,43,27)
       Maximum VN Number     :  0.49E+00 on Mesh 1 at (31,2,51)
       ---------------------------------------------------------------
       Mesh    1
       Max CFL number:  0.84E+00 at (43,43,27)
       Max divergence:  0.16E+02 at (41,43,7)
       Min divergence: -0.34E+01 at (42,43,19)
       Max VN number :  0.49E+00 at (31,2,51)
       Mesh    2
       Max CFL number:  0.63E+00 at (1,44,42)
       Max divergence:  0.83E+00 at (1,43,19)
       Min divergence: -0.28E+00 at (1,44,43)
       Max VN number :  0.24E+00 at (27,9,51)
       Mesh    3
       Max CFL number:  0.50E+00 at (40,1,51)
       Max divergence:  0.15E+00 at (39,3,50)
       Min divergence: -0.18E+00 at (20,1,51)
       Max VN number :  0.24E+00 at (21,1,51)
       Mesh    4
       Max CFL number:  0.47E+00 at (4,1,51)
       Max divergence:  0.11E+00 at (4,5,50)
       Min divergence: -0.15E+00 at (4,6,51)
       Max VN number :  0.25E+00 at (32,2,51)
 
       Time Step    19900   August  8, 2026  14:53:40
       Step Size:  0.880E-02 s, Total Time:  197.40615 s
       Pressure Iterations: 3
       Maximum Velocity Error:  0.21E-01 on Mesh 1 at (43,46,47)
       Maximum Pressure Error:  0.38E+03 on Mesh 1 at (43,44,7)
       Maximum CFL Number    :  0.92E+00 on Mesh 1 at (41,44,25)
       Maximum VN Number     :  0.35E+00 on Mesh 3 at (20,20,51)
       ---------------------------------------------------------------
       Mesh    1
       Max CFL number:  0.92E+00 at (41,44,25)
       Max divergence:  0.34E+02 at (43,42,7)
       Min divergence: -0.33E+01 at (44,42,13)
       Max VN number :  0.31E+00 at (42,25,51)
       Mesh    2
       Max CFL number:  0.45E+00 at (15,43,51)
       Max divergence:  0.26E+01 at (1,43,11)
       Min divergence: -0.29E+00 at (2,41,40)
       Max VN number :  0.30E+00 at (40,11,51)
       Mesh    3
       Max CFL number:  0.46E+00 at (44,1,51)
       Max divergence:  0.33E+00 at (43,1,50)
       Min divergence: -0.29E+00 at (43,1,48)
       Max VN number :  0.35E+00 at (20,20,51)
       Mesh    4
       Max CFL number:  0.45E+00 at (1,2,51)
       Max divergence:  0.13E+00 at (6,14,50)
       Min divergence: -0.16E+00 at (6,14,51)
       Max VN number :  0.23E+00 at (7,28,51)
 
       Time Step    20000   August  8, 2026  14:54:30
       Step Size:  0.809E-02 s, Total Time:  198.19747 s
       Pressure Iterations: 4
       Maximum Velocity Error:  0.14E-01 on Mesh 1 at (44,41,39)
       Maximum Pressure Error:  0.41E+03 on Mesh 1 at (43,42,24)
       Maximum CFL Number    :  0.90E+00 on Mesh 1 at (43,42,24)
       Maximum VN Number     :  0.40E+00 on Mesh 4 at (13,2,51)
       ---------------------------------------------------------------
       Mesh    1
       Max CFL number:  0.90E+00 at (43,42,24)
       Max divergence:  0.21E+02 at (41,43,7)
       Min divergence: -0.46E+01 at (41,42,11)
       Max VN number :  0.29E+00 at (33,11,51)
       Mesh    2
       Max CFL number:  0.71E+00 at (2,42,39)
       Max divergence:  0.10E+01 at (1,44,15)
       Min divergence: -0.17E+01 at (1,42,23)
       Max VN number :  0.23E+00 at (1,39,51)
       Mesh    3
       Max CFL number:  0.51E+00 at (41,1,51)
       Max divergence:  0.73E+00 at (40,1,27)
       Min divergence: -0.45E+00 at (40,1,23)
       Max VN number :  0.22E+00 at (33,34,51)
       Mesh    4
       Max CFL number:  0.50E+00 at (12,3,51)
       Max divergence:  0.19E+00 at (11,5,50)
       Min divergence: -0.23E+00 at (13,2,51)
       Max VN number :  0.40E+00 at (13,2,51)
 
       Time Step    20100   August  8, 2026  14:55:19
       Step Size:  0.968E-02 s, Total Time:  199.07531 s
       Pressure Iterations: 3
       Maximum Velocity Error:  0.19E-01 on Mesh 1 at (44,41,47)
       Maximum Pressure Error:  0.25E+03 on Mesh 1 at (42,42,16)
       Maximum CFL Number    :  0.83E+00 on Mesh 1 at (42,43,17)
       Maximum VN Number     :  0.40E+00 on Mesh 1 at (38,46,51)
       ---------------------------------------------------------------
       Mesh    1
       Max CFL number:  0.83E+00 at (42,43,17)
       Max divergence:  0.19E+02 at (41,43,7)
       Min divergence: -0.38E+01 at (42,43,17)
       Max VN number :  0.40E+00 at (38,46,51)
       Mesh    2
       Max CFL number:  0.65E+00 at (2,42,48)
       Max divergence:  0.46E+00 at (1,43,30)
       Min divergence: -0.29E+00 at (1,44,29)
       Max VN number :  0.31E+00 at (9,37,51)
       Mesh    3
       Max CFL number:  0.55E+00 at (42,1,49)
       Max divergence:  0.28E+00 at (41,1,24)
       Min divergence: -0.26E+00 at (44,2,37)
       Max VN number :  0.28E+00 at (5,12,51)
       Mesh    4
       Max CFL number:  0.55E+00 at (8,9,51)
       Max divergence:  0.17E+00 at (7,11,50)
       Min divergence: -0.29E+00 at (7,11,51)
       Max VN number :  0.36E+00 at (7,10,51)
 
       Time Step    20200   August  8, 2026  14:56:08
       Step Size:  0.871E-02 s, Total Time:  199.96493 s
       Pressure Iterations: 4
       Maximum Velocity Error:  0.12E-01 on Mesh 2 at (0,44,34)
       Maximum Pressure Error:  0.35E+03 on Mesh 1 at (41,43,10)
       Maximum CFL Number    :  0.90E+00 on Mesh 1 at (43,44,44)
       Maximum VN Number     :  0.42E+00 on Mesh 4 at (1,7,51)
       ---------------------------------------------------------------
       Mesh    1
       Max CFL number:  0.90E+00 at (43,44,44)
       Max divergence:  0.17E+02 at (43,42,7)
       Min divergence: -0.38E+01 at (43,43,14)
       Max VN number :  0.27E+00 at (43,44,43)
       Mesh    2
       Max CFL number:  0.56E+00 at (5,42,51)
       Max divergence:  0.85E+00 at (1,42,16)
       Min divergence: -0.44E+00 at (1,42,32)
       Max VN number :  0.25E+00 at (26,19,51)
       Mesh    3
       Max CFL number:  0.54E+00 at (44,8,51)
       Max divergence:  0.18E+00 at (42,1,18)
       Min divergence: -0.31E+00 at (40,1,48)
       Max VN number :  0.25E+00 at (42,23,51)
       Mesh    4
       Max CFL number:  0.44E+00 at (1,8,51)
       Max divergence:  0.70E-01 at (3,10,50)
       Min divergence: -0.11E+00 at (1,11,50)
       Max VN number :  0.42E+00 at (1,7,51)
 
       Time Step    20300   August  8, 2026  14:56:56
       Step Size:  0.909E-02 s, Total Time:  200.81325 s
       Pressure Iterations: 2
       Maximum Velocity Error:  0.21E-01 on Mesh 1 at (44,43,49)
       Maximum Pressure Error:  0.30E+03 on Mesh 1 at (43,43,11)
       Maximum CFL Number    :  0.83E+00 on Mesh 1 at (41,44,20)
       Maximum VN Number     :  0.36E+00 on Mesh 2 at (12,31,51)
       ---------------------------------------------------------------
       Mesh    1
       Max CFL number:  0.83E+00 at (41,44,20)
       Max divergence:  0.22E+02 at (42,42,7)
       Min divergence: -0.31E+01 at (42,44,14)
       Max VN number :  0.33E+00 at (38,30,51)
       Mesh    2
       Max CFL number:  0.48E+00 at (2,43,41)
       Max divergence:  0.10E+01 at (1,42,10)
       Min divergence: -0.33E+00 at (2,43,42)
       Max VN number :  0.36E+00 at (12,31,51)
       Mesh    3
       Max CFL number:  0.44E+00 at (43,1,50)
       Max divergence:  0.29E+00 at (40,1,42)
       Min divergence: -0.22E+00 at (40,1,39)
       Max VN number :  0.29E+00 at (36,30,51)
       Mesh    4
       Max CFL number:  0.39E+00 at (1,1,48)
       Max divergence:  0.11E+00 at (1,1,37)
       Min divergence: -0.11E+00 at (1,1,49)
       Max VN number :  0.25E+00 at (20,41,51)
 
       Time Step    20400   August  8, 2026  14:57:45
       Step Size:  0.909E-02 s, Total Time:  201.72269 s
       Pressure Iterations: 3
       Maximum Velocity Error:  0.21E-01 on Mesh 2 at (3,46,51)
       Maximum Pressure Error:  0.28E+03 on Mesh 1 at (43,42,12)
       Maximum CFL Number    :  0.95E+00 on Mesh 1 at (42,44,26)
       Maximum VN Number     :  0.46E+00 on Mesh 2 at (2,30,51)
       ---------------------------------------------------------------
       Mesh    1
       Max CFL number:  0.95E+00 at (42,44,26)
       Max divergence:  0.15E+02 at (42,42,7)
       Min divergence: -0.43E+01 at (44,42,14)
       Max VN number :  0.36E+00 at (43,46,51)
       Mesh    2
       Max CFL number:  0.75E+00 at (3,45,48)
       Max divergence:  0.11E+01 at (1,42,14)
       Min divergence: -0.18E+01 at (1,42,12)
       Max VN number :  0.46E+00 at (2,30,51)
       Mesh    3
       Max CFL number:  0.65E+00 at (44,1,44)
       Max divergence:  0.24E+00 at (42,1,43)
       Min divergence: -0.26E+00 at (44,2,44)
       Max VN number :  0.29E+00 at (14,29,51)
       Mesh    4
       Max CFL number:  0.63E+00 at (2,1,49)
       Max divergence:  0.20E+00 at (4,1,47)
       Min divergence: -0.33E+00 at (3,1,46)
       Max VN number :  0.23E+00 at (35,24,51)
 
       Time Step    20500   August  8, 2026  14:58:36
       Step Size:  0.892E-02 s, Total Time:  202.60801 s
       Pressure Iterations: 3
       Maximum Velocity Error:  0.16E-01 on Mesh 1 at (44,41,34)
       Maximum Pressure Error:  0.24E+03 on Mesh 1 at (39,42,26)
       Maximum CFL Number    :  0.84E+00 on Mesh 1 at (39,43,23)
       Maximum VN Number     :  0.43E+00 on Mesh 2 at (5,28,51)
       ---------------------------------------------------------------
       Mesh    1
       Max CFL number:  0.84E+00 at (39,43,23)
       Max divergence:  0.18E+02 at (42,42,7)
       Min divergence: -0.37E+01 at (42,43,16)
       Max VN number :  0.29E+00 at (43,28,51)
       Mesh    2
       Max CFL number:  0.58E+00 at (2,39,36)
       Max divergence:  0.42E+00 at (1,43,32)
       Min divergence: -0.61E+00 at (3,44,31)
       Max VN number :  0.43E+00 at (5,28,51)
       Mesh    3
       Max CFL number:  0.49E+00 at (23,6,51)
       Max divergence:  0.11E+00 at (43,1,29)
       Min divergence: -0.15E+00 at (40,6,48)
       Max VN number :  0.24E+00 at (43,12,51)
       Mesh    4
       Max CFL number:  0.40E+00 at (5,6,51)
       Max divergence:  0.84E-01 at (7,5,50)
       Min divergence: -0.78E-01 at (2,1,47)
       Max VN number :  0.31E+00 at (5,5,51)
 
       Time Step    20600   August  8, 2026  14:59:26
       Step Size:  0.960E-02 s, Total Time:  203.45575 s
       Pressure Iterations: 4
       Maximum Velocity Error:  0.18E-01 on Mesh 1 at (44,43,44)
       Maximum Pressure Error:  0.53E+03 on Mesh 1 at (42,44,18)
       Maximum CFL Number    :  0.84E+00 on Mesh 1 at (41,43,20)
       Maximum VN Number     :  0.31E+00 on Mesh 1 at (19,7,51)
       ---------------------------------------------------------------
       Mesh    1
       Max CFL number:  0.84E+00 at (41,43,20)
       Max divergence:  0.18E+02 at (43,43,7)
       Min divergence: -0.42E+01 at (42,43,16)
       Max VN number :  0.31E+00 at (19,7,51)
       Mesh    2
       Max CFL number:  0.82E+00 at (1,42,43)
       Max divergence:  0.56E+00 at (1,46,34)
       Min divergence: -0.55E+00 at (1,43,46)
       Max VN number :  0.30E+00 at (16,36,51)
       Mesh    3
       Max CFL number:  0.43E+00 at (44,1,51)
       Max divergence:  0.40E+00 at (43,1,31)
       Min divergence: -0.35E+00 at (44,1,31)
       Max VN number :  0.27E+00 at (11,11,51)
       Mesh    4
       Max CFL number:  0.47E+00 at (1,1,51)
       Max divergence:  0.22E+00 at (1,1,32)
       Min divergence: -0.13E+00 at (1,1,30)
       Max VN number :  0.27E+00 at (19,15,51)
 
       Time Step    20700   August  8, 2026  15:00:15
       Step Size:  0.859E-02 s, Total Time:  204.31657 s
       Pressure Iterations: 3
       Maximum Velocity Error:  0.12E-01 on Mesh 1 at (44,43,25)
       Maximum Pressure Error:  0.46E+03 on Mesh 1 at (43,44,31)
       Maximum CFL Number    :  0.89E+00 on Mesh 1 at (43,44,30)
       Maximum VN Number     :  0.32E+00 on Mesh 1 at (42,43,51)
       ---------------------------------------------------------------
       Mesh    1
       Max CFL number:  0.89E+00 at (43,44,30)
       Max divergence:  0.16E+02 at (41,43,7)
       Min divergence: -0.26E+01 at (42,44,15)
       Max VN number :  0.32E+00 at (42,43,51)
       Mesh    2
       Max CFL number:  0.41E+00 at (2,41,51)
       Max divergence:  0.72E+00 at (1,44,19)
       Min divergence: -0.33E+00 at (1,43,26)
       Max VN number :  0.23E+00 at (26,42,51)
       Mesh    3
       Max CFL number:  0.39E+00 at (41,1,42)
       Max divergence:  0.29E+00 at (43,1,25)
       Min divergence: -0.11E+00 at (40,1,47)
       Max VN number :  0.22E+00 at (17,9,51)
       Mesh    4
       Max CFL number:  0.39E+00 at (4,2,51)
       Max divergence:  0.89E-01 at (1,3,43)
       Min divergence: -0.90E-01 at (28,9,51)
       Max VN number :  0.28E+00 at (3,19,51)
 
       Time Step    20800   August  8, 2026  15:01:04
       Step Size:  0.888E-02 s, Total Time:  205.18779 s
       Pressure Iterations: 4
       Maximum Velocity Error:  0.19E-01 on Mesh 2 at (0,41,30)
       Maximum Pressure Error:  0.64E+03 on Mesh 1 at (42,40,22)
       Maximum CFL Number    :  0.92E+00 on Mesh 1 at (43,40,21)
       Maximum VN Number     :  0.30E+00 on Mesh 1 at (43,43,13)
       ---------------------------------------------------------------
       Mesh    1
       Max CFL number:  0.92E+00 at (43,40,21)
       Max divergence:  0.14E+02 at (43,43,7)
       Min divergence: -0.58E+01 at (43,43,14)
       Max VN number :  0.30E+00 at (43,43,13)
       Mesh    2
       Max CFL number:  0.61E+00 at (1,45,37)
       Max divergence:  0.88E+00 at (1,44,23)
       Min divergence: -0.82E+00 at (1,42,25)
       Max VN number :  0.30E+00 at (1,43,51)
       Mesh    3
       Max CFL number:  0.65E+00 at (44,1,42)
       Max divergence:  0.47E+00 at (43,2,42)
       Min divergence: -0.74E+00 at (44,1,43)
       Max VN number :  0.30E+00 at (28,1,51)
       Mesh    4
       Max CFL number:  0.37E+00 at (2,22,51)
       Max divergence:  0.26E+00 at (1,1,43)
       Min divergence: -0.19E+00 at (1,2,40)
       Max VN number :  0.25E+00 at (2,16,51)
 
       Time Step    20900   August  8, 2026  15:01:55
       Step Size:  0.840E-02 s, Total Time:  205.98366 s
       Pressure Iterations: 4
       Maximum Velocity Error:  0.17E-01 on Mesh 1 at (41,46,31)
       Maximum Pressure Error:  0.41E+03 on Mesh 1 at (41,42,15)
       Maximum CFL Number    :  0.84E+00 on Mesh 1 at (40,46,29)
       Maximum VN Number     :  0.32E+00 on Mesh 3 at (2,22,51)
       ---------------------------------------------------------------
       Mesh    1
       Max CFL number:  0.84E+00 at (40,46,29)
       Max divergence:  0.17E+02 at (43,43,7)
       Min divergence: -0.61E+01 at (41,42,11)
       Max VN number :  0.27E+00 at (41,42,14)
       Mesh    2
       Max CFL number:  0.46E+00 at (3,41,50)
       Max divergence:  0.16E+01 at (1,44,16)
       Min divergence: -0.28E+00 at (1,46,29)
       Max VN number :  0.27E+00 at (18,37,51)
       Mesh    3
       Max CFL number:  0.83E+00 at (40,2,31)
       Max divergence:  0.41E+00 at (40,2,34)
       Min divergence: -0.11E+01 at (41,3,32)
       Max VN number :  0.32E+00 at (2,22,51)
       Mesh    4
       Max CFL number:  0.37E+00 at (11,17,51)
       Max divergence:  0.25E+00 at (1,2,28)
       Min divergence: -0.31E+00 at (1,1,28)
       Max VN number :  0.30E+00 at (2,41,51)
 
       Time Step    21000   August  8, 2026  15:02:45
       Step Size:  0.717E-02 s, Total Time:  206.83823 s
       Pressure Iterations: 3
       Maximum Velocity Error:  0.19E-01 on Mesh 1 at (44,43,29)
       Maximum Pressure Error:  0.52E+03 on Mesh 1 at (40,45,23)
       Maximum CFL Number    :  0.87E+00 on Mesh 1 at (40,45,20)
       Maximum VN Number     :  0.28E+00 on Mesh 2 at (23,2,51)
       ---------------------------------------------------------------
       Mesh    1
       Max CFL number:  0.87E+00 at (40,45,20)
       Max divergence:  0.15E+02 at (43,44,7)
       Min divergence: -0.49E+01 at (41,45,23)
       Max VN number :  0.26E+00 at (40,45,20)
       Mesh    2
       Max CFL number:  0.42E+00 at (1,45,49)
       Max divergence:  0.15E+01 at (1,43,28)
       Min divergence: -0.99E+00 at (1,43,25)
       Max VN number :  0.28E+00 at (23,2,51)
       Mesh    3
       Max CFL number:  0.48E+00 at (42,1,48)
       Max divergence:  0.11E+01 at (40,1,18)
       Min divergence: -0.12E+00 at (40,1,51)
       Max VN number :  0.19E+00 at (43,4,51)
       Mesh    4
       Max CFL number:  0.40E+00 at (1,1,51)
       Max divergence:  0.88E-01 at (1,1,23)
       Min divergence: -0.97E-01 at (2,1,46)
       Max VN number :  0.26E+00 at (2,1,51)
 
       Time Step    21100   August  8, 2026  15:03:35
       Step Size:  0.714E-02 s, Total Time:  207.61591 s
       Pressure Iterations: 3
       Maximum Velocity Error:  0.18E-01 on Mesh 1 at (44,44,24)
       Maximum Pressure Error:  0.48E+03 on Mesh 1 at (40,44,15)
       Maximum CFL Number    :  0.88E+00 on Mesh 1 at (42,43,18)
       Maximum VN Number     :  0.28E+00 on Mesh 1 at (41,40,27)
       ---------------------------------------------------------------
       Mesh    1
       Max CFL number:  0.88E+00 at (42,43,18)
       Max divergence:  0.16E+02 at (42,44,7)
       Min divergence: -0.41E+01 at (42,41,15)
       Max VN number :  0.28E+00 at (41,40,27)
       Mesh    2
       Max CFL number:  0.40E+00 at (5,35,51)
       Max divergence:  0.72E+00 at (1,42,20)
       Min divergence: -0.59E+00 at (1,43,18)
       Max VN number :  0.27E+00 at (17,28,51)
       Mesh    3
       Max CFL number:  0.46E+00 at (44,1,32)
       Max divergence:  0.31E+00 at (41,1,28)
       Min divergence: -0.53E+00 at (44,1,33)
       Max VN number :  0.19E+00 at (41,15,51)
       Mesh    4
       Max CFL number:  0.41E+00 at (1,1,31)
       Max divergence:  0.18E+00 at (1,1,34)
       Min divergence: -0.33E+00 at (1,1,32)
       Max VN number :  0.26E+00 at (11,21,51)
 
       Time Step    21200   August  8, 2026  15:04:24
       Step Size:  0.864E-02 s, Total Time:  208.41304 s
       Pressure Iterations: 4
       Maximum Velocity Error:  0.20E-01 on Mesh 2 at (0,44,34)
       Maximum Pressure Error:  0.71E+03 on Mesh 1 at (41,44,13)
       Maximum CFL Number    :  0.81E+00 on Mesh 1 at (43,42,20)
       Maximum VN Number     :  0.35E+00 on Mesh 3 at (8,25,51)
       ---------------------------------------------------------------
       Mesh    1
       Max CFL number:  0.81E+00 at (43,42,20)
       Max divergence:  0.16E+02 at (43,42,7)
       Min divergence: -0.53E+01 at (41,43,12)
       Max VN number :  0.33E+00 at (28,17,51)
       Mesh    2
       Max CFL number:  0.79E+00 at (1,44,36)
       Max divergence:  0.85E+00 at (2,46,29)
       Min divergence: -0.14E+01 at (1,44,36)
       Max VN number :  0.29E+00 at (1,44,35)
       Mesh    3
       Max CFL number:  0.53E+00 at (44,1,30)
       Max divergence:  0.56E+00 at (44,1,32)
       Min divergence: -0.13E+01 at (44,1,30)
       Max VN number :  0.35E+00 at (8,25,51)
       Mesh    4
       Max CFL number:  0.57E+00 at (1,4,49)
       Max divergence:  0.57E+00 at (1,1,30)
       Min divergence: -0.36E+00 at (1,1,26)
       Max VN number :  0.31E+00 at (39,3,51)
 
       Time Step    21300   August  8, 2026  15:05:13
       Step Size:  0.103E-01 s, Total Time:  209.39459 s
       Pressure Iterations: 3
       Maximum Velocity Error:  0.12E-01 on Mesh 1 at (39,46,34)
       Maximum Pressure Error:  0.30E+03 on Mesh 1 at (43,44,12)
       Maximum CFL Number    :  0.81E+00 on Mesh 1 at (43,44,12)
       Maximum VN Number     :  0.40E+00 on Mesh 2 at (9,17,51)
       ---------------------------------------------------------------
       Mesh    1
       Max CFL number:  0.81E+00 at (43,44,12)
       Max divergence:  0.15E+02 at (43,42,7)
       Min divergence: -0.44E+01 at (42,44,12)
       Max VN number :  0.31E+00 at (39,25,51)
       Mesh    2
       Max CFL number:  0.52E+00 at (1,45,43)
       Max divergence:  0.28E+00 at (1,44,12)
       Min divergence: -0.17E+00 at (1,44,40)
       Max VN number :  0.40E+00 at (9,17,51)
       Mesh    3
       Max CFL number:  0.46E+00 at (21,12,51)
       Max divergence:  0.15E+00 at (41,1,40)
       Min divergence: -0.19E+00 at (39,1,35)
       Max VN number :  0.36E+00 at (13,6,51)
       Mesh    4
       Max CFL number:  0.47E+00 at (20,26,51)
       Max divergence:  0.77E-01 at (12,18,50)
       Min divergence: -0.10E+00 at (12,17,51)
       Max VN number :  0.39E+00 at (8,30,51)
 
       Time Step    21400   August  8, 2026  15:06:03
       Step Size:  0.805E-02 s, Total Time:  210.32836 s
       Pressure Iterations: 3
       Maximum Velocity Error:  0.14E-01 on Mesh 1 at (44,46,36)
       Maximum Pressure Error:  0.21E+03 on Mesh 1 at (41,43,21)
       Maximum CFL Number    :  0.88E+00 on Mesh 1 at (42,41,26)
       Maximum VN Number     :  0.27E+00 on Mesh 1 at (35,39,51)
       ---------------------------------------------------------------
       Mesh    1
       Max CFL number:  0.88E+00 at (42,41,26)
       Max divergence:  0.17E+02 at (43,43,7)
       Min divergence: -0.36E+01 at (42,43,15)
       Max VN number :  0.27E+00 at (35,39,51)
       Mesh    2
       Max CFL number:  0.52E+00 at (1,45,39)
       Max divergence:  0.43E+00 at (1,42,27)
       Min divergence: -0.40E+00 at (3,46,39)
       Max VN number :  0.20E+00 at (38,16,51)
       Mesh    3
       Max CFL number:  0.59E+00 at (44,1,36)
       Max divergence:  0.38E+00 at (44,1,38)
       Min divergence: -0.62E+00 at (42,1,41)
       Max VN number :  0.24E+00 at (31,18,51)
       Mesh    4
       Max CFL number:  0.54E+00 at (2,1,37)
       Max divergence:  0.27E+00 at (3,1,37)
       Min divergence: -0.36E+00 at (2,1,36)
       Max VN number :  0.21E+00 at (32,38,51)
 
       Time Step    21500   August  8, 2026  15:06:52
       Step Size:  0.104E-01 s, Total Time:  211.29458 s
       Pressure Iterations: 3
       Maximum Velocity Error:  0.17E-01 on Mesh 1 at (44,42,38)
       Maximum Pressure Error:  0.20E+03 on Mesh 1 at (42,44,18)
       Maximum CFL Number    :  0.92E+00 on Mesh 1 at (41,41,30)
       Maximum VN Number     :  0.35E+00 on Mesh 1 at (44,34,51)
       ---------------------------------------------------------------
       Mesh    1
       Max CFL number:  0.92E+00 at (41,41,30)
       Max divergence:  0.17E+02 at (43,43,7)
       Min divergence: -0.41E+01 at (42,43,14)
       Max VN number :  0.35E+00 at (44,34,51)
       Mesh    2
       Max CFL number:  0.48E+00 at (3,33,51)
       Max divergence:  0.72E+00 at (1,42,37)
       Min divergence: -0.47E+00 at (1,43,37)
       Max VN number :  0.23E+00 at (40,25,51)
       Mesh    3
       Max CFL number:  0.49E+00 at (41,2,46)
       Max divergence:  0.23E+00 at (42,1,43)
       Min divergence: -0.16E+00 at (39,1,43)
       Max VN number :  0.24E+00 at (19,39,51)
       Mesh    4
       Max CFL number:  0.37E+00 at (1,5,49)
       Max divergence:  0.93E-01 at (1,1,44)
       Min divergence: -0.67E-01 at (4,1,44)
       Max VN number :  0.29E+00 at (13,23,51)
 
       Time Step    21600   August  8, 2026  15:07:42
       Step Size:  0.940E-02 s, Total Time:  212.21921 s
       Pressure Iterations: 3
       Maximum Velocity Error:  0.16E-01 on Mesh 1 at (44,44,47)
       Maximum Pressure Error:  0.61E+03 on Mesh 1 at (41,44,13)
       Maximum CFL Number    :  0.83E+00 on Mesh 1 at (42,42,13)
       Maximum VN Number     :  0.31E+00 on Mesh 1 at (43,45,25)
       ---------------------------------------------------------------
       Mesh    1
       Max CFL number:  0.83E+00 at (42,42,13)
       Max divergence:  0.17E+02 at (43,42,7)
       Min divergence: -0.44E+01 at (42,44,14)
       Max VN number :  0.31E+00 at (43,45,25)
       Mesh    2
       Max CFL number:  0.60E+00 at (1,44,47)
       Max divergence:  0.59E+00 at (1,45,23)
       Min divergence: -0.60E+00 at (1,44,22)
       Max VN number :  0.26E+00 at (20,10,51)
       Mesh    3
       Max CFL number:  0.44E+00 at (27,7,51)
       Max divergence:  0.86E+00 at (42,1,22)
       Min divergence: -0.41E+00 at (42,1,19)
       Max VN number :  0.22E+00 at (43,17,51)
       Mesh    4
       Max CFL number:  0.42E+00 at (10,15,51)
       Max divergence:  0.16E+00 at (1,1,20)
       Min divergence: -0.55E-01 at (1,1,37)
       Max VN number :  0.26E+00 at (11,14,51)
 
       Time Step    21700   August  8, 2026  15:08:31
       Step Size:  0.797E-02 s, Total Time:  213.00581 s
       Pressure Iterations: 3
       Maximum Velocity Error:  0.20E-01 on Mesh 2 at (0,42,37)
       Maximum Pressure Error:  0.30E+03 on Mesh 1 at (42,45,27)
       Maximum CFL Number    :  0.81E+00 on Mesh 1 at (42,45,26)
       Maximum VN Number     :  0.30E+00 on Mesh 2 at (33,28,51)
       ---------------------------------------------------------------
       Mesh    1
       Max CFL number:  0.81E+00 at (42,45,26)
       Max divergence:  0.21E+02 at (43,44,7)
       Min divergence: -0.35E+01 at (42,42,16)
       Max VN number :  0.25E+00 at (42,45,26)
       Mesh    2
       Max CFL number:  0.61E+00 at (1,44,48)
       Max divergence:  0.85E+00 at (1,42,7)
       Min divergence: -0.86E+00 at (1,42,31)
       Max VN number :  0.30E+00 at (33,28,51)
       Mesh    3
       Max CFL number:  0.45E+00 at (41,3,51)
       Max divergence:  0.31E+00 at (41,1,34)
       Min divergence: -0.34E+00 at (43,2,47)
       Max VN number :  0.30E+00 at (42,4,51)
       Mesh    4
       Max CFL number:  0.42E+00 at (2,1,51)
       Max divergence:  0.21E+00 at (1,2,44)
       Min divergence: -0.21E+00 at (1,1,43)
       Max VN number :  0.20E+00 at (2,1,51)
 
       Time Step    21800   August  8, 2026  15:09:21
       Step Size:  0.840E-02 s, Total Time:  213.87063 s
       Pressure Iterations: 3
       Maximum Velocity Error:  0.20E-01 on Mesh 1 at (44,43,20)
       Maximum Pressure Error:  0.46E+03 on Mesh 1 at (40,43,17)
       Maximum CFL Number    :  0.82E+00 on Mesh 1 at (43,43,13)
       Maximum VN Number     :  0.39E+00 on Mesh 1 at (29,22,51)
       ---------------------------------------------------------------
       Mesh    1
       Max CFL number:  0.82E+00 at (43,43,13)
       Max divergence:  0.15E+02 at (43,44,7)
       Min divergence: -0.50E+01 at (40,43,17)
       Max VN number :  0.39E+00 at (29,22,51)
       Mesh    2
       Max CFL number:  0.54E+00 at (1,44,20)
       Max divergence:  0.11E+01 at (1,42,11)
       Min divergence: -0.78E+00 at (1,42,22)
       Max VN number :  0.25E+00 at (2,30,51)
       Mesh    3
       Max CFL number:  0.48E+00 at (41,15,51)
       Max divergence:  0.21E+00 at (43,1,23)
       Min divergence: -0.18E+00 at (42,1,33)
       Max VN number :  0.33E+00 at (2,17,51)
       Mesh    4
       Max CFL number:  0.37E+00 at (12,7,51)
       Max divergence:  0.15E+00 at (1,3,46)
       Min divergence: -0.17E+00 at (2,1,48)
       Max VN number :  0.25E+00 at (1,8,51)
 
       Time Step    21900   August  8, 2026  15:10:12
       Step Size:  0.819E-02 s, Total Time:  214.71392 s
       Pressure Iterations: 3
       Maximum Velocity Error:  0.20E-01 on Mesh 1 at (40,46,30)
       Maximum Pressure Error:  0.42E+03 on Mesh 1 at (43,42,22)
       Maximum CFL Number    :  0.97E+00 on Mesh 1 at (43,42,20)
       Maximum VN Number     :  0.31E+00 on Mesh 1 at (39,23,51)
       ---------------------------------------------------------------
       Mesh    1
       Max CFL number:  0.97E+00 at (43,42,20)
       Max divergence:  0.19E+02 at (42,44,7)
       Min divergence: -0.33E+01 at (42,43,13)
       Max VN number :  0.31E+00 at (39,23,51)
       Mesh    2
       Max CFL number:  0.57E+00 at (1,43,45)
       Max divergence:  0.58E+00 at (1,42,21)
       Min divergence: -0.34E+00 at (3,44,49)
       Max VN number :  0.24E+00 at (6,46,51)
       Mesh    3
       Max CFL number:  0.58E+00 at (44,3,51)
       Max divergence:  0.42E+00 at (39,1,30)
       Min divergence: -0.70E+00 at (40,1,30)
       Max VN number :  0.29E+00 at (40,3,51)
       Mesh    4
       Max CFL number:  0.61E+00 at (2,5,51)
       Max divergence:  0.25E+00 at (5,2,50)
       Min divergence: -0.24E+00 at (3,2,50)
       Max VN number :  0.31E+00 at (1,2,51)
 
       Time Step    22000   August  8, 2026  15:11:01
       Step Size:  0.969E-02 s, Total Time:  215.65888 s
       Pressure Iterations: 3
       Maximum Velocity Error:  0.24E-01 on Mesh 1 at (44,42,48)
       Maximum Pressure Error:  0.17E+03 on Mesh 1 at (42,43,16)
       Maximum CFL Number    :  0.88E+00 on Mesh 1 at (42,43,17)
       Maximum VN Number     :  0.33E+00 on Mesh 1 at (2,26,51)
       ---------------------------------------------------------------
       Mesh    1
       Max CFL number:  0.88E+00 at (42,43,17)
       Max divergence:  0.19E+02 at (42,42,7)
       Min divergence: -0.37E+01 at (42,43,15)
       Max VN number :  0.33E+00 at (2,26,51)
       Mesh    2
       Max CFL number:  0.63E+00 at (1,41,49)
       Max divergence:  0.41E+00 at (1,43,29)
       Min divergence: -0.36E+00 at (1,44,28)
       Max VN number :  0.33E+00 at (31,19,51)
       Mesh    3
       Max CFL number:  0.47E+00 at (8,9,51)
       Max divergence:  0.40E+00 at (41,1,32)
       Min divergence: -0.29E+00 at (40,1,27)
       Max VN number :  0.28E+00 at (34,16,51)
       Mesh    4
       Max CFL number:  0.41E+00 at (7,25,51)
       Max divergence:  0.11E+00 at (1,1,33)
       Min divergence: -0.92E-01 at (11,27,50)
       Max VN number :  0.29E+00 at (8,24,51)
 
       Time Step    22100   August  8, 2026  15:11:49
       Step Size:  0.912E-02 s, Total Time:  216.60330 s
       Pressure Iterations: 2
       Maximum Velocity Error:  0.23E-01 on Mesh 1 at (42,46,50)
       Maximum Pressure Error:  0.58E+03 on Mesh 1 at (41,42,15)
       Maximum CFL Number    :  0.85E+00 on Mesh 1 at (41,43,30)
       Maximum VN Number     :  0.37E+00 on Mesh 1 at (29,44,51)
       ---------------------------------------------------------------
       Mesh    1
       Max CFL number:  0.85E+00 at (41,43,30)
       Max divergence:  0.17E+02 at (43,44,7)
       Min divergence: -0.42E+01 at (42,42,15)
       Max VN number :  0.37E+00 at (29,44,51)
       Mesh    2
       Max CFL number:  0.51E+00 at (1,45,51)
       Max divergence:  0.44E+00 at (1,42,15)
       Min divergence: -0.63E+00 at (2,44,39)
       Max VN number :  0.27E+00 at (2,16,51)
       Mesh    3
       Max CFL number:  0.42E+00 at (32,19,51)
       Max divergence:  0.15E+00 at (44,1,48)
       Min divergence: -0.18E+00 at (43,3,49)
       Max VN number :  0.36E+00 at (33,20,51)
       Mesh    4
       Max CFL number:  0.44E+00 at (3,8,51)
       Max divergence:  0.72E-01 at (2,9,50)
       Min divergence: -0.10E+00 at (2,1,51)
       Max VN number :  0.26E+00 at (40,12,51)
 
       Time Step    22200   August  8, 2026  15:12:38
       Step Size:  0.891E-02 s, Total Time:  217.48522 s
       Pressure Iterations: 4
       Maximum Velocity Error:  0.17E-01 on Mesh 1 at (44,44,34)
       Maximum Pressure Error:  0.31E+03 on Mesh 1 at (41,42,25)
       Maximum CFL Number    :  0.89E+00 on Mesh 1 at (43,43,34)
       Maximum VN Number     :  0.43E+00 on Mesh 2 at (8,25,51)
       ---------------------------------------------------------------
       Mesh    1
       Max CFL number:  0.89E+00 at (43,43,34)
       Max divergence:  0.16E+02 at (43,42,7)
       Min divergence: -0.36E+01 at (43,42,12)
       Max VN number :  0.39E+00 at (28,42,51)
       Mesh    2
       Max CFL number:  0.53E+00 at (1,42,29)
       Max divergence:  0.96E+00 at (1,44,8)
       Min divergence: -0.11E+01 at (1,42,29)
       Max VN number :  0.43E+00 at (8,25,51)
       Mesh    3
       Max CFL number:  0.48E+00 at (42,1,51)
       Max divergence:  0.26E+00 at (43,1,38)
       Min divergence: -0.41E+00 at (43,1,36)
       Max VN number :  0.42E+00 at (41,2,51)
       Mesh    4
       Max CFL number:  0.47E+00 at (3,4,51)
       Max divergence:  0.12E+00 at (3,1,47)
       Min divergence: -0.14E+00 at (2,1,45)
       Max VN number :  0.26E+00 at (16,33,51)
 
       Time Step    22300   August  8, 2026  15:13:27
       Step Size:  0.847E-02 s, Total Time:  218.33038 s
       Pressure Iterations: 3
       Maximum Velocity Error:  0.12E-01 on Mesh 1 at (44,44,31)
       Maximum Pressure Error:  0.55E+03 on Mesh 1 at (41,42,21)
       Maximum CFL Number    :  0.89E+00 on Mesh 1 at (41,42,19)
       Maximum VN Number     :  0.41E+00 on Mesh 1 at (38,31,51)
       ---------------------------------------------------------------
       Mesh    1
       Max CFL number:  0.89E+00 at (41,42,19)
       Max divergence:  0.16E+02 at (43,42,7)
       Min divergence: -0.38E+01 at (42,43,15)
       Max VN number :  0.41E+00 at (38,31,51)
       Mesh    2
       Max CFL number:  0.50E+00 at (1,44,31)
       Max divergence:  0.35E+00 at (2,43,33)
       Min divergence: -0.34E+00 at (1,43,33)
       Max VN number :  0.21E+00 at (20,22,51)
       Mesh    3
       Max CFL number:  0.46E+00 at (39,2,51)
       Max divergence:  0.37E+00 at (42,1,27)
       Min divergence: -0.47E+00 at (42,1,33)
       Max VN number :  0.40E+00 at (22,19,51)
       Mesh    4
       Max CFL number:  0.40E+00 at (1,1,51)
       Max divergence:  0.14E+00 at (1,1,30)
       Min divergence: -0.12E+00 at (6,15,51)
       Max VN number :  0.24E+00 at (15,22,51)
 
       Time Step    22400   August  8, 2026  15:14:16
       Step Size:  0.880E-02 s, Total Time:  219.16149 s
       Pressure Iterations: 4
       Maximum Velocity Error:  0.18E-01 on Mesh 1 at (44,44,39)
       Maximum Pressure Error:  0.28E+03 on Mesh 1 at (41,43,30)
       Maximum CFL Number    :  0.97E+00 on Mesh 1 at (41,43,30)
       Maximum VN Number     :  0.33E+00 on Mesh 2 at (1,38,51)
       ---------------------------------------------------------------
       Mesh    1
       Max CFL number:  0.97E+00 at (41,43,30)
       Max divergence:  0.19E+02 at (41,44,7)
       Min divergence: -0.32E+01 at (42,43,19)
       Max VN number :  0.28E+00 at (41,43,29)
       Mesh    2
       Max CFL number:  0.74E+00 at (1,44,39)
       Max divergence:  0.11E+01 at (1,43,40)
       Min divergence: -0.10E+01 at (1,44,40)
       Max VN number :  0.33E+00 at (1,38,51)
       Mesh    3
       Max CFL number:  0.63E+00 at (40,2,49)
       Max divergence:  0.24E+00 at (39,3,49)
       Min divergence: -0.31E+00 at (40,2,50)
       Max VN number :  0.29E+00 at (6,14,51)
       Mesh    4
       Max CFL number:  0.41E+00 at (1,8,51)
       Max divergence:  0.72E-01 at (6,1,50)
       Min divergence: -0.96E-01 at (1,7,51)
       Max VN number :  0.29E+00 at (23,41,51)
 
       Time Step    22500   August  8, 2026  15:15:05
       Step Size:  0.821E-02 s, Total Time:  220.03530 s
       Pressure Iterations: 3
       Maximum Velocity Error:  0.21E-01 on Mesh 1 at (40,46,46)
       Maximum Pressure Error:  0.81E+03 on Mesh 1 at (41,44,7)
       Maximum CFL Number    :  0.92E+00 on Mesh 1 at (43,42,31)
       Maximum VN Number     :  0.34E+00 on Mesh 3 at (25,18,51)
       ---------------------------------------------------------------
       Mesh    1
       Max CFL number:  0.92E+00 at (43,42,31)
       Max divergence:  0.20E+02 at (41,42,7)
       Min divergence: -0.43E+01 at (42,42,15)
       Max VN number :  0.33E+00 at (44,27,51)
       Mesh    2
       Max CFL number:  0.39E+00 at (17,34,51)
       Max divergence:  0.10E+01 at (1,42,16)
       Min divergence: -0.19E+00 at (1,44,31)
       Max VN number :  0.19E+00 at (21,40,51)
       Mesh    3
       Max CFL number:  0.49E+00 at (40,1,47)
       Max divergence:  0.21E+00 at (43,1,32)
       Min divergence: -0.27E+00 at (40,1,47)
       Max VN number :  0.34E+00 at (25,18,51)
       Mesh    4
       Max CFL number:  0.42E+00 at (7,3,51)
       Max divergence:  0.95E-01 at (4,16,50)
       Min divergence: -0.13E+00 at (5,7,51)
       Max VN number :  0.26E+00 at (6,3,51)
 
       Time Step    22600   August  8, 2026  15:15:54
       Step Size:  0.773E-02 s, Total Time:  220.83737 s
       Pressure Iterations: 4
       Maximum Velocity Error:  0.13E-01 on Mesh 1 at (44,44,31)
       Maximum Pressure Error:  0.82E+03 on Mesh 1 at (41,42,21)
       Maximum CFL Number    :  0.84E+00 on Mesh 1 at (40,42,20)
       Maximum VN Number     :  0.33E+00 on Mesh 2 at (8,27,51)
       ---------------------------------------------------------------
       Mesh    1
       Max CFL number:  0.84E+00 at (40,42,20)
       Max divergence:  0.23E+02 at (43,43,7)
       Min divergence: -0.43E+01 at (42,43,16)
       Max VN number :  0.30E+00 at (16,34,51)
       Mesh    2
       Max CFL number:  0.58E+00 at (2,44,31)
       Max divergence:  0.55E+00 at (1,45,33)
       Min divergence: -0.11E+01 at (2,44,32)
       Max VN number :  0.33E+00 at (8,27,51)
       Mesh    3
       Max CFL number:  0.41E+00 at (44,4,51)
       Max divergence:  0.34E+00 at (40,1,25)
       Min divergence: -0.35E+00 at (41,1,24)
       Max VN number :  0.20E+00 at (6,3,51)
       Mesh    4
       Max CFL number:  0.36E+00 at (3,1,51)
       Max divergence:  0.15E+00 at (4,1,50)
       Min divergence: -0.14E+00 at (3,2,51)
       Max VN number :  0.26E+00 at (3,18,51)
 
       Time Step    22700   August  8, 2026  15:16:42
       Step Size:  0.101E-01 s, Total Time:  221.71424 s
       Pressure Iterations: 3
       Maximum Velocity Error:  0.17E-01 on Mesh 2 at (0,44,31)
       Maximum Pressure Error:  0.23E+03 on Mesh 1 at (40,42,23)
       Maximum CFL Number    :  0.90E+00 on Mesh 1 at (41,43,39)
       Maximum VN Number     :  0.41E+00 on Mesh 3 at (17,6,51)
       ---------------------------------------------------------------
       Mesh    1
       Max CFL number:  0.90E+00 at (41,43,39)
       Max divergence:  0.20E+02 at (42,42,7)
       Min divergence: -0.37E+01 at (42,43,14)
       Max VN number :  0.38E+00 at (41,18,51)
       Mesh    2
       Max CFL number:  0.51E+00 at (4,34,51)
       Max divergence:  0.34E+00 at (1,46,29)
       Min divergence: -0.47E+00 at (1,42,26)
       Max VN number :  0.29E+00 at (40,27,51)
       Mesh    3
       Max CFL number:  0.61E+00 at (41,3,50)
       Max divergence:  0.20E+00 at (44,1,32)
       Min divergence: -0.49E+00 at (43,1,33)
       Max VN number :  0.41E+00 at (17,6,51)
       Mesh    4
       Max CFL number:  0.49E+00 at (1,2,51)
       Max divergence:  0.88E-01 at (1,2,42)
       Min divergence: -0.94E-01 at (2,1,41)
       Max VN number :  0.26E+00 at (2,40,51)
 
       Time Step    22800   August  8, 2026  15:17:31
       Step Size:  0.886E-02 s, Total Time:  222.61726 s
       Pressure Iterations: 4
       Maximum Velocity Error:  0.16E-01 on Mesh 1 at (44,42,43)
       Maximum Pressure Error:  0.40E+03 on Mesh 1 at (42,44,23)
       Maximum CFL Number    :  0.98E+00 on Mesh 1 at (42,45,35)
       Maximum VN Number     :  0.36E+00 on Mesh 4 at (15,23,51)
       ---------------------------------------------------------------
       Mesh    1
       Max CFL number:  0.98E+00 at (42,45,35)
       Max divergence:  0.21E+02 at (41,42,7)
       Min divergence: -0.36E+01 at (42,43,15)
       Max VN number :  0.29E+00 at (43,42,28)
       Mesh    2
       Max CFL number:  0.67E+00 at (1,42,44)
       Max divergence:  0.10E+01 at (1,43,17)
       Min divergence: -0.44E+00 at (1,42,45)
       Max VN number :  0.28E+00 at (2,2,51)
       Mesh    3
       Max CFL number:  0.46E+00 at (33,1,51)
       Max divergence:  0.18E+00 at (42,1,27)
       Min divergence: -0.18E+00 at (43,1,36)
       Max VN number :  0.28E+00 at (37,23,51)
       Mesh    4
       Max CFL number:  0.42E+00 at (2,2,50)
       Max divergence:  0.80E-01 at (1,1,34)
       Min divergence: -0.93E-01 at (3,3,49)
       Max VN number :  0.36E+00 at (15,23,51)
 
       Time Step    22900   August  8, 2026  15:18:19
       Step Size:  0.950E-02 s, Total Time:  223.47877 s
       Pressure Iterations: 3
       Maximum Velocity Error:  0.15E-01 on Mesh 2 at (0,43,16)
       Maximum Pressure Error:  0.23E+03 on Mesh 1 at (44,43,16)
       Maximum CFL Number    :  0.88E+00 on Mesh 1 at (42,44,34)
       Maximum VN Number     :  0.36E+00 on Mesh 2 at (16,25,51)
       ---------------------------------------------------------------
       Mesh    1
       Max CFL number:  0.88E+00 at (42,44,34)
       Max divergence:  0.13E+02 at (43,43,7)
       Min divergence: -0.55E+01 at (44,43,16)
       Max VN number :  0.33E+00 at (41,21,51)
       Mesh    2
       Max CFL number:  0.51E+00 at (9,46,51)
       Max divergence:  0.22E+01 at (1,43,16)
       Min divergence: -0.28E+00 at (1,42,13)
       Max VN number :  0.36E+00 at (16,25,51)
       Mesh    3
       Max CFL number:  0.61E+00 at (43,19,51)
       Max divergence:  0.55E+00 at (42,1,24)
       Min divergence: -0.14E+00 at (41,1,31)
       Max VN number :  0.27E+00 at (44,21,51)
       Mesh    4
       Max CFL number:  0.54E+00 at (10,1,51)
       Max divergence:  0.15E+00 at (3,3,50)
       Min divergence: -0.15E+00 at (10,5,51)
       Max VN number :  0.29E+00 at (7,19,51)
 
       Time Step    23000   August  8, 2026  15:19:09
       Step Size:  0.811E-02 s, Total Time:  224.42219 s
       Pressure Iterations: 4
       Maximum Velocity Error:  0.18E-01 on Mesh 1 at (44,42,28)
       Maximum Pressure Error:  0.36E+03 on Mesh 1 at (41,45,14)
       Maximum CFL Number    :  0.80E+00 on Mesh 1 at (44,43,27)
       Maximum VN Number     :  0.33E+00 on Mesh 1 at (41,28,51)
       ---------------------------------------------------------------
       Mesh    1
       Max CFL number:  0.80E+00 at (44,43,27)
       Max divergence:  0.17E+02 at (43,42,7)
       Min divergence: -0.37E+01 at (42,44,13)
       Max VN number :  0.33E+00 at (41,28,51)
       Mesh    2
       Max CFL number:  0.60E+00 at (1,43,26)
       Max divergence:  0.11E+01 at (1,42,27)
       Min divergence: -0.92E+00 at (1,43,25)
       Max VN number :  0.30E+00 at (2,39,51)
       Mesh    3
       Max CFL number:  0.52E+00 at (43,1,42)
       Max divergence:  0.20E+00 at (44,2,42)
       Min divergence: -0.44E+00 at (43,1,45)
       Max VN number :  0.25E+00 at (39,38,51)
       Mesh    4
       Max CFL number:  0.37E+00 at (6,2,51)
       Max divergence:  0.24E+00 at (1,1,47)
       Min divergence: -0.17E+00 at (1,1,42)
       Max VN number :  0.24E+00 at (16,7,51)
 
       Time Step    23100   August  8, 2026  15:20:00
       Step Size:  0.930E-02 s, Total Time:  225.30440 s
       Pressure Iterations: 4
       Maximum Velocity Error:  0.18E-01 on Mesh 1 at (42,46,25)
       Maximum Pressure Error:  0.49E+03 on Mesh 1 at (43,43,19)
       Maximum CFL Number    :  0.96E+00 on Mesh 1 at (42,46,26)
       Maximum VN Number     :  0.33E+00 on Mesh 2 at (25,33,51)
       ---------------------------------------------------------------
       Mesh    1
       Max CFL number:  0.96E+00 at (42,46,26)
       Max divergence:  0.15E+02 at (42,42,7)
       Min divergence: -0.28E+01 at (43,43,18)
       Max VN number :  0.31E+00 at (32,46,51)
       Mesh    2
       Max CFL number:  0.63E+00 at (1,42,43)
       Max divergence:  0.38E+00 at (1,43,17)
       Min divergence: -0.42E+00 at (1,42,44)
       Max VN number :  0.33E+00 at (25,33,51)
       Mesh    3
       Max CFL number:  0.58E+00 at (42,1,38)
       Max divergence:  0.61E+00 at (41,1,28)
       Min divergence: -0.42E+00 at (41,1,22)
       Max VN number :  0.32E+00 at (32,24,51)
       Mesh    4
       Max CFL number:  0.36E+00 at (1,1,36)
       Max divergence:  0.13E+00 at (1,2,36)
       Min divergence: -0.27E+00 at (1,1,35)
       Max VN number :  0.25E+00 at (40,6,51)
 
       Time Step    23200   August  8, 2026  15:20:49
       Step Size:  0.976E-02 s, Total Time:  226.17621 s
       Pressure Iterations: 4
       Maximum Velocity Error:  0.15E-01 on Mesh 1 at (44,44,21)
       Maximum Pressure Error:  0.50E+03 on Mesh 1 at (43,42,14)
       Maximum CFL Number    :  0.78E+00 on Mesh 1 at (43,42,13)
       Maximum VN Number     :  0.35E+00 on Mesh 1 at (28,26,51)
       ---------------------------------------------------------------
       Mesh    1
       Max CFL number:  0.78E+00 at (43,42,13)
       Max divergence:  0.13E+02 at (43,43,7)
       Min divergence: -0.25E+01 at (42,43,16)
       Max VN number :  0.35E+00 at (28,26,51)
       Mesh    2
       Max CFL number:  0.53E+00 at (2,31,51)
       Max divergence:  0.77E+00 at (1,43,22)
       Min divergence: -0.10E+01 at (1,44,22)
       Max VN number :  0.32E+00 at (23,13,51)
       Mesh    3
       Max CFL number:  0.57E+00 at (35,6,51)
       Max divergence:  0.23E+00 at (42,1,42)
       Min divergence: -0.37E+00 at (43,2,40)
       Max VN number :  0.29E+00 at (28,10,51)
       Mesh    4
       Max CFL number:  0.49E+00 at (14,2,51)
       Max divergence:  0.11E+00 at (19,4,50)
       Min divergence: -0.16E+00 at (19,4,51)
       Max VN number :  0.30E+00 at (3,17,51)
 
       Time Step    23300   August  8, 2026  15:21:39
       Step Size:  0.858E-02 s, Total Time:  227.15548 s
       Pressure Iterations: 3
       Maximum Velocity Error:  0.23E-01 on Mesh 1 at (44,46,44)
       Maximum Pressure Error:  0.30E+03 on Mesh 1 at (42,43,18)
       Maximum CFL Number    :  0.86E+00 on Mesh 1 at (43,43,21)
       Maximum VN Number     :  0.40E+00 on Mesh 2 at (5,45,51)
       ---------------------------------------------------------------
       Mesh    1
       Max CFL number:  0.86E+00 at (43,43,21)
       Max divergence:  0.20E+02 at (42,42,7)
       Min divergence: -0.33E+01 at (42,43,18)
       Max VN number :  0.36E+00 at (6,25,51)
       Mesh    2
       Max CFL number:  0.60E+00 at (2,42,50)
       Max divergence:  0.48E+00 at (1,43,31)
       Min divergence: -0.63E+00 at (1,42,30)
       Max VN number :  0.40E+00 at (5,45,51)
       Mesh    3
       Max CFL number:  0.52E+00 at (43,1,41)
       Max divergence:  0.41E+00 at (44,1,43)
       Min divergence: -0.48E+00 at (43,1,42)
       Max VN number :  0.35E+00 at (3,21,51)
       Mesh    4
       Max CFL number:  0.37E+00 at (2,1,51)
       Max divergence:  0.19E+00 at (1,1,43)
       Min divergence: -0.74E-01 at (9,11,51)
       Max VN number :  0.22E+00 at (37,2,51)
 
       Time Step    23400   August  8, 2026  15:22:29
       Step Size:  0.908E-02 s, Total Time:  228.05127 s
       Pressure Iterations: 4
       Maximum Velocity Error:  0.12E-01 on Mesh 1 at (44,42,20)
       Maximum Pressure Error:  0.21E+03 on Mesh 1 at (42,43,15)
       Maximum CFL Number    :  0.95E+00 on Mesh 1 at (43,42,19)
       Maximum VN Number     :  0.36E+00 on Mesh 2 at (12,43,51)
       ---------------------------------------------------------------
       Mesh    1
       Max CFL number:  0.95E+00 at (43,42,19)
       Max divergence:  0.15E+02 at (41,42,7)
       Min divergence: -0.38E+01 at (42,43,15)
       Max VN number :  0.34E+00 at (43,29,51)
       Mesh    2
       Max CFL number:  0.45E+00 at (1,31,51)
       Max divergence:  0.11E+01 at (1,43,21)
       Min divergence: -0.73E+00 at (1,44,19)
       Max VN number :  0.36E+00 at (12,43,51)
       Mesh    3
       Max CFL number:  0.42E+00 at (35,6,51)
       Max divergence:  0.33E+00 at (44,1,22)
       Min divergence: -0.35E+00 at (44,1,34)
       Max VN number :  0.30E+00 at (17,40,51)
       Mesh    4
       Max CFL number:  0.45E+00 at (7,10,51)
       Max divergence:  0.16E+00 at (1,1,21)
       Min divergence: -0.11E+00 at (3,1,30)
       Max VN number :  0.29E+00 at (6,6,51)
 
       Time Step    23500   August  8, 2026  15:23:19
       Step Size:  0.739E-02 s, Total Time:  228.94395 s
       Pressure Iterations: 3
       Maximum Velocity Error:  0.14E-01 on Mesh 2 at (1,46,48)
       Maximum Pressure Error:  0.53E+03 on Mesh 1 at (42,44,19)
       Maximum CFL Number    :  0.86E+00 on Mesh 1 at (42,44,19)
       Maximum VN Number     :  0.27E+00 on Mesh 1 at (42,44,20)
       ---------------------------------------------------------------
       Mesh    1
       Max CFL number:  0.86E+00 at (42,44,19)
       Max divergence:  0.17E+02 at (41,43,7)
       Min divergence: -0.33E+01 at (42,44,16)
       Max VN number :  0.27E+00 at (42,44,20)
       Mesh    2
       Max CFL number:  0.48E+00 at (1,46,46)
       Max divergence:  0.56E+00 at (1,43,21)
       Min divergence: -0.55E+00 at (1,46,47)
       Max VN number :  0.22E+00 at (11,40,51)
       Mesh    3
       Max CFL number:  0.54E+00 at (44,3,49)
       Max divergence:  0.29E+00 at (42,1,18)
       Min divergence: -0.28E+00 at (44,3,49)
       Max VN number :  0.24E+00 at (33,6,51)
       Mesh    4
       Max CFL number:  0.54E+00 at (1,1,45)
       Max divergence:  0.23E+00 at (1,3,40)
       Min divergence: -0.32E+00 at (1,2,39)
       Max VN number :  0.23E+00 at (5,17,51)
 
       Time Step    23600   August  8, 2026  15:24:07
       Step Size:  0.709E-02 s, Total Time:  229.76636 s
       Pressure Iterations: 3
       Maximum Velocity Error:  0.19E-01 on Mesh 2 at (0,43,30)
       Maximum Pressure Error:  0.93E+03 on Mesh 1 at (42,45,21)
       Maximum CFL Number    :  0.92E+00 on Mesh 1 at (42,45,19)
       Maximum VN Number     :  0.33E+00 on Mesh 1 at (30,44,51)
       ---------------------------------------------------------------
       Mesh    1
       Max CFL number:  0.92E+00 at (42,45,19)
       Max divergence:  0.18E+02 at (41,42,7)
       Min divergence: -0.59E+01 at (41,45,22)
       Max VN number :  0.33E+00 at (30,44,51)
       Mesh    2
       Max CFL number:  0.42E+00 at (1,44,27)
       Max divergence:  0.14E+01 at (1,43,26)
       Min divergence: -0.12E+01 at (1,44,25)
       Max VN number :  0.29E+00 at (14,42,51)
       Mesh    3
       Max CFL number:  0.48E+00 at (42,1,51)
       Max divergence:  0.53E+00 at (42,1,14)
       Min divergence: -0.25E+00 at (44,1,27)
       Max VN number :  0.26E+00 at (39,26,51)
       Mesh    4
       Max CFL number:  0.33E+00 at (2,1,51)
       Max divergence:  0.26E+00 at (1,1,34)
       Min divergence: -0.15E+00 at (1,10,50)
       Max VN number :  0.23E+00 at (1,25,51)
 
       Time Step    23700   August  8, 2026  15:24:57
       Step Size:  0.925E-02 s, Total Time:  230.56557 s
       Pressure Iterations: 4
       Maximum Velocity Error:  0.12E-01 on Mesh 1 at (44,42,36)
       Maximum Pressure Error:  0.33E+03 on Mesh 1 at (43,42,24)
       Maximum CFL Number    :  0.92E+00 on Mesh 1 at (41,42,19)
       Maximum VN Number     :  0.32E+00 on Mesh 3 at (29,18,51)
       ---------------------------------------------------------------
       Mesh    1
       Max CFL number:  0.92E+00 at (41,42,19)
       Max divergence:  0.17E+02 at (41,42,7)
       Min divergence: -0.41E+01 at (42,43,13)
       Max VN number :  0.32E+00 at (18,37,51)
       Mesh    2
       Max CFL number:  0.64E+00 at (10,42,51)
       Max divergence:  0.62E+00 at (1,43,19)
       Min divergence: -0.47E+00 at (2,43,35)
       Max VN number :  0.30E+00 at (7,27,51)
       Mesh    3
       Max CFL number:  0.45E+00 at (36,2,51)
       Max divergence:  0.60E+00 at (40,1,27)
       Min divergence: -0.81E+00 at (41,1,26)
       Max VN number :  0.32E+00 at (29,18,51)
       Mesh    4
       Max CFL number:  0.49E+00 at (8,3,51)
       Max divergence:  0.19E+00 at (1,1,41)
       Min divergence: -0.16E+00 at (1,1,39)
       Max VN number :  0.31E+00 at (5,24,51)
 
       Time Step    23800   August  8, 2026  15:25:45
       Step Size:  0.891E-02 s, Total Time:  231.47408 s
       Pressure Iterations: 3
       Maximum Velocity Error:  0.23E-01 on Mesh 1 at (44,44,22)
       Maximum Pressure Error:  0.41E+03 on Mesh 1 at (41,43,20)
       Maximum CFL Number    :  0.87E+00 on Mesh 1 at (42,43,18)
       Maximum VN Number     :  0.36E+00 on Mesh 1 at (43,36,51)
       ---------------------------------------------------------------
       Mesh    1
       Max CFL number:  0.87E+00 at (42,43,18)
       Max divergence:  0.17E+02 at (41,42,7)
       Min divergence: -0.36E+01 at (42,43,15)
       Max VN number :  0.36E+00 at (43,36,51)
       Mesh    2
       Max CFL number:  0.54E+00 at (1,38,51)
       Max divergence:  0.54E+00 at (1,45,23)
       Min divergence: -0.11E+01 at (1,44,23)
       Max VN number :  0.25E+00 at (13,19,51)
       Mesh    3
       Max CFL number:  0.56E+00 at (42,1,38)
       Max divergence:  0.32E+00 at (43,1,24)
       Min divergence: -0.45E+00 at (42,1,38)
       Max VN number :  0.24E+00 at (27,6,51)
       Mesh    4
       Max CFL number:  0.38E+00 at (2,15,51)
       Max divergence:  0.17E+00 at (1,1,21)
       Min divergence: -0.87E-01 at (7,4,51)
       Max VN number :  0.29E+00 at (25,20,51)
 
       Time Step    23900   August  8, 2026  15:26:34
       Step Size:  0.891E-02 s, Total Time:  232.36550 s
       Pressure Iterations: 3
       Maximum Velocity Error:  0.16E-01 on Mesh 1 at (44,44,25)
       Maximum Pressure Error:  0.26E+03 on Mesh 1 at (41,42,24)
       Maximum CFL Number    :  0.93E+00 on Mesh 1 at (42,44,28)
       Maximum VN Number     :  0.31E+00 on Mesh 3 at (27,19,51)
       ---------------------------------------------------------------
       Mesh    1
       Max CFL number:  0.93E+00 at (42,44,28)
       Max divergence:  0.17E+02 at (41,44,7)
       Min divergence: -0.41E+01 at (42,42,16)
       Max VN number :  0.29E+00 at (27,41,51)
       Mesh    2
       Max CFL number:  0.44E+00 at (12,37,51)
       Max divergence:  0.43E+00 at (1,42,27)
       Min divergence: -0.49E+00 at (1,44,25)
       Max VN number :  0.30E+00 at (14,35,51)
       Mesh    3
       Max CFL number:  0.41E+00 at (30,1,51)
       Max divergence:  0.25E+00 at (43,1,26)
       Min divergence: -0.17E+00 at (42,9,51)
       Max VN number :  0.31E+00 at (27,19,51)
       Mesh    4
       Max CFL number:  0.37E+00 at (6,1,51)
       Max divergence:  0.86E-01 at (2,3,50)
       Min divergence: -0.12E+00 at (9,3,51)
       Max VN number :  0.22E+00 at (20,41,51)
 
       Time Step    24000   August  8, 2026  15:27:24
       Step Size:  0.847E-02 s, Total Time:  233.20931 s
       Pressure Iterations: 4
       Maximum Velocity Error:  0.14E-01 on Mesh 1 at (44,44,39)
       Maximum Pressure Error:  0.11E+04 on Mesh 1 at (41,42,12)
       Maximum CFL Number    :  0.85E+00 on Mesh 1 at (42,44,31)
       Maximum VN Number     :  0.37E+00 on Mesh 2 at (11,43,51)
       ---------------------------------------------------------------
       Mesh    1
       Max CFL number:  0.85E+00 at (42,44,31)
       Max divergence:  0.18E+02 at (41,44,7)
       Min divergence: -0.43E+01 at (41,43,13)
       Max VN number :  0.27E+00 at (42,42,6)
       Mesh    2
       Max CFL number:  0.70E+00 at (1,45,38)
       Max divergence:  0.43E+00 at (1,42,18)
       Min divergence: -0.75E+00 at (2,45,35)
       Max VN number :  0.37E+00 at (11,43,51)
       Mesh    3
       Max CFL number:  0.46E+00 at (44,1,36)
       Max divergence:  0.28E+00 at (43,1,34)
       Min divergence: -0.60E+00 at (44,1,36)
       Max VN number :  0.27E+00 at (20,27,51)
       Mesh    4
       Max CFL number:  0.42E+00 at (4,8,51)
       Max divergence:  0.40E+00 at (1,1,37)
       Min divergence: -0.17E+00 at (4,6,51)
       Max VN number :  0.24E+00 at (16,6,51)
 
       Time Step    24100   August  8, 2026  15:28:12
       Step Size:  0.891E-02 s, Total Time:  234.00152 s
       Pressure Iterations: 4
       Maximum Velocity Error:  0.19E-01 on Mesh 1 at (44,41,22)
       Maximum Pressure Error:  0.25E+03 on Mesh 1 at (41,43,12)
       Maximum CFL Number    :  0.83E+00 on Mesh 1 at (37,41,35)
       Maximum VN Number     :  0.43E+00 on Mesh 3 at (42,2,51)
       ---------------------------------------------------------------
       Mesh    1
       Max CFL number:  0.83E+00 at (37,41,35)
       Max divergence:  0.22E+02 at (43,43,7)
       Min divergence: -0.28E+01 at (42,43,19)
       Max VN number :  0.31E+00 at (43,45,51)
       Mesh    2
       Max CFL number:  0.60E+00 at (1,43,23)
       Max divergence:  0.11E+01 at (1,42,24)
       Min divergence: -0.17E+01 at (1,43,24)
       Max VN number :  0.37E+00 at (9,45,51)
       Mesh    3
       Max CFL number:  0.47E+00 at (41,1,51)
       Max divergence:  0.19E+00 at (41,2,50)
       Min divergence: -0.63E+00 at (43,2,42)
       Max VN number :  0.43E+00 at (42,2,51)
       Mesh    4
       Max CFL number:  0.43E+00 at (9,10,51)
       Max divergence:  0.14E+00 at (1,1,36)
       Min divergence: -0.18E+00 at (1,1,33)
       Max VN number :  0.31E+00 at (3,2,51)
 
       Time Step    24200   August  8, 2026  15:29:03
       Step Size:  0.796E-02 s, Total Time:  234.89555 s
       Pressure Iterations: 3
       Maximum Velocity Error:  0.21E-01 on Mesh 2 at (0,42,32)
       Maximum Pressure Error:  0.43E+03 on Mesh 1 at (42,44,11)
       Maximum CFL Number    :  0.81E+00 on Mesh 1 at (42,41,28)
       Maximum VN Number     :  0.24E+00 on Mesh 3 at (32,30,51)
       ---------------------------------------------------------------
       Mesh    1
       Max CFL number:  0.81E+00 at (42,41,28)
       Max divergence:  0.14E+02 at (41,42,7)
       Min divergence: -0.40E+01 at (43,42,15)
       Max VN number :  0.23E+00 at (43,42,33)
       Mesh    2
       Max CFL number:  0.44E+00 at (1,39,45)
       Max divergence:  0.93E+00 at (1,43,15)
       Min divergence: -0.34E+00 at (1,42,30)
       Max VN number :  0.19E+00 at (17,42,51)
       Mesh    3
       Max CFL number:  0.48E+00 at (41,10,51)
       Max divergence:  0.22E+00 at (41,1,36)
       Min divergence: -0.33E+00 at (43,1,36)
       Max VN number :  0.24E+00 at (32,30,51)
       Mesh    4
       Max CFL number:  0.38E+00 at (4,2,51)
       Max divergence:  0.11E+00 at (1,1,36)
       Min divergence: -0.75E-01 at (11,1,51)
       Max VN number :  0.24E+00 at (21,40,51)
 
       Time Step    24300   August  8, 2026  15:29:56
       Step Size:  0.899E-02 s, Total Time:  235.77163 s
       Pressure Iterations: 4
       Maximum Velocity Error:  0.19E-01 on Mesh 1 at (44,45,35)
       Maximum Pressure Error:  0.30E+03 on Mesh 1 at (41,42,12)
       Maximum CFL Number    :  0.91E+00 on Mesh 1 at (43,43,34)
       Maximum VN Number     :  0.34E+00 on Mesh 3 at (42,2,51)
       ---------------------------------------------------------------
       Mesh    1
       Max CFL number:  0.91E+00 at (43,43,34)
       Max divergence:  0.17E+02 at (43,44,7)
       Min divergence: -0.22E+01 at (42,42,21)
       Max VN number :  0.26E+00 at (38,15,51)
       Mesh    2
       Max CFL number:  0.80E+00 at (1,45,36)
       Max divergence:  0.56E+00 at (2,45,37)
       Min divergence: -0.95E+00 at (1,45,36)
       Max VN number :  0.27E+00 at (12,43,51)
       Mesh    3
       Max CFL number:  0.46E+00 at (41,1,51)
       Max divergence:  0.21E+00 at (44,1,39)
       Min divergence: -0.31E+00 at (44,1,36)
       Max VN number :  0.34E+00 at (42,2,51)
       Mesh    4
       Max CFL number:  0.40E+00 at (10,3,51)
       Max divergence:  0.28E+00 at (1,1,34)
       Min divergence: -0.12E+00 at (1,1,30)
       Max VN number :  0.23E+00 at (28,16,51)
 
       Time Step    24400   August  8, 2026  15:30:51
       Step Size:  0.825E-02 s, Total Time:  236.72003 s
       Pressure Iterations: 3
       Maximum Velocity Error:  0.23E-01 on Mesh 1 at (44,43,31)
       Maximum Pressure Error:  0.47E+03 on Mesh 1 at (42,44,20)
       Maximum CFL Number    :  0.88E+00 on Mesh 1 at (42,44,19)
       Maximum VN Number     :  0.36E+00 on Mesh 3 at (41,19,51)
       ---------------------------------------------------------------
       Mesh    1
       Max CFL number:  0.88E+00 at (42,44,19)
       Max divergence:  0.20E+02 at (41,43,7)
       Min divergence: -0.38E+01 at (42,44,19)
       Max VN number :  0.27E+00 at (27,46,51)
       Mesh    2
       Max CFL number:  0.61E+00 at (1,43,28)
       Max divergence:  0.73E+00 at (1,43,31)
       Min divergence: -0.15E+01 at (1,42,31)
       Max VN number :  0.33E+00 at (12,30,51)
       Mesh    3
       Max CFL number:  0.44E+00 at (34,2,51)
       Max divergence:  0.14E+00 at (41,1,34)
       Min divergence: -0.14E+00 at (34,3,51)
       Max VN number :  0.36E+00 at (41,19,51)
       Mesh    4
       Max CFL number:  0.39E+00 at (2,4,51)
       Max divergence:  0.11E+00 at (2,2,46)
       Min divergence: -0.13E+00 at (2,1,46)
       Max VN number :  0.22E+00 at (40,5,51)
 
       Time Step    24500   August  8, 2026  15:31:45
       Step Size:  0.867E-02 s, Total Time:  237.51698 s
       Pressure Iterations: 4
       Maximum Velocity Error:  0.15E-01 on Mesh 1 at (42,46,18)
       Maximum Pressure Error:  0.40E+03 on Mesh 1 at (43,45,18)
       Maximum CFL Number    :  0.88E+00 on Mesh 1 at (43,45,29)
       Maximum VN Number     :  0.32E+00 on Mesh 1 at (42,46,19)
       ---------------------------------------------------------------
       Mesh    1
       Max CFL number:  0.88E+00 at (43,45,29)
       Max divergence:  0.15E+02 at (42,44,7)
       Min divergence: -0.40E+01 at (43,44,20)
       Max VN number :  0.32E+00 at (42,46,19)
       Mesh    2
       Max CFL number:  0.60E+00 at (1,42,43)
       Max divergence:  0.10E+01 at (1,45,23)
       Min divergence: -0.30E+00 at (1,45,46)
       Max VN number :  0.31E+00 at (11,42,51)
       Mesh    3
       Max CFL number:  0.44E+00 at (35,6,51)
       Max divergence:  0.18E+01 at (42,1,20)
       Min divergence: -0.37E+00 at (43,1,40)
       Max VN number :  0.24E+00 at (21,25,51)
       Mesh    4
       Max CFL number:  0.55E+00 at (2,5,51)
       Max divergence:  0.23E+00 at (1,1,36)
       Min divergence: -0.19E+00 at (8,6,51)
       Max VN number :  0.20E+00 at (4,11,51)
 
       Time Step    24600   August  8, 2026  15:32:38
       Step Size:  0.912E-02 s, Total Time:  238.36956 s
       Pressure Iterations: 3
       Maximum Velocity Error:  0.14E-01 on Mesh 1 at (44,42,20)
       Maximum Pressure Error:  0.23E+03 on Mesh 1 at (42,43,14)
       Maximum CFL Number    :  0.79E+00 on Mesh 1 at (41,42,22)
       Maximum VN Number     :  0.40E+00 on Mesh 1 at (17,33,51)
       ---------------------------------------------------------------
       Mesh    1
       Max CFL number:  0.79E+00 at (41,42,22)
       Max divergence:  0.16E+02 at (42,42,7)
       Min divergence: -0.36E+01 at (41,43,11)
       Max VN number :  0.40E+00 at (17,33,51)
       Mesh    2
       Max CFL number:  0.49E+00 at (2,46,51)
       Max divergence:  0.51E+00 at (1,41,21)
       Min divergence: -0.92E+00 at (1,42,20)
       Max VN number :  0.38E+00 at (30,24,51)
       Mesh    3
       Max CFL number:  0.54E+00 at (44,1,47)
       Max divergence:  0.23E+00 at (44,3,38)
       Min divergence: -0.32E+00 at (44,2,42)
       Max VN number :  0.27E+00 at (37,23,51)
       Mesh    4
       Max CFL number:  0.42E+00 at (1,1,48)
       Max divergence:  0.15E+00 at (1,3,36)
       Min divergence: -0.21E+00 at (1,2,37)
       Max VN number :  0.32E+00 at (28,10,51)
 
       Time Step    24700   August  8, 2026  15:33:29
       Step Size:  0.855E-02 s, Total Time:  239.22744 s
       Pressure Iterations: 3
       Maximum Velocity Error:  0.25E-01 on Mesh 1 at (44,44,22)
       Maximum Pressure Error:  0.53E+03 on Mesh 1 at (42,44,28)
       Maximum CFL Number    :  0.93E+00 on Mesh 1 at (41,42,38)
       Maximum VN Number     :  0.37E+00 on Mesh 1 at (31,46,51)
       ---------------------------------------------------------------
       Mesh    1
       Max CFL number:  0.93E+00 at (41,42,38)
       Max divergence:  0.19E+02 at (43,42,7)
       Min divergence: -0.32E+01 at (42,44,19)
       Max VN number :  0.37E+00 at (31,46,51)
       Mesh    2
       Max CFL number:  0.63E+00 at (1,40,51)
       Max divergence:  0.47E+00 at (1,40,46)
       Min divergence: -0.47E+00 at (1,41,44)
       Max VN number :  0.31E+00 at (2,40,51)
       Mesh    3
       Max CFL number:  0.49E+00 at (33,1,50)
       Max divergence:  0.12E+00 at (43,1,18)
       Min divergence: -0.13E+00 at (31,1,50)
       Max VN number :  0.36E+00 at (33,2,51)
       Mesh    4
       Max CFL number:  0.54E+00 at (6,3,51)
       Max divergence:  0.96E-01 at (1,9,50)
       Min divergence: -0.15E+00 at (3,1,51)
       Max VN number :  0.27E+00 at (38,14,51)
 
       Time Step    24800   August  8, 2026  15:34:21
       Step Size:  0.940E-02 s, Total Time:  240.10941 s
       Pressure Iterations: 3
       Maximum Velocity Error:  0.20E-01 on Mesh 1 at (42,46,43)
       Maximum Pressure Error:  0.36E+03 on Mesh 1 at (43,43,14)
       Maximum CFL Number    :  0.85E+00 on Mesh 1 at (42,44,22)
       Maximum VN Number     :  0.39E+00 on Mesh 2 at (27,36,51)
       ---------------------------------------------------------------
       Mesh    1
       Max CFL number:  0.85E+00 at (42,44,22)
       Max divergence:  0.19E+02 at (43,42,7)
       Min divergence: -0.37E+01 at (42,43,15)
       Max VN number :  0.37E+00 at (25,44,51)
       Mesh    2
       Max CFL number:  0.50E+00 at (1,43,43)
       Max divergence:  0.45E+00 at (1,43,20)
       Min divergence: -0.25E+00 at (1,43,42)
       Max VN number :  0.39E+00 at (27,36,51)
       Mesh    3
       Max CFL number:  0.59E+00 at (43,1,44)
       Max divergence:  0.37E+00 at (44,1,44)
       Min divergence: -0.60E+00 at (43,1,44)
       Max VN number :  0.29E+00 at (30,23,51)
       Mesh    4
       Max CFL number:  0.45E+00 at (21,4,51)
       Max divergence:  0.10E+00 at (3,1,50)
       Min divergence: -0.16E+00 at (1,2,51)
       Max VN number :  0.34E+00 at (25,12,51)
 
       Time Step    24900   August  8, 2026  15:35:16
       Step Size:  0.842E-02 s, Total Time:  240.87528 s
       Pressure Iterations: 4
       Maximum Velocity Error:  0.19E-01 on Mesh 1 at (44,43,44)
       Maximum Pressure Error:  0.87E+03 on Mesh 1 at (42,44,16)
       Maximum CFL Number    :  0.89E+00 on Mesh 1 at (40,41,33)
       Maximum VN Number     :  0.44E+00 on Mesh 1 at (33,42,51)
       ---------------------------------------------------------------
       Mesh    1
       Max CFL number:  0.89E+00 at (40,41,33)
       Max divergence:  0.15E+02 at (41,43,7)
       Min divergence: -0.37E+01 at (42,44,16)
       Max VN number :  0.44E+00 at (33,42,51)
       Mesh    2
       Max CFL number:  0.70E+00 at (1,42,42)
       Max divergence:  0.83E+00 at (2,44,22)
       Min divergence: -0.16E+01 at (1,44,23)
       Max VN number :  0.24E+00 at (4,43,51)
       Mesh    3
       Max CFL number:  0.44E+00 at (33,4,51)
       Max divergence:  0.15E+00 at (44,2,43)
       Min divergence: -0.24E+00 at (43,1,42)
       Max VN number :  0.29E+00 at (9,21,51)
       Mesh    4
       Max CFL number:  0.38E+00 at (13,2,51)
       Max divergence:  0.53E+00 at (1,1,44)
       Min divergence: -0.25E+00 at (1,1,42)
       Max VN number :  0.19E+00 at (13,12,51)
 
       Time Step    25000   August  8, 2026  15:36:11
       Step Size:  0.750E-02 s, Total Time:  241.71006 s
       Pressure Iterations: 4
       Maximum Velocity Error:  0.14E-01 on Mesh 1 at (44,42,25)
       Maximum Pressure Error:  0.57E+03 on Mesh 1 at (41,43,15)
       Maximum CFL Number    :  0.86E+00 on Mesh 1 at (42,43,22)
       Maximum VN Number     :  0.31E+00 on Mesh 2 at (23,37,51)
       ---------------------------------------------------------------
       Mesh    1
       Max CFL number:  0.86E+00 at (42,43,22)
       Max divergence:  0.17E+02 at (42,42,7)
       Min divergence: -0.42E+01 at (42,42,21)
       Max VN number :  0.30E+00 at (33,26,51)
       Mesh    2
       Max CFL number:  0.61E+00 at (1,42,23)
       Max divergence:  0.90E+00 at (2,42,25)
       Min divergence: -0.28E+01 at (1,42,24)
       Max VN number :  0.31E+00 at (23,37,51)
       Mesh    3
       Max CFL number:  0.49E+00 at (40,1,25)
       Max divergence:  0.52E+00 at (40,1,27)
       Min divergence: -0.96E+00 at (41,1,26)
       Max VN number :  0.23E+00 at (38,20,51)
       Mesh    4
       Max CFL number:  0.32E+00 at (1,1,42)
       Max divergence:  0.14E+00 at (1,1,19)
       Min divergence: -0.22E+00 at (1,2,42)
       Max VN number :  0.27E+00 at (40,15,51)
 
       Time Step    25100   August  8, 2026  15:37:03
       Step Size:  0.981E-02 s, Total Time:  242.58133 s
       Pressure Iterations: 3
       Maximum Velocity Error:  0.21E-01 on Mesh 1 at (40,46,30)
       Maximum Pressure Error:  0.31E+03 on Mesh 1 at (42,44,17)
       Maximum CFL Number    :  0.96E+00 on Mesh 1 at (41,42,21)
       Maximum VN Number     :  0.42E+00 on Mesh 2 at (1,24,51)
       ---------------------------------------------------------------
       Mesh    1
       Max CFL number:  0.96E+00 at (41,42,21)
       Max divergence:  0.18E+02 at (41,44,7)
       Min divergence: -0.35E+01 at (42,43,14)
       Max VN number :  0.40E+00 at (36,19,51)
       Mesh    2
       Max CFL number:  0.54E+00 at (2,25,51)
       Max divergence:  0.36E+00 at (1,44,21)
       Min divergence: -0.12E+00 at (5,43,50)
       Max VN number :  0.42E+00 at (1,24,51)
       Mesh    3
       Max CFL number:  0.57E+00 at (40,1,30)
       Max divergence:  0.46E+00 at (41,1,32)
       Min divergence: -0.71E+00 at (40,1,31)
       Max VN number :  0.32E+00 at (28,10,51)
       Mesh    4
       Max CFL number:  0.42E+00 at (12,2,51)
       Max divergence:  0.87E-01 at (2,1,38)
       Min divergence: -0.11E+00 at (2,1,36)
       Max VN number :  0.29E+00 at (16,39,51)
 
       Time Step    25200   August  8, 2026  15:37:55
       Step Size:  0.981E-02 s, Total Time:  243.56226 s
       Pressure Iterations: 4
       Maximum Velocity Error:  0.18E-01 on Mesh 1 at (44,43,27)
       Maximum Pressure Error:  0.53E+03 on Mesh 1 at (42,44,23)
       Maximum CFL Number    :  0.99E+00 on Mesh 1 at (41,44,21)
       Maximum VN Number     :  0.36E+00 on Mesh 2 at (6,2,51)
       ---------------------------------------------------------------
       Mesh    1
       Max CFL number:  0.99E+00 at (41,44,21)
       Max divergence:  0.24E+02 at (43,43,7)
       Min divergence: -0.36E+01 at (42,44,15)
       Max VN number :  0.36E+00 at (38,40,51)
       Mesh    2
       Max CFL number:  0.52E+00 at (11,41,51)
       Max divergence:  0.37E+00 at (1,43,29)
       Min divergence: -0.49E+00 at (1,43,27)
       Max VN number :  0.36E+00 at (6,2,51)
       Mesh    3
       Max CFL number:  0.48E+00 at (40,16,51)
       Max divergence:  0.11E+00 at (40,1,39)
       Min divergence: -0.12E+00 at (42,6,49)
       Max VN number :  0.28E+00 at (20,32,51)
       Mesh    4
       Max CFL number:  0.49E+00 at (4,4,51)
       Max divergence:  0.74E-01 at (5,2,50)
       Min divergence: -0.13E+00 at (5,3,50)
       Max VN number :  0.27E+00 at (12,24,51)
 
       Time Step    25300   August  8, 2026  15:38:47
       Step Size:  0.822E-02 s, Total Time:  244.41577 s
       Pressure Iterations: 3
       Maximum Velocity Error:  0.17E-01 on Mesh 2 at (0,42,46)
       Maximum Pressure Error:  0.26E+03 on Mesh 1 at (42,44,31)
       Maximum CFL Number    :  0.90E+00 on Mesh 1 at (41,43,35)
       Maximum VN Number     :  0.30E+00 on Mesh 1 at (43,42,51)
       ---------------------------------------------------------------
       Mesh    1
       Max CFL number:  0.90E+00 at (41,43,35)
       Max divergence:  0.18E+02 at (43,42,7)
       Min divergence: -0.30E+01 at (42,43,18)
       Max VN number :  0.30E+00 at (43,42,51)
       Mesh    2
       Max CFL number:  0.46E+00 at (1,42,45)
       Max divergence:  0.59E+00 at (1,43,16)
       Min divergence: -0.35E+00 at (1,42,28)
       Max VN number :  0.28E+00 at (33,42,51)
       Mesh    3
       Max CFL number:  0.48E+00 at (42,1,51)
       Max divergence:  0.20E+00 at (43,1,48)
       Min divergence: -0.31E+00 at (42,1,49)
       Max VN number :  0.29E+00 at (43,2,51)
       Mesh    4
       Max CFL number:  0.35E+00 at (1,3,51)
       Max divergence:  0.57E-01 at (1,3,50)
       Min divergence: -0.97E-01 at (1,3,51)
       Max VN number :  0.25E+00 at (14,5,51)
 
       Time Step    25400   August  8, 2026  15:39:40
       Step Size:  0.835E-02 s, Total Time:  245.30027 s
       Pressure Iterations: 3
       Maximum Velocity Error:  0.13E-01 on Mesh 1 at (44,43,32)
       Maximum Pressure Error:  0.75E+03 on Mesh 1 at (43,42,14)
       Maximum CFL Number    :  0.91E+00 on Mesh 1 at (42,44,22)
       Maximum VN Number     :  0.29E+00 on Mesh 1 at (12,35,51)
       ---------------------------------------------------------------
       Mesh    1
       Max CFL number:  0.91E+00 at (42,44,22)
       Max divergence:  0.18E+02 at (43,44,7)
       Min divergence: -0.37E+01 at (42,42,16)
       Max VN number :  0.29E+00 at (12,35,51)
       Mesh    2
       Max CFL number:  0.45E+00 at (1,42,25)
       Max divergence:  0.62E+00 at (1,42,30)
       Min divergence: -0.71E+00 at (1,42,28)
       Max VN number :  0.23E+00 at (17,15,51)
       Mesh    3
       Max CFL number:  0.49E+00 at (42,1,43)
       Max divergence:  0.33E+00 at (41,1,21)
       Min divergence: -0.38E+00 at (43,3,46)
       Max VN number :  0.29E+00 at (22,4,51)
       Mesh    4
       Max CFL number:  0.31E+00 at (3,18,51)
       Max divergence:  0.10E+00 at (1,3,42)
       Min divergence: -0.14E+00 at (1,1,43)
       Max VN number :  0.22E+00 at (20,39,51)
 
       Time Step    25500   August  8, 2026  15:40:31
       Step Size:  0.908E-02 s, Total Time:  246.14235 s
       Pressure Iterations: 3
       Maximum Velocity Error:  0.19E-01 on Mesh 1 at (44,40,47)
       Maximum Pressure Error:  0.23E+03 on Mesh 1 at (43,44,24)
       Maximum CFL Number    :  0.90E+00 on Mesh 1 at (42,40,47)
       Maximum VN Number     :  0.30E+00 on Mesh 1 at (43,44,23)
       ---------------------------------------------------------------
       Mesh    1
       Max CFL number:  0.90E+00 at (42,40,47)
       Max divergence:  0.17E+02 at (43,43,7)
       Min divergence: -0.45E+01 at (42,44,17)
       Max VN number :  0.30E+00 at (43,44,23)
       Mesh    2
       Max CFL number:  0.46E+00 at (1,43,27)
       Max divergence:  0.79E+00 at (1,44,13)
       Min divergence: -0.44E+00 at (2,43,27)
       Max VN number :  0.25E+00 at (26,9,51)
       Mesh    3
       Max CFL number:  0.50E+00 at (42,1,39)
       Max divergence:  0.11E+00 at (39,1,50)
       Min divergence: -0.18E+00 at (43,1,50)
       Max VN number :  0.24E+00 at (12,8,51)
       Mesh    4
       Max CFL number:  0.41E+00 at (1,1,47)
       Max divergence:  0.15E+00 at (1,1,50)
       Min divergence: -0.16E+00 at (1,1,51)
       Max VN number :  0.23E+00 at (15,1,51)
 
       Time Step    25600   August  8, 2026  15:41:22
       Step Size:  0.790E-02 s, Total Time:  246.98583 s
       Pressure Iterations: 3
       Maximum Velocity Error:  0.19E-01 on Mesh 1 at (41,46,45)
       Maximum Pressure Error:  0.71E+03 on Mesh 1 at (40,42,24)
       Maximum CFL Number    :  0.86E+00 on Mesh 1 at (40,42,23)
       Maximum VN Number     :  0.36E+00 on Mesh 3 at (37,14,51)
       ---------------------------------------------------------------
       Mesh    1
       Max CFL number:  0.86E+00 at (40,42,23)
       Max divergence:  0.17E+02 at (43,42,7)
       Min divergence: -0.34E+01 at (40,42,24)
       Max VN number :  0.31E+00 at (19,27,51)
       Mesh    2
       Max CFL number:  0.44E+00 at (2,45,51)
       Max divergence:  0.48E+00 at (1,44,25)
       Min divergence: -0.37E+00 at (1,44,23)
       Max VN number :  0.33E+00 at (22,25,51)
       Mesh    3
       Max CFL number:  0.62E+00 at (41,1,45)
       Max divergence:  0.30E+00 at (42,2,41)
       Min divergence: -0.41E+00 at (42,1,41)
       Max VN number :  0.36E+00 at (37,14,51)
       Mesh    4
       Max CFL number:  0.33E+00 at (7,5,51)
       Max divergence:  0.22E+00 at (1,2,48)
       Min divergence: -0.17E+00 at (2,3,43)
       Max VN number :  0.16E+00 at (19,10,51)
 
       Time Step    25700   August  8, 2026  15:42:12
       Step Size:  0.877E-02 s, Total Time:  247.86678 s
       Pressure Iterations: 3
       Maximum Velocity Error:  0.20E-01 on Mesh 1 at (43,46,40)
       Maximum Pressure Error:  0.57E+03 on Mesh 1 at (42,41,21)
       Maximum CFL Number    :  0.96E+00 on Mesh 1 at (40,42,24)
       Maximum VN Number     :  0.39E+00 on Mesh 2 at (7,46,51)
       ---------------------------------------------------------------
       Mesh    1
       Max CFL number:  0.96E+00 at (40,42,24)
       Max divergence:  0.17E+02 at (43,44,7)
       Min divergence: -0.38E+01 at (42,41,20)
       Max VN number :  0.30E+00 at (27,37,51)
       Mesh    2
       Max CFL number:  0.52E+00 at (1,42,33)
       Max divergence:  0.29E+00 at (1,41,32)
       Min divergence: -0.50E+00 at (1,42,33)
       Max VN number :  0.39E+00 at (7,46,51)
       Mesh    3
       Max CFL number:  0.50E+00 at (32,2,51)
       Max divergence:  0.32E+00 at (41,1,38)
       Min divergence: -0.30E+00 at (41,1,36)
       Max VN number :  0.28E+00 at (34,4,51)
       Mesh    4
       Max CFL number:  0.54E+00 at (7,1,51)
       Max divergence:  0.12E+00 at (9,2,50)
       Min divergence: -0.92E-01 at (9,2,51)
       Max VN number :  0.22E+00 at (1,6,51)
 
       Time Step    25800   August  8, 2026  15:43:04
       Step Size:  0.907E-02 s, Total Time:  248.70098 s
       Pressure Iterations: 3
       Maximum Velocity Error:  0.21E-01 on Mesh 1 at (44,45,37)
       Maximum Pressure Error:  0.39E+03 on Mesh 1 at (43,44,14)
       Maximum CFL Number    :  0.84E+00 on Mesh 1 at (39,44,32)
       Maximum VN Number     :  0.44E+00 on Mesh 1 at (26,30,51)
       ---------------------------------------------------------------
       Mesh    1
       Max CFL number:  0.84E+00 at (39,44,32)
       Max divergence:  0.19E+02 at (43,43,7)
       Min divergence: -0.37E+01 at (41,44,16)
       Max VN number :  0.44E+00 at (26,30,51)
       Mesh    2
       Max CFL number:  0.61E+00 at (1,45,39)
       Max divergence:  0.31E+00 at (2,44,35)
       Min divergence: -0.49E+00 at (1,45,39)
       Max VN number :  0.36E+00 at (3,23,51)
       Mesh    3
       Max CFL number:  0.41E+00 at (39,1,51)
       Max divergence:  0.44E+00 at (40,1,34)
       Min divergence: -0.13E+00 at (40,1,31)
       Max VN number :  0.29E+00 at (12,14,51)
       Mesh    4
       Max CFL number:  0.35E+00 at (9,10,51)
       Max divergence:  0.11E+00 at (1,1,36)
       Min divergence: -0.71E-01 at (7,1,51)
       Max VN number :  0.32E+00 at (8,39,51)
 
       Time Step    25900   August  8, 2026  15:43:56
       Step Size:  0.874E-02 s, Total Time:  249.56474 s
       Pressure Iterations: 7
       Maximum Velocity Error:  0.21E-01 on Mesh 1 at (43,44,5)
       Maximum Pressure Error:  0.27E+04 on Mesh 1 at (43,44,6)
       Maximum CFL Number    :  0.90E+00 on Mesh 1 at (41,42,20)
       Maximum VN Number     :  0.45E+00 on Mesh 4 at (7,3,51)
       ---------------------------------------------------------------
       Mesh    1
       Max CFL number:  0.90E+00 at (41,42,20)
       Max divergence:  0.20E+02 at (42,44,7)
       Min divergence: -0.34E+01 at (41,42,19)
       Max VN number :  0.40E+00 at (19,27,51)
       Mesh    2
       Max CFL number:  0.62E+00 at (1,42,46)
       Max divergence:  0.40E+00 at (1,44,32)
       Min divergence: -0.60E+00 at (1,46,33)
       Max VN number :  0.28E+00 at (28,19,51)
       Mesh    3
       Max CFL number:  0.61E+00 at (32,6,51)
       Max divergence:  0.64E+00 at (42,1,31)
       Min divergence: -0.64E+00 at (43,2,31)
       Max VN number :  0.29E+00 at (29,6,51)
       Mesh    4
       Max CFL number:  0.59E+00 at (6,4,51)
       Max divergence:  0.14E+00 at (1,1,30)
       Min divergence: -0.24E+00 at (8,3,51)
       Max VN number :  0.45E+00 at (7,3,51)
 
       Time Step    26000   August  8, 2026  15:44:49
       Step Size:  0.961E-02 s, Total Time:  250.47417 s
       Pressure Iterations: 4
       Maximum Velocity Error:  0.16E-01 on Mesh 1 at (43,46,26)
       Maximum Pressure Error:  0.27E+03 on Mesh 1 at (42,42,11)
       Maximum CFL Number    :  0.85E+00 on Mesh 1 at (42,45,27)
       Maximum VN Number     :  0.31E+00 on Mesh 2 at (5,38,51)
       ---------------------------------------------------------------
       Mesh    1
       Max CFL number:  0.85E+00 at (42,45,27)
       Max divergence:  0.20E+02 at (42,44,7)
       Min divergence: -0.26E+01 at (42,42,12)
       Max VN number :  0.27E+00 at (33,23,51)
       Mesh    2
       Max CFL number:  0.54E+00 at (6,40,51)
       Max divergence:  0.51E+00 at (1,42,21)
       Min divergence: -0.26E+00 at (1,45,28)
       Max VN number :  0.31E+00 at (5,38,51)
       Mesh    3
       Max CFL number:  0.58E+00 at (38,1,51)
       Max divergence:  0.45E+00 at (43,1,28)
       Min divergence: -0.34E+00 at (43,1,26)
       Max VN number :  0.29E+00 at (44,15,51)
       Mesh    4
       Max CFL number:  0.42E+00 at (3,8,51)
       Max divergence:  0.13E+00 at (1,1,26)
       Min divergence: -0.93E-01 at (7,3,51)
       Max VN number :  0.30E+00 at (5,15,51)
 
       Time Step    26100   August  8, 2026  15:45:41
       Step Size:  0.100E-01 s, Total Time:  251.29235 s
       Pressure Iterations: 2
       Maximum Velocity Error:  0.23E-01 on Mesh 3 at (44,2,49)
       Maximum Pressure Error:  0.24E+03 on Mesh 1 at (43,43,14)
       Maximum CFL Number    :  0.90E+00 on Mesh 1 at (41,43,35)
       Maximum VN Number     :  0.46E+00 on Mesh 3 at (42,7,51)
       ---------------------------------------------------------------
       Mesh    1
       Max CFL number:  0.90E+00 at (41,43,35)
       Max divergence:  0.17E+02 at (41,43,7)
       Min divergence: -0.37E+01 at (42,43,18)
       Max VN number :  0.37E+00 at (33,17,51)
       Mesh    2
       Max CFL number:  0.52E+00 at (5,40,51)
       Max divergence:  0.34E+00 at (1,43,12)
       Min divergence: -0.21E+00 at (1,42,25)
       Max VN number :  0.36E+00 at (23,37,51)
       Mesh    3
       Max CFL number:  0.55E+00 at (44,4,49)
       Max divergence:  0.19E+00 at (41,1,20)
       Min divergence: -0.14E+00 at (42,1,43)
       Max VN number :  0.46E+00 at (42,7,51)
       Mesh    4
       Max CFL number:  0.63E+00 at (1,3,49)
       Max divergence:  0.12E+00 at (2,4,48)
       Min divergence: -0.13E+00 at (2,2,49)
       Max VN number :  0.36E+00 at (7,25,51)
 
       Time Step    26200   August  8, 2026  15:46:34
       Step Size:  0.800E-02 s, Total Time:  252.15950 s
       Pressure Iterations: 4
       Maximum Velocity Error:  0.13E-01 on Mesh 1 at (44,44,34)
       Maximum Pressure Error:  0.53E+03 on Mesh 1 at (43,44,21)
       Maximum CFL Number    :  0.84E+00 on Mesh 1 at (41,43,27)
       Maximum VN Number     :  0.27E+00 on Mesh 2 at (16,43,51)
       ---------------------------------------------------------------
       Mesh    1
       Max CFL number:  0.84E+00 at (41,43,27)
       Max divergence:  0.20E+02 at (43,42,7)
       Min divergence: -0.39E+01 at (42,44,15)
       Max VN number :  0.26E+00 at (42,21,51)
       Mesh    2
       Max CFL number:  0.71E+00 at (1,43,45)
       Max divergence:  0.11E+01 at (1,44,20)
       Min divergence: -0.62E+00 at (1,45,30)
       Max VN number :  0.27E+00 at (16,43,51)
       Mesh    3
       Max CFL number:  0.38E+00 at (22,12,51)
       Max divergence:  0.57E+00 at (44,1,32)
       Min divergence: -0.38E+00 at (43,1,32)
       Max VN number :  0.24E+00 at (2,9,51)
       Mesh    4
       Max CFL number:  0.37E+00 at (1,5,51)
       Max divergence:  0.18E+00 at (1,1,31)
       Min divergence: -0.10E+00 at (12,5,51)
       Max VN number :  0.25E+00 at (21,28,51)
 
       Time Step    26300   August  8, 2026  15:47:26
       Step Size:  0.968E-02 s, Total Time:  253.04577 s
       Pressure Iterations: 4
       Maximum Velocity Error:  0.18E-01 on Mesh 3 at (41,0,42)
       Maximum Pressure Error:  0.46E+03 on Mesh 1 at (42,42,19)
       Maximum CFL Number    :  0.92E+00 on Mesh 1 at (42,45,27)
       Maximum VN Number     :  0.34E+00 on Mesh 1 at (36,19,51)
       ---------------------------------------------------------------
       Mesh    1
       Max CFL number:  0.92E+00 at (42,45,27)
       Max divergence:  0.18E+02 at (41,44,7)
       Min divergence: -0.29E+01 at (43,43,20)
       Max VN number :  0.34E+00 at (36,19,51)
       Mesh    2
       Max CFL number:  0.51E+00 at (1,37,51)
       Max divergence:  0.39E+00 at (1,44,31)
       Min divergence: -0.24E+00 at (1,46,42)
       Max VN number :  0.26E+00 at (19,2,51)
       Mesh    3
       Max CFL number:  0.80E+00 at (42,1,42)
       Max divergence:  0.35E+00 at (44,1,34)
       Min divergence: -0.48E+00 at (43,1,43)
       Max VN number :  0.28E+00 at (30,38,51)
       Mesh    4
       Max CFL number:  0.43E+00 at (18,13,51)
       Max divergence:  0.16E+00 at (1,1,42)
       Min divergence: -0.98E-01 at (26,7,51)
       Max VN number :  0.22E+00 at (19,12,51)
 
       Time Step    26400   August  8, 2026  15:48:17
       Step Size:  0.770E-02 s, Total Time:  253.83754 s
       Pressure Iterations: 4
       Maximum Velocity Error:  0.12E-01 on Mesh 1 at (44,39,47)
       Maximum Pressure Error:  0.30E+03 on Mesh 1 at (42,44,26)
       Maximum CFL Number    :  0.91E+00 on Mesh 1 at (41,43,35)
       Maximum VN Number     :  0.30E+00 on Mesh 4 at (3,22,51)
       ---------------------------------------------------------------
       Mesh    1
       Max CFL number:  0.91E+00 at (41,43,35)
       Max divergence:  0.19E+02 at (41,44,7)
       Min divergence: -0.50E+01 at (42,43,18)
       Max VN number :  0.29E+00 at (35,43,51)
       Mesh    2
       Max CFL number:  0.55E+00 at (1,43,39)
       Max divergence:  0.69E+00 at (2,42,41)
       Min divergence: -0.95E+00 at (1,43,41)
       Max VN number :  0.20E+00 at (4,35,51)
       Mesh    3
       Max CFL number:  0.36E+00 at (42,4,51)
       Max divergence:  0.16E+00 at (34,1,50)
       Min divergence: -0.19E+00 at (34,1,51)
       Max VN number :  0.29E+00 at (41,5,51)
       Mesh    4
       Max CFL number:  0.40E+00 at (5,5,51)
       Max divergence:  0.74E-01 at (2,3,49)
       Min divergence: -0.12E+00 at (2,3,51)
       Max VN number :  0.30E+00 at (3,22,51)
 
       Time Step    26500   August  8, 2026  15:49:07
       Step Size:  0.847E-02 s, Total Time:  254.67330 s
       Pressure Iterations: 2
       Maximum Velocity Error:  0.24E-01 on Mesh 1 at (42,46,28)
       Maximum Pressure Error:  0.39E+03 on Mesh 1 at (40,44,20)
       Maximum CFL Number    :  0.90E+00 on Mesh 1 at (40,44,31)
       Maximum VN Number     :  0.40E+00 on Mesh 4 at (5,7,51)
       ---------------------------------------------------------------
       Mesh    1
       Max CFL number:  0.90E+00 at (40,44,31)
       Max divergence:  0.19E+02 at (42,42,7)
       Min divergence: -0.41E+01 at (42,44,15)
       Max VN number :  0.35E+00 at (29,17,51)
       Mesh    2
       Max CFL number:  0.47E+00 at (1,34,51)
       Max divergence:  0.39E+00 at (1,44,13)
       Min divergence: -0.30E+00 at (5,43,50)
       Max VN number :  0.35E+00 at (8,45,51)
       Mesh    3
       Max CFL number:  0.48E+00 at (42,1,33)
       Max divergence:  0.46E+00 at (43,1,34)
       Min divergence: -0.87E+00 at (42,1,33)
       Max VN number :  0.25E+00 at (10,28,51)
       Mesh    4
       Max CFL number:  0.56E+00 at (5,6,51)
       Max divergence:  0.16E+00 at (5,8,50)
       Min divergence: -0.15E+00 at (5,8,51)
       Max VN number :  0.40E+00 at (5,7,51)
 
       Time Step    26600   August  8, 2026  15:49:57
       Step Size:  0.986E-02 s, Total Time:  255.60544 s
       Pressure Iterations: 4
       Maximum Velocity Error:  0.17E-01 on Mesh 1 at (44,43,34)
       Maximum Pressure Error:  0.64E+03 on Mesh 1 at (40,42,13)
       Maximum CFL Number    :  0.97E+00 on Mesh 1 at (42,43,30)
       Maximum VN Number     :  0.46E+00 on Mesh 4 at (11,10,51)
       ---------------------------------------------------------------
       Mesh    1
       Max CFL number:  0.97E+00 at (42,43,30)
       Max divergence:  0.18E+02 at (42,42,7)
       Min divergence: -0.41E+01 at (41,42,13)
       Max VN number :  0.35E+00 at (30,45,51)
       Mesh    2
       Max CFL number:  0.66E+00 at (1,43,33)
       Max divergence:  0.38E+00 at (1,42,32)
       Min divergence: -0.60E+00 at (1,44,35)
       Max VN number :  0.36E+00 at (7,43,51)
       Mesh    3
       Max CFL number:  0.58E+00 at (33,8,51)
       Max divergence:  0.15E+00 at (40,1,47)
       Min divergence: -0.26E+00 at (34,16,51)
       Max VN number :  0.39E+00 at (32,7,51)
       Mesh    4
       Max CFL number:  0.53E+00 at (10,11,51)
       Max divergence:  0.17E+00 at (12,10,50)
       Min divergence: -0.23E+00 at (12,10,51)
       Max VN number :  0.46E+00 at (11,10,51)
 
       Time Step    26700   August  8, 2026  15:50:50
       Step Size:  0.812E-02 s, Total Time:  256.39756 s
       Pressure Iterations: 3
       Maximum Velocity Error:  0.19E-01 on Mesh 1 at (44,43,32)
       Maximum Pressure Error:  0.47E+03 on Mesh 1 at (41,44,23)
       Maximum CFL Number    :  0.83E+00 on Mesh 1 at (41,44,22)
       Maximum VN Number     :  0.42E+00 on Mesh 4 at (1,3,51)
       ---------------------------------------------------------------
       Mesh    1
       Max CFL number:  0.83E+00 at (41,44,22)
       Max divergence:  0.19E+02 at (43,43,7)
       Min divergence: -0.38E+01 at (42,43,17)
       Max VN number :  0.30E+00 at (41,30,51)
       Mesh    2
       Max CFL number:  0.49E+00 at (5,38,51)
       Max divergence:  0.91E+00 at (1,42,9)
       Min divergence: -0.62E+00 at (1,44,29)
       Max VN number :  0.24E+00 at (11,11,51)
       Mesh    3
       Max CFL number:  0.49E+00 at (41,5,51)
       Max divergence:  0.28E+00 at (42,1,27)
       Min divergence: -0.23E+00 at (39,1,44)
       Max VN number :  0.26E+00 at (41,2,51)
       Mesh    4
       Max CFL number:  0.51E+00 at (2,1,51)
       Max divergence:  0.11E+00 at (4,3,50)
       Min divergence: -0.19E+00 at (2,3,51)
       Max VN number :  0.42E+00 at (1,3,51)
 
       Time Step    26800   August  8, 2026  15:51:44
       Step Size:  0.855E-02 s, Total Time:  257.23048 s
       Pressure Iterations: 4
       Maximum Velocity Error:  0.18E-01 on Mesh 1 at (44,44,27)
       Maximum Pressure Error:  0.28E+03 on Mesh 1 at (41,42,12)
       Maximum CFL Number    :  0.83E+00 on Mesh 1 at (43,43,40)
       Maximum VN Number     :  0.36E+00 on Mesh 2 at (27,22,51)
       ---------------------------------------------------------------
       Mesh    1
       Max CFL number:  0.83E+00 at (43,43,40)
       Max divergence:  0.22E+02 at (43,44,7)
       Min divergence: -0.37E+01 at (42,43,14)
       Max VN number :  0.34E+00 at (12,40,51)
       Mesh    2
       Max CFL number:  0.55E+00 at (1,41,40)
       Max divergence:  0.56E+00 at (1,44,30)
       Min divergence: -0.90E+00 at (1,44,27)
       Max VN number :  0.36E+00 at (27,22,51)
       Mesh    3
       Max CFL number:  0.54E+00 at (39,1,51)
       Max divergence:  0.50E+00 at (42,1,19)
       Min divergence: -0.23E+00 at (44,6,51)
       Max VN number :  0.26E+00 at (41,27,51)
       Mesh    4
       Max CFL number:  0.49E+00 at (1,6,51)
       Max divergence:  0.14E+00 at (3,2,50)
       Min divergence: -0.19E+00 at (1,6,51)
       Max VN number :  0.23E+00 at (13,23,51)
 
       Time Step    26900   August  8, 2026  15:52:37
       Step Size:  0.779E-02 s, Total Time:  258.11948 s
       Pressure Iterations: 3
       Maximum Velocity Error:  0.19E-01 on Mesh 1 at (44,44,19)
       Maximum Pressure Error:  0.68E+03 on Mesh 1 at (41,44,22)
       Maximum CFL Number    :  0.91E+00 on Mesh 1 at (43,42,23)
       Maximum VN Number     :  0.33E+00 on Mesh 2 at (14,2,51)
       ---------------------------------------------------------------
       Mesh    1
       Max CFL number:  0.91E+00 at (43,42,23)
       Max divergence:  0.18E+02 at (43,42,7)
       Min divergence: -0.38E+01 at (41,44,11)
       Max VN number :  0.26E+00 at (41,44,21)
       Mesh    2
       Max CFL number:  0.38E+00 at (1,46,39)
       Max divergence:  0.12E+01 at (1,44,20)
       Min divergence: -0.54E+00 at (1,44,18)
       Max VN number :  0.33E+00 at (14,2,51)
       Mesh    3
       Max CFL number:  0.44E+00 at (41,2,44)
       Max divergence:  0.30E+00 at (43,1,25)
       Min divergence: -0.20E+00 at (41,1,47)
       Max VN number :  0.26E+00 at (44,32,51)
       Mesh    4
       Max CFL number:  0.37E+00 at (4,10,51)
       Max divergence:  0.12E+00 at (9,15,50)
       Min divergence: -0.20E+00 at (2,1,40)
       Max VN number :  0.23E+00 at (3,13,51)
 
       Time Step    27000   August  8, 2026  15:53:30
       Step Size:  0.907E-02 s, Total Time:  258.96962 s
       Pressure Iterations: 4
       Maximum Velocity Error:  0.17E-01 on Mesh 1 at (44,43,43)
       Maximum Pressure Error:  0.21E+03 on Mesh 1 at (41,43,22)
       Maximum CFL Number    :  0.88E+00 on Mesh 1 at (42,44,29)
       Maximum VN Number     :  0.50E+00 on Mesh 1 at (31,43,51)
       ---------------------------------------------------------------
       Mesh    1
       Max CFL number:  0.88E+00 at (42,44,29)
       Max divergence:  0.14E+02 at (42,44,7)
       Min divergence: -0.36E+01 at (41,44,15)
       Max VN number :  0.50E+00 at (31,43,51)
       Mesh    2
       Max CFL number:  0.79E+00 at (1,44,43)
       Max divergence:  0.13E+01 at (1,42,8)
       Min divergence: -0.74E+00 at (1,44,44)
       Max VN number :  0.36E+00 at (4,46,51)
       Mesh    3
       Max CFL number:  0.53E+00 at (40,2,51)
       Max divergence:  0.19E+00 at (39,1,30)
       Min divergence: -0.20E+00 at (40,1,30)
       Max VN number :  0.29E+00 at (44,16,51)
       Mesh    4
       Max CFL number:  0.47E+00 at (2,6,51)
       Max divergence:  0.13E+00 at (1,1,40)
       Min divergence: -0.12E+00 at (2,3,51)
       Max VN number :  0.28E+00 at (21,30,51)
 
       Time Step    27100   August  8, 2026  15:54:24
       Step Size:  0.855E-02 s, Total Time:  259.85690 s
       Pressure Iterations: 3
       Maximum Velocity Error:  0.17E-01 on Mesh 1 at (44,43,24)
       Maximum Pressure Error:  0.18E+03 on Mesh 1 at (43,43,25)
       Maximum CFL Number    :  0.90E+00 on Mesh 1 at (41,41,35)
       Maximum VN Number     :  0.33E+00 on Mesh 4 at (6,31,51)
       ---------------------------------------------------------------
       Mesh    1
       Max CFL number:  0.90E+00 at (41,41,35)
       Max divergence:  0.16E+02 at (41,44,7)
       Min divergence: -0.39E+01 at (42,43,15)
       Max VN number :  0.32E+00 at (2,31,51)
       Mesh    2
       Max CFL number:  0.52E+00 at (1,43,28)
       Max divergence:  0.39E+00 at (1,43,22)
       Min divergence: -0.81E+00 at (1,42,23)
       Max VN number :  0.26E+00 at (14,3,51)
       Mesh    3
       Max CFL number:  0.47E+00 at (35,2,51)
       Max divergence:  0.15E+00 at (42,1,36)
       Min divergence: -0.16E+00 at (42,1,33)
       Max VN number :  0.32E+00 at (34,1,51)
       Mesh    4
       Max CFL number:  0.40E+00 at (6,3,51)
       Max divergence:  0.54E-01 at (4,2,48)
       Min divergence: -0.81E-01 at (7,32,51)
       Max VN number :  0.33E+00 at (6,31,51)
 
       Time Step    27200   August  8, 2026  15:55:22
       Step Size:  0.911E-02 s, Total Time:  260.75153 s
       Pressure Iterations: 3
       Maximum Velocity Error:  0.16E-01 on Mesh 1 at (44,43,49)
       Maximum Pressure Error:  0.48E+03 on Mesh 1 at (42,42,15)
       Maximum CFL Number    :  0.84E+00 on Mesh 1 at (42,44,17)
       Maximum VN Number     :  0.47E+00 on Mesh 1 at (42,41,51)
       ---------------------------------------------------------------
       Mesh    1
       Max CFL number:  0.84E+00 at (42,44,17)
       Max divergence:  0.16E+02 at (41,42,7)
       Min divergence: -0.43E+01 at (43,42,10)
       Max VN number :  0.47E+00 at (42,41,51)
       Mesh    2
       Max CFL number:  0.61E+00 at (1,44,50)
       Max divergence:  0.66E+00 at (1,42,10)
       Min divergence: -0.97E+00 at (1,44,27)
       Max VN number :  0.29E+00 at (34,21,51)
       Mesh    3
       Max CFL number:  0.56E+00 at (43,1,51)
       Max divergence:  0.21E+00 at (41,3,50)
       Min divergence: -0.20E+00 at (44,1,50)
       Max VN number :  0.32E+00 at (39,1,51)
       Mesh    4
       Max CFL number:  0.51E+00 at (1,1,51)
       Max divergence:  0.12E+00 at (2,1,50)
       Min divergence: -0.17E+00 at (2,2,51)
       Max VN number :  0.24E+00 at (30,24,51)
 
       Time Step    27300   August  8, 2026  15:56:14
       Step Size:  0.877E-02 s, Total Time:  261.62345 s
       Pressure Iterations: 3
       Maximum Velocity Error:  0.22E-01 on Mesh 1 at (42,46,44)
       Maximum Pressure Error:  0.37E+03 on Mesh 1 at (40,44,19)
       Maximum CFL Number    :  0.83E+00 on Mesh 1 at (41,43,17)
       Maximum VN Number     :  0.47E+00 on Mesh 2 at (6,41,51)
       ---------------------------------------------------------------
       Mesh    1
       Max CFL number:  0.83E+00 at (41,43,17)
       Max divergence:  0.16E+02 at (41,44,7)
       Min divergence: -0.36E+01 at (40,44,18)
       Max VN number :  0.28E+00 at (39,38,51)
       Mesh    2
       Max CFL number:  0.60E+00 at (1,42,46)
       Max divergence:  0.34E+00 at (1,43,7)
       Min divergence: -0.38E+00 at (1,41,37)
       Max VN number :  0.47E+00 at (6,41,51)
       Mesh    3
       Max CFL number:  0.60E+00 at (41,1,42)
       Max divergence:  0.38E+00 at (42,1,22)
       Min divergence: -0.51E+00 at (43,2,46)
       Max VN number :  0.26E+00 at (5,5,51)
       Mesh    4
       Max CFL number:  0.39E+00 at (1,1,51)
       Max divergence:  0.12E+00 at (1,1,50)
       Min divergence: -0.19E+00 at (1,2,51)
       Max VN number :  0.31E+00 at (5,8,51)
 
       Time Step    27400   August  8, 2026  15:57:06
       Step Size:  0.819E-02 s, Total Time:  262.50187 s
       Pressure Iterations: 3
       Maximum Velocity Error:  0.24E-01 on Mesh 1 at (44,42,27)
       Maximum Pressure Error:  0.28E+03 on Mesh 1 at (41,44,14)
       Maximum CFL Number    :  0.85E+00 on Mesh 1 at (44,42,26)
       Maximum VN Number     :  0.48E+00 on Mesh 3 at (40,6,51)
       ---------------------------------------------------------------
       Mesh    1
       Max CFL number:  0.85E+00 at (44,42,26)
       Max divergence:  0.16E+02 at (41,44,7)
       Min divergence: -0.39E+01 at (42,43,14)
       Max VN number :  0.37E+00 at (40,40,51)
       Mesh    2
       Max CFL number:  0.58E+00 at (1,44,30)
       Max divergence:  0.12E+01 at (1,42,26)
       Min divergence: -0.81E+00 at (1,44,31)
       Max VN number :  0.31E+00 at (26,46,51)
       Mesh    3
       Max CFL number:  0.66E+00 at (40,4,51)
       Max divergence:  0.32E+00 at (39,1,43)
       Min divergence: -0.68E+00 at (39,6,51)
       Max VN number :  0.48E+00 at (40,6,51)
       Mesh    4
       Max CFL number:  0.43E+00 at (1,4,51)
       Max divergence:  0.23E+00 at (1,2,50)
       Min divergence: -0.18E+00 at (2,3,51)
       Max VN number :  0.34E+00 at (29,7,51)
 
       Time Step    27500   August  8, 2026  15:57:59
       Step Size:  0.930E-02 s, Total Time:  263.37238 s
       Pressure Iterations: 3
       Maximum Velocity Error:  0.14E-01 on Mesh 1 at (44,46,50)
       Maximum Pressure Error:  0.26E+03 on Mesh 1 at (41,43,29)
       Maximum CFL Number    :  0.94E+00 on Mesh 1 at (41,43,27)
       Maximum VN Number     :  0.34E+00 on Mesh 1 at (15,37,51)
       ---------------------------------------------------------------
       Mesh    1
       Max CFL number:  0.94E+00 at (41,43,27)
       Max divergence:  0.16E+02 at (41,43,7)
       Min divergence: -0.30E+01 at (42,43,15)
       Max VN number :  0.34E+00 at (15,37,51)
       Mesh    2
       Max CFL number:  0.70E+00 at (1,42,38)
       Max divergence:  0.43E+00 at (1,42,18)
       Min divergence: -0.38E+00 at (1,41,46)
       Max VN number :  0.28E+00 at (14,43,51)
       Mesh    3
       Max CFL number:  0.52E+00 at (44,2,51)
       Max divergence:  0.29E+00 at (40,1,29)
       Min divergence: -0.12E+00 at (44,1,47)
       Max VN number :  0.32E+00 at (27,12,51)
       Mesh    4
       Max CFL number:  0.55E+00 at (1,1,51)
       Max divergence:  0.13E+00 at (3,2,50)
       Min divergence: -0.25E+00 at (3,1,44)
       Max VN number :  0.33E+00 at (40,3,51)
 
       Time Step    27600   August  8, 2026  15:58:54
       Step Size:  0.901E-02 s, Total Time:  264.26622 s
       Pressure Iterations: 3
       Maximum Velocity Error:  0.20E-01 on Mesh 1 at (44,44,18)
       Maximum Pressure Error:  0.41E+03 on Mesh 1 at (43,44,14)
       Maximum CFL Number    :  0.91E+00 on Mesh 1 at (43,43,17)
       Maximum VN Number     :  0.39E+00 on Mesh 1 at (40,35,51)
       ---------------------------------------------------------------
       Mesh    1
       Max CFL number:  0.91E+00 at (43,43,17)
       Max divergence:  0.17E+02 at (43,44,7)
       Min divergence: -0.60E+01 at (41,42,10)
       Max VN number :  0.39E+00 at (40,35,51)
       Mesh    2
       Max CFL number:  0.52E+00 at (2,40,51)
       Max divergence:  0.14E+01 at (1,43,19)
       Min divergence: -0.12E+01 at (1,44,18)
       Max VN number :  0.36E+00 at (3,40,51)
       Mesh    3
       Max CFL number:  0.46E+00 at (44,2,51)
       Max divergence:  0.23E+00 at (38,6,50)
       Min divergence: -0.20E+00 at (39,5,50)
       Max VN number :  0.27E+00 at (36,14,51)
       Mesh    4
       Max CFL number:  0.49E+00 at (11,6,51)
       Max divergence:  0.66E-01 at (4,14,50)
       Min divergence: -0.12E+00 at (1,2,51)
       Max VN number :  0.35E+00 at (5,25,51)
 
       Time Step    27700   August  8, 2026  15:59:45
       Step Size:  0.843E-02 s, Total Time:  265.06656 s
       Pressure Iterations: 3
       Maximum Velocity Error:  0.23E-01 on Mesh 1 at (44,44,41)
       Maximum Pressure Error:  0.27E+03 on Mesh 1 at (43,44,27)
       Maximum CFL Number    :  0.85E+00 on Mesh 1 at (42,43,26)
       Maximum VN Number     :  0.51E+00 on Mesh 2 at (8,42,51)
       ---------------------------------------------------------------
       Mesh    1
       Max CFL number:  0.85E+00 at (42,43,26)
       Max divergence:  0.18E+02 at (42,42,7)
       Min divergence: -0.34E+01 at (42,43,15)
       Max VN number :  0.26E+00 at (38,39,51)
       Mesh    2
       Max CFL number:  0.63E+00 at (1,41,48)
       Max divergence:  0.45E+00 at (1,43,7)
       Min divergence: -0.80E+00 at (1,45,21)
       Max VN number :  0.51E+00 at (8,42,51)
       Mesh    3
       Max CFL number:  0.41E+00 at (43,1,46)
       Max divergence:  0.25E+00 at (42,1,21)
       Min divergence: -0.29E+00 at (43,1,46)
       Max VN number :  0.27E+00 at (42,21,51)
       Mesh    4
       Max CFL number:  0.54E+00 at (1,1,43)
       Max divergence:  0.28E+00 at (2,1,44)
       Min divergence: -0.33E+00 at (1,1,44)
       Max VN number :  0.28E+00 at (25,22,51)
 
       Time Step    27800   August  8, 2026  16:00:35
       Step Size:  0.843E-02 s, Total Time:  265.90992 s
       Pressure Iterations: 3
       Maximum Velocity Error:  0.20E-01 on Mesh 1 at (44,42,43)
       Maximum Pressure Error:  0.43E+03 on Mesh 1 at (41,43,17)
       Maximum CFL Number    :  0.83E+00 on Mesh 1 at (42,41,32)
       Maximum VN Number     :  0.31E+00 on Mesh 1 at (17,43,51)
       ---------------------------------------------------------------
       Mesh    1
       Max CFL number:  0.83E+00 at (42,41,32)
       Max divergence:  0.17E+02 at (41,42,7)
       Min divergence: -0.48E+01 at (42,43,13)
       Max VN number :  0.31E+00 at (17,43,51)
       Mesh    2
       Max CFL number:  0.62E+00 at (1,42,48)
       Max divergence:  0.98E+00 at (1,45,30)
       Min divergence: -0.13E+01 at (1,44,30)
       Max VN number :  0.21E+00 at (15,18,51)
       Mesh    3
       Max CFL number:  0.45E+00 at (42,9,51)
       Max divergence:  0.19E+00 at (41,1,37)
       Min divergence: -0.22E+00 at (44,1,51)
       Max VN number :  0.23E+00 at (41,16,51)
       Mesh    4
       Max CFL number:  0.43E+00 at (2,8,51)
       Max divergence:  0.14E+00 at (3,1,50)
       Min divergence: -0.14E+00 at (3,1,51)
       Max VN number :  0.22E+00 at (14,41,51)
 
       Time Step    27900   August  8, 2026  16:01:33
       Step Size:  0.911E-02 s, Total Time:  266.76194 s
       Pressure Iterations: 4
       Maximum Velocity Error:  0.17E-01 on Mesh 1 at (44,42,38)
       Maximum Pressure Error:  0.28E+03 on Mesh 1 at (41,43,20)
       Maximum CFL Number    :  0.87E+00 on Mesh 1 at (40,42,31)
       Maximum VN Number     :  0.32E+00 on Mesh 1 at (4,35,51)
       ---------------------------------------------------------------
       Mesh    1
       Max CFL number:  0.87E+00 at (40,42,31)
       Max divergence:  0.20E+02 at (41,42,7)
       Min divergence: -0.31E+01 at (42,43,14)
       Max VN number :  0.32E+00 at (4,35,51)
       Mesh    2
       Max CFL number:  0.79E+00 at (1,43,37)
       Max divergence:  0.66E+00 at (2,41,34)
       Min divergence: -0.83E+00 at (2,42,34)
       Max VN number :  0.26E+00 at (11,41,51)
       Mesh    3
       Max CFL number:  0.52E+00 at (41,1,46)
       Max divergence:  0.22E+00 at (43,1,49)
       Min divergence: -0.39E+00 at (40,4,43)
       Max VN number :  0.28E+00 at (39,25,51)
       Mesh    4
       Max CFL number:  0.41E+00 at (1,3,51)
       Max divergence:  0.16E+00 at (7,2,50)
       Min divergence: -0.13E+00 at (1,3,49)
       Max VN number :  0.26E+00 at (8,1,51)
 
       Time Step    28000   August  8, 2026  16:02:29
       Step Size:  0.713E-02 s, Total Time:  267.58816 s
       Pressure Iterations: 3
       Maximum Velocity Error:  0.19E-01 on Mesh 1 at (44,41,41)
       Maximum Pressure Error:  0.28E+03 on Mesh 1 at (42,40,35)
       Maximum CFL Number    :  0.81E+00 on Mesh 1 at (41,41,37)
       Maximum VN Number     :  0.36E+00 on Mesh 2 at (2,30,51)
       ---------------------------------------------------------------
       Mesh    1
       Max CFL number:  0.81E+00 at (41,41,37)
       Max divergence:  0.21E+02 at (43,43,7)
       Min divergence: -0.41E+01 at (42,42,13)
       Max VN number :  0.27E+00 at (32,41,51)
       Mesh    2
       Max CFL number:  0.62E+00 at (1,42,47)
       Max divergence:  0.58E+00 at (1,39,41)
       Min divergence: -0.66E+00 at (1,42,46)
       Max VN number :  0.36E+00 at (2,30,51)
       Mesh    3
       Max CFL number:  0.47E+00 at (44,2,48)
       Max divergence:  0.20E+00 at (41,3,44)
       Min divergence: -0.37E+00 at (44,3,47)
       Max VN number :  0.16E+00 at (16,20,51)
       Mesh    4
       Max CFL number:  0.48E+00 at (1,1,45)
       Max divergence:  0.26E+00 at (2,1,48)
       Min divergence: -0.22E+00 at (1,1,47)
       Max VN number :  0.26E+00 at (21,15,51)
 
       Time Step    28100   August  8, 2026  16:03:23
       Step Size:  0.875E-02 s, Total Time:  268.34710 s
       Pressure Iterations: 4
       Maximum Velocity Error:  0.11E-01 on Mesh 1 at (43,46,47)
       Maximum Pressure Error:  0.19E+03 on Mesh 1 at (42,43,15)
       Maximum CFL Number    :  0.83E+00 on Mesh 1 at (39,43,37)
       Maximum VN Number     :  0.38E+00 on Mesh 4 at (23,2,51)
       ---------------------------------------------------------------
       Mesh    1
       Max CFL number:  0.83E+00 at (39,43,37)
       Max divergence:  0.16E+02 at (41,44,7)
       Min divergence: -0.43E+01 at (42,43,15)
       Max VN number :  0.32E+00 at (43,21,51)
       Mesh    2
       Max CFL number:  0.54E+00 at (1,22,51)
       Max divergence:  0.69E+00 at (1,43,20)
       Min divergence: -0.77E+00 at (3,42,30)
       Max VN number :  0.29E+00 at (20,35,51)
       Mesh    3
       Max CFL number:  0.52E+00 at (43,1,44)
       Max divergence:  0.54E+00 at (43,1,23)
       Min divergence: -0.15E+01 at (42,1,22)
       Max VN number :  0.23E+00 at (26,1,51)
       Mesh    4
       Max CFL number:  0.48E+00 at (22,3,51)
       Max divergence:  0.32E+00 at (1,1,42)
       Min divergence: -0.23E+00 at (1,1,40)
       Max VN number :  0.38E+00 at (23,2,51)
 
       Time Step    28200   August  8, 2026  16:04:15
       Step Size:  0.751E-02 s, Total Time:  269.20107 s
       Pressure Iterations: 3
       Maximum Velocity Error:  0.14E-01 on Mesh 1 at (44,43,37)
       Maximum Pressure Error:  0.33E+03 on Mesh 1 at (41,44,27)
       Maximum CFL Number    :  0.81E+00 on Mesh 1 at (41,44,25)
       Maximum VN Number     :  0.34E+00 on Mesh 4 at (40,14,51)
       ---------------------------------------------------------------
       Mesh    1
       Max CFL number:  0.81E+00 at (41,44,25)
       Max divergence:  0.18E+02 at (42,44,7)
       Min divergence: -0.31E+01 at (42,43,18)
       Max VN number :  0.26E+00 at (41,44,26)
       Mesh    2
       Max CFL number:  0.35E+00 at (2,38,51)
       Max divergence:  0.42E+00 at (1,43,7)
       Min divergence: -0.24E+00 at (1,41,30)
       Max VN number :  0.20E+00 at (10,4,51)
       Mesh    3
       Max CFL number:  0.46E+00 at (43,2,47)
       Max divergence:  0.18E+00 at (42,4,41)
       Min divergence: -0.14E+00 at (41,4,41)
       Max VN number :  0.26E+00 at (33,8,51)
       Mesh    4
       Max CFL number:  0.41E+00 at (1,2,45)
       Max divergence:  0.16E+00 at (1,3,45)
       Min divergence: -0.29E+00 at (1,2,44)
       Max VN number :  0.34E+00 at (40,14,51)
 
       Time Step    28300   August  8, 2026  16:05:06
       Step Size:  0.882E-02 s, Total Time:  270.04045 s
       Pressure Iterations: 4
       Maximum Velocity Error:  0.16E-01 on Mesh 1 at (44,43,46)
       Maximum Pressure Error:  0.45E+03 on Mesh 1 at (42,44,19)
       Maximum CFL Number    :  0.97E+00 on Mesh 1 at (42,44,19)
       Maximum VN Number     :  0.34E+00 on Mesh 1 at (26,23,51)
       ---------------------------------------------------------------
       Mesh    1
       Max CFL number:  0.97E+00 at (42,44,19)
       Max divergence:  0.20E+02 at (42,42,7)
       Min divergence: -0.38E+01 at (41,43,15)
       Max VN number :  0.34E+00 at (26,23,51)
       Mesh    2
       Max CFL number:  0.73E+00 at (1,43,32)
       Max divergence:  0.10E+01 at (2,42,32)
       Min divergence: -0.11E+01 at (1,43,33)
       Max VN number :  0.23E+00 at (40,25,51)
       Mesh    3
       Max CFL number:  0.41E+00 at (27,12,51)
       Max divergence:  0.23E+00 at (40,2,40)
       Min divergence: -0.33E+00 at (41,2,41)
       Max VN number :  0.21E+00 at (20,8,51)
       Mesh    4
       Max CFL number:  0.37E+00 at (8,1,51)
       Max divergence:  0.90E-01 at (1,2,48)
       Min divergence: -0.96E-01 at (3,4,47)
       Max VN number :  0.25E+00 at (41,21,41)
 
       Time Step    28400   August  8, 2026  16:05:56
       Step Size:  0.738E-02 s, Total Time:  270.90186 s
       Pressure Iterations: 2
       Maximum Velocity Error:  0.21E-01 on Mesh 1 at (38,46,48)
       Maximum Pressure Error:  0.30E+03 on Mesh 1 at (42,44,26)
       Maximum CFL Number    :  0.85E+00 on Mesh 1 at (42,44,28)
       Maximum VN Number     :  0.32E+00 on Mesh 2 at (15,40,51)
       ---------------------------------------------------------------
       Mesh    1
       Max CFL number:  0.85E+00 at (42,44,28)
       Max divergence:  0.15E+02 at (43,42,7)
       Min divergence: -0.29E+01 at (43,43,21)
       Max VN number :  0.28E+00 at (43,30,51)
       Mesh    2
       Max CFL number:  0.38E+00 at (10,45,51)
       Max divergence:  0.39E+00 at (1,44,18)
       Min divergence: -0.19E+00 at (1,42,30)
       Max VN number :  0.32E+00 at (15,40,51)
       Mesh    3
       Max CFL number:  0.43E+00 at (35,2,51)
       Max divergence:  0.35E+00 at (39,2,42)
       Min divergence: -0.32E+00 at (39,1,43)
       Max VN number :  0.22E+00 at (5,40,51)
       Mesh    4
       Max CFL number:  0.41E+00 at (1,2,51)
       Max divergence:  0.13E+00 at (2,5,50)
       Min divergence: -0.17E+00 at (1,3,51)
       Max VN number :  0.24E+00 at (1,3,51)
 
       Time Step    28500   August  8, 2026  16:06:47
       Step Size:  0.772E-02 s, Total Time:  271.71766 s
       Pressure Iterations: 4
       Maximum Velocity Error:  0.15E-01 on Mesh 3 at (43,0,36)
       Maximum Pressure Error:  0.28E+03 on Mesh 1 at (41,41,23)
       Maximum CFL Number    :  0.83E+00 on Mesh 1 at (43,42,31)
       Maximum VN Number     :  0.30E+00 on Mesh 2 at (10,44,51)
       ---------------------------------------------------------------
       Mesh    1
       Max CFL number:  0.83E+00 at (43,42,31)
       Max divergence:  0.15E+02 at (42,42,7)
       Min divergence: -0.29E+01 at (43,42,12)
       Max VN number :  0.26E+00 at (32,45,51)
       Mesh    2
       Max CFL number:  0.67E+00 at (1,42,39)
       Max divergence:  0.10E+01 at (1,42,9)
       Min divergence: -0.83E+00 at (1,44,44)
       Max VN number :  0.30E+00 at (10,44,51)
       Mesh    3
       Max CFL number:  0.59E+00 at (43,1,37)
       Max divergence:  0.21E+00 at (43,2,38)
       Min divergence: -0.92E+00 at (43,1,38)
       Max VN number :  0.29E+00 at (41,12,51)
       Mesh    4
       Max CFL number:  0.43E+00 at (3,5,51)
       Max divergence:  0.12E+00 at (1,1,38)
       Min divergence: -0.22E+00 at (1,1,34)
       Max VN number :  0.24E+00 at (27,2,51)
 
       Time Step    28600   August  8, 2026  16:07:36
       Step Size:  0.806E-02 s, Total Time:  272.55052 s
       Pressure Iterations: 2
       Maximum Velocity Error:  0.23E-01 on Mesh 1 at (42,46,35)
       Maximum Pressure Error:  0.30E+03 on Mesh 1 at (41,43,17)
       Maximum CFL Number    :  0.87E+00 on Mesh 1 at (42,43,20)
       Maximum VN Number     :  0.34E+00 on Mesh 2 at (1,28,51)
       ---------------------------------------------------------------
       Mesh    1
       Max CFL number:  0.87E+00 at (42,43,20)
       Max divergence:  0.17E+02 at (42,44,7)
       Min divergence: -0.42E+01 at (42,43,21)
       Max VN number :  0.34E+00 at (41,46,51)
       Mesh    2
       Max CFL number:  0.47E+00 at (2,30,51)
       Max divergence:  0.91E+00 at (1,43,14)
       Min divergence: -0.88E+00 at (1,42,21)
       Max VN number :  0.34E+00 at (1,28,51)
       Mesh    3
       Max CFL number:  0.52E+00 at (37,1,51)
       Max divergence:  0.24E+00 at (42,1,42)
       Min divergence: -0.21E+00 at (44,2,49)
       Max VN number :  0.26E+00 at (30,29,51)
       Mesh    4
       Max CFL number:  0.37E+00 at (2,1,51)
       Max divergence:  0.95E-01 at (1,1,21)
       Min divergence: -0.13E+00 at (2,1,50)
       Max VN number :  0.21E+00 at (20,20,51)
 
       Time Step    28700   August  8, 2026  16:08:28
       Step Size:  0.887E-02 s, Total Time:  273.39359 s
       Pressure Iterations: 4
       Maximum Velocity Error:  0.13E-01 on Mesh 1 at (44,42,48)
       Maximum Pressure Error:  0.69E+03 on Mesh 1 at (43,44,21)
       Maximum CFL Number    :  0.84E+00 on Mesh 1 at (41,43,33)
       Maximum VN Number     :  0.39E+00 on Mesh 3 at (31,22,51)
       ---------------------------------------------------------------
       Mesh    1
       Max CFL number:  0.84E+00 at (41,43,33)
       Max divergence:  0.18E+02 at (42,42,7)
       Min divergence: -0.58E+01 at (43,44,20)
       Max VN number :  0.32E+00 at (36,34,51)
       Mesh    2
       Max CFL number:  0.71E+00 at (1,41,49)
       Max divergence:  0.74E+00 at (1,44,18)
       Min divergence: -0.42E+00 at (2,43,41)
       Max VN number :  0.29E+00 at (19,31,51)
       Mesh    3
       Max CFL number:  0.47E+00 at (30,21,51)
       Max divergence:  0.26E+00 at (39,1,38)
       Min divergence: -0.13E+00 at (44,3,50)
       Max VN number :  0.39E+00 at (31,22,51)
       Mesh    4
       Max CFL number:  0.37E+00 at (4,9,51)
       Max divergence:  0.21E+00 at (1,1,37)
       Min divergence: -0.15E+00 at (2,1,37)
       Max VN number :  0.25E+00 at (40,38,51)
 
       Time Step    28800   August  8, 2026  16:09:19
       Step Size:  0.707E-02 s, Total Time:  274.22984 s
       Pressure Iterations: 3
       Maximum Velocity Error:  0.12E-01 on Mesh 1 at (44,44,48)
       Maximum Pressure Error:  0.31E+03 on Mesh 1 at (41,44,16)
       Maximum CFL Number    :  0.85E+00 on Mesh 1 at (41,44,24)
       Maximum VN Number     :  0.44E+00 on Mesh 3 at (40,1,51)
       ---------------------------------------------------------------
       Mesh    1
       Max CFL number:  0.85E+00 at (41,44,24)
       Max divergence:  0.21E+02 at (41,42,7)
       Min divergence: -0.44E+01 at (41,44,15)
       Max VN number :  0.42E+00 at (39,46,51)
       Mesh    2
       Max CFL number:  0.52E+00 at (2,41,51)
       Max divergence:  0.43E+00 at (1,43,7)
       Min divergence: -0.26E+00 at (1,44,23)
       Max VN number :  0.23E+00 at (2,40,51)
       Mesh    3
       Max CFL number:  0.46E+00 at (40,1,51)
       Max divergence:  0.42E+00 at (43,1,28)
       Min divergence: -0.33E+00 at (42,2,23)
       Max VN number :  0.44E+00 at (40,1,51)
       Mesh    4
       Max CFL number:  0.42E+00 at (1,2,51)
       Max divergence:  0.19E+00 at (1,2,25)
       Min divergence: -0.22E+00 at (1,1,25)
       Max VN number :  0.16E+00 at (24,15,51)
 
       Time Step    28900   August  8, 2026  16:10:10
       Step Size:  0.831E-02 s, Total Time:  275.02213 s
       Pressure Iterations: 4
       Maximum Velocity Error:  0.19E-01 on Mesh 1 at (44,44,36)
       Maximum Pressure Error:  0.49E+03 on Mesh 1 at (43,43,18)
       Maximum CFL Number    :  0.94E+00 on Mesh 1 at (44,43,19)
       Maximum VN Number     :  0.39E+00 on Mesh 2 at (23,35,51)
       ---------------------------------------------------------------
       Mesh    1
       Max CFL number:  0.94E+00 at (44,43,19)
       Max divergence:  0.16E+02 at (42,42,7)
       Min divergence: -0.68E+01 at (44,43,20)
       Max VN number :  0.33E+00 at (44,43,19)
       Mesh    2
       Max CFL number:  0.67E+00 at (1,44,37)
       Max divergence:  0.22E+01 at (1,43,20)
       Min divergence: -0.77E+00 at (1,44,37)
       Max VN number :  0.39E+00 at (23,35,51)
       Mesh    3
       Max CFL number:  0.53E+00 at (40,1,41)
       Max divergence:  0.34E+00 at (41,1,22)
       Min divergence: -0.23E+00 at (39,2,43)
       Max VN number :  0.20E+00 at (5,38,51)
       Mesh    4
       Max CFL number:  0.36E+00 at (1,3,51)
       Max divergence:  0.67E-01 at (1,1,32)
       Min divergence: -0.18E+00 at (1,2,42)
       Max VN number :  0.26E+00 at (33,23,51)
 
       Time Step    29000   August  8, 2026  16:11:01
       Step Size:  0.914E-02 s, Total Time:  275.91917 s
       Pressure Iterations: 4
       Maximum Velocity Error:  0.15E-01 on Mesh 3 at (42,0,49)
       Maximum Pressure Error:  0.25E+03 on Mesh 1 at (41,43,27)
       Maximum CFL Number    :  0.90E+00 on Mesh 1 at (40,43,42)
       Maximum VN Number     :  0.32E+00 on Mesh 2 at (40,28,51)
       ---------------------------------------------------------------
       Mesh    1
       Max CFL number:  0.90E+00 at (40,43,42)
       Max divergence:  0.18E+02 at (43,42,7)
       Min divergence: -0.42E+01 at (42,43,15)
       Max VN number :  0.30E+00 at (3,7,51)
       Mesh    2
       Max CFL number:  0.53E+00 at (4,37,51)
       Max divergence:  0.26E+00 at (1,44,36)
       Min divergence: -0.20E+00 at (1,44,34)
       Max VN number :  0.32E+00 at (40,28,51)
       Mesh    3
       Max CFL number:  0.64E+00 at (42,1,51)
       Max divergence:  0.14E+00 at (44,1,48)
       Min divergence: -0.36E+00 at (42,1,50)
       Max VN number :  0.31E+00 at (6,3,51)
       Mesh    4
       Max CFL number:  0.41E+00 at (22,13,51)
       Max divergence:  0.13E+00 at (5,1,50)
       Min divergence: -0.14E+00 at (5,1,51)
       Max VN number :  0.22E+00 at (21,33,51)
 
       Time Step    29100   August  8, 2026  16:11:52
       Step Size:  0.785E-02 s, Total Time:  276.79804 s
       Pressure Iterations: 4
       Maximum Velocity Error:  0.13E-01 on Mesh 1 at (44,43,34)
       Maximum Pressure Error:  0.36E+03 on Mesh 1 at (41,42,14)
       Maximum CFL Number    :  0.88E+00 on Mesh 1 at (41,43,32)
       Maximum VN Number     :  0.47E+00 on Mesh 3 at (34,2,51)
       ---------------------------------------------------------------
       Mesh    1
       Max CFL number:  0.88E+00 at (41,43,32)
       Max divergence:  0.17E+02 at (41,42,7)
       Min divergence: -0.60E+01 at (41,42,13)
       Max VN number :  0.35E+00 at (34,44,51)
       Mesh    2
       Max CFL number:  0.47E+00 at (1,43,35)
       Max divergence:  0.99E+00 at (1,43,25)
       Min divergence: -0.49E+00 at (1,43,34)
       Max VN number :  0.39E+00 at (8,23,51)
       Mesh    3
       Max CFL number:  0.60E+00 at (35,2,51)
       Max divergence:  0.56E+00 at (42,1,34)
       Min divergence: -0.52E+00 at (43,1,32)
       Max VN number :  0.47E+00 at (34,2,51)
       Mesh    4
       Max CFL number:  0.37E+00 at (2,4,51)
       Max divergence:  0.15E+00 at (1,1,32)
       Min divergence: -0.11E+00 at (3,4,51)
       Max VN number :  0.26E+00 at (14,22,51)
 
       Time Step    29200   August  8, 2026  16:12:43
       Step Size:  0.850E-02 s, Total Time:  277.67209 s
       Pressure Iterations: 3
       Maximum Velocity Error:  0.14E-01 on Mesh 1 at (44,43,15)
       Maximum Pressure Error:  0.32E+03 on Mesh 1 at (43,44,17)
       Maximum CFL Number    :  0.91E+00 on Mesh 1 at (42,44,31)
       Maximum VN Number     :  0.37E+00 on Mesh 3 at (42,14,51)
       ---------------------------------------------------------------
       Mesh    1
       Max CFL number:  0.91E+00 at (42,44,31)
       Max divergence:  0.17E+02 at (41,42,7)
       Min divergence: -0.39E+01 at (43,42,9)
       Max VN number :  0.35E+00 at (41,27,51)
       Mesh    2
       Max CFL number:  0.42E+00 at (3,42,49)
       Max divergence:  0.83E+00 at (1,43,17)
       Min divergence: -0.55E+00 at (1,43,15)
       Max VN number :  0.29E+00 at (11,44,51)
       Mesh    3
       Max CFL number:  0.39E+00 at (43,14,51)
       Max divergence:  0.12E+00 at (41,1,32)
       Min divergence: -0.18E+00 at (42,16,50)
       Max VN number :  0.37E+00 at (42,14,51)
       Mesh    4
       Max CFL number:  0.42E+00 at (1,12,51)
       Max divergence:  0.16E+00 at (18,1,50)
       Min divergence: -0.19E+00 at (18,1,51)
       Max VN number :  0.32E+00 at (23,21,51)
 
       Time Step    29300   August  8, 2026  16:13:35
       Step Size:  0.912E-02 s, Total Time:  278.58115 s
       Pressure Iterations: 3
       Maximum Velocity Error:  0.19E-01 on Mesh 1 at (44,45,49)
       Maximum Pressure Error:  0.25E+03 on Mesh 1 at (43,44,29)
       Maximum CFL Number    :  0.84E+00 on Mesh 1 at (43,43,27)
       Maximum VN Number     :  0.35E+00 on Mesh 1 at (35,44,51)
       ---------------------------------------------------------------
       Mesh    1
       Max CFL number:  0.84E+00 at (43,43,27)
       Max divergence:  0.18E+02 at (41,43,7)
       Min divergence: -0.45E+01 at (42,43,18)
       Max VN number :  0.35E+00 at (35,44,51)
       Mesh    2
       Max CFL number:  0.75E+00 at (2,45,47)
       Max divergence:  0.29E+00 at (1,44,9)
       Min divergence: -0.34E+00 at (2,45,48)
       Max VN number :  0.27E+00 at (17,17,51)
       Mesh    3
       Max CFL number:  0.51E+00 at (44,1,51)
       Max divergence:  0.17E+00 at (41,1,50)
       Min divergence: -0.22E+00 at (44,1,49)
       Max VN number :  0.30E+00 at (32,3,51)
       Mesh    4
       Max CFL number:  0.48E+00 at (1,1,47)
       Max divergence:  0.14E+00 at (1,1,49)
       Min divergence: -0.22E+00 at (1,1,47)
       Max VN number :  0.23E+00 at (22,35,51)
 
       Time Step    29400   August  8, 2026  16:14:28
       Step Size:  0.912E-02 s, Total Time:  279.49364 s
       Pressure Iterations: 3
       Maximum Velocity Error:  0.16E-01 on Mesh 2 at (0,41,47)
       Maximum Pressure Error:  0.27E+03 on Mesh 1 at (42,45,16)
       Maximum CFL Number    :  0.84E+00 on Mesh 1 at (41,43,39)
       Maximum VN Number     :  0.44E+00 on Mesh 1 at (41,44,51)
       ---------------------------------------------------------------
       Mesh    1
       Max CFL number:  0.84E+00 at (41,43,39)
       Max divergence:  0.17E+02 at (41,44,7)
       Min divergence: -0.31E+01 at (42,44,19)
       Max VN number :  0.44E+00 at (41,44,51)
       Mesh    2
       Max CFL number:  0.49E+00 at (1,43,51)
       Max divergence:  0.51E+00 at (1,45,15)
       Min divergence: -0.42E+00 at (1,42,36)
       Max VN number :  0.25E+00 at (3,43,51)
       Mesh    3
       Max CFL number:  0.47E+00 at (43,1,49)
       Max divergence:  0.43E+00 at (42,1,15)
       Min divergence: -0.17E+00 at (44,1,45)
       Max VN number :  0.27E+00 at (35,26,51)
       Mesh    4
       Max CFL number:  0.48E+00 at (7,1,51)
       Max divergence:  0.92E-01 at (4,5,50)
       Min divergence: -0.95E-01 at (6,9,51)
       Max VN number :  0.36E+00 at (13,26,51)
 
       Time Step    29500   August  8, 2026  16:15:18
       Step Size:  0.725E-02 s, Total Time:  280.38878 s
       Pressure Iterations: 2
       Maximum Velocity Error:  0.18E-01 on Mesh 1 at (42,46,39)
       Maximum Pressure Error:  0.33E+03 on Mesh 1 at (41,42,19)
       Maximum CFL Number    :  0.91E+00 on Mesh 1 at (42,43,35)
       Maximum VN Number     :  0.31E+00 on Mesh 1 at (44,28,51)
       ---------------------------------------------------------------
       Mesh    1
       Max CFL number:  0.91E+00 at (42,43,35)
       Max divergence:  0.20E+02 at (43,43,7)
       Min divergence: -0.33E+01 at (42,43,21)
       Max VN number :  0.31E+00 at (44,28,51)
       Mesh    2
       Max CFL number:  0.42E+00 at (1,46,42)
       Max divergence:  0.51E+00 at (1,44,28)
       Min divergence: -0.33E+00 at (1,46,43)
       Max VN number :  0.22E+00 at (25,17,51)
       Mesh    3
       Max CFL number:  0.45E+00 at (42,1,37)
       Max divergence:  0.34E+00 at (42,1,26)
       Min divergence: -0.32E+00 at (43,2,41)
       Max VN number :  0.25E+00 at (35,17,51)
       Mesh    4
       Max CFL number:  0.34E+00 at (1,2,38)
       Max divergence:  0.16E+00 at (1,1,44)
       Min divergence: -0.13E+00 at (1,2,39)
       Max VN number :  0.19E+00 at (21,16,51)
 
       Time Step    29600   August  8, 2026  16:16:10
       Step Size:  0.877E-02 s, Total Time:  281.22546 s
       Pressure Iterations: 3
       Maximum Velocity Error:  0.13E-01 on Mesh 1 at (44,43,22)
       Maximum Pressure Error:  0.66E+03 on Mesh 1 at (43,41,17)
       Maximum CFL Number    :  0.92E+00 on Mesh 1 at (40,45,32)
       Maximum VN Number     :  0.45E+00 on Mesh 2 at (2,46,51)
       ---------------------------------------------------------------
       Mesh    1
       Max CFL number:  0.92E+00 at (40,45,32)
       Max divergence:  0.19E+02 at (43,42,7)
       Min divergence: -0.58E+01 at (43,41,16)
       Max VN number :  0.34E+00 at (2,44,51)
       Mesh    2
       Max CFL number:  0.50E+00 at (5,39,51)
       Max divergence:  0.15E+01 at (1,42,10)
       Min divergence: -0.46E+00 at (1,43,24)
       Max VN number :  0.45E+00 at (2,46,51)
       Mesh    3
       Max CFL number:  0.55E+00 at (33,2,51)
       Max divergence:  0.21E+00 at (40,1,32)
       Min divergence: -0.24E+00 at (42,1,50)
       Max VN number :  0.28E+00 at (36,2,51)
       Mesh    4
       Max CFL number:  0.47E+00 at (5,1,51)
       Max divergence:  0.13E+00 at (9,2,50)
       Min divergence: -0.12E+00 at (1,2,50)
       Max VN number :  0.26E+00 at (40,40,51)
 
       Time Step    29700   August  8, 2026  16:17:02
       Step Size:  0.826E-02 s, Total Time:  282.05116 s
       Pressure Iterations: 4
       Maximum Velocity Error:  0.12E-01 on Mesh 1 at (44,41,41)
       Maximum Pressure Error:  0.57E+03 on Mesh 1 at (43,44,17)
       Maximum CFL Number    :  0.88E+00 on Mesh 1 at (43,44,16)
       Maximum VN Number     :  0.28E+00 on Mesh 3 at (30,26,51)
       ---------------------------------------------------------------
       Mesh    1
       Max CFL number:  0.88E+00 at (43,44,16)
       Max divergence:  0.20E+02 at (41,43,7)
       Min divergence: -0.37E+01 at (44,44,16)
       Max VN number :  0.26E+00 at (43,44,16)
       Mesh    2
       Max CFL number:  0.82E+00 at (2,39,42)
       Max divergence:  0.67E+00 at (1,43,14)
       Min divergence: -0.72E+00 at (2,42,45)
       Max VN number :  0.27E+00 at (12,44,51)
       Mesh    3
       Max CFL number:  0.42E+00 at (42,1,48)
       Max divergence:  0.21E+00 at (40,1,28)
       Min divergence: -0.20E+00 at (43,1,18)
       Max VN number :  0.28E+00 at (30,26,51)
       Mesh    4
       Max CFL number:  0.32E+00 at (3,1,51)
       Max divergence:  0.11E+00 at (1,3,50)
       Min divergence: -0.10E+00 at (1,2,49)
       Max VN number :  0.20E+00 at (9,5,51)
 
       Time Step    29800   August  8, 2026  16:17:57
       Step Size:  0.887E-02 s, Total Time:  282.92204 s
       Pressure Iterations: 4
       Maximum Velocity Error:  0.12E-01 on Mesh 2 at (0,44,48)
       Maximum Pressure Error:  0.25E+03 on Mesh 1 at (41,42,20)
       Maximum CFL Number    :  0.84E+00 on Mesh 1 at (41,44,42)
       Maximum VN Number     :  0.37E+00 on Mesh 1 at (41,26,51)
       ---------------------------------------------------------------
       Mesh    1
       Max CFL number:  0.84E+00 at (41,44,42)
       Max divergence:  0.25E+02 at (41,43,7)
       Min divergence: -0.36E+01 at (42,43,12)
       Max VN number :  0.37E+00 at (41,26,51)
       Mesh    2
       Max CFL number:  0.70E+00 at (1,45,47)
       Max divergence:  0.38E+00 at (1,44,50)
       Min divergence: -0.36E+00 at (2,45,42)
       Max VN number :  0.33E+00 at (23,41,51)
       Mesh    3
       Max CFL number:  0.45E+00 at (41,10,51)
       Max divergence:  0.30E+00 at (44,1,31)
       Min divergence: -0.27E+00 at (43,1,30)
       Max VN number :  0.25E+00 at (34,21,51)
       Mesh    4
       Max CFL number:  0.46E+00 at (7,7,51)
       Max divergence:  0.17E+00 at (1,1,30)
       Min divergence: -0.11E+00 at (1,6,51)
       Max VN number :  0.32E+00 at (4,23,51)
 
       Time Step    29900   August  8, 2026  16:18:47
       Step Size:  0.786E-02 s, Total Time:  283.76584 s
       Pressure Iterations: 4
       Maximum Velocity Error:  0.19E-01 on Mesh 1 at (44,44,25)
       Maximum Pressure Error:  0.30E+03 on Mesh 1 at (44,44,25)
       Maximum CFL Number    :  0.87E+00 on Mesh 1 at (44,44,25)
       Maximum VN Number     :  0.26E+00 on Mesh 4 at (32,18,51)
       ---------------------------------------------------------------
       Mesh    1
       Max CFL number:  0.87E+00 at (44,44,25)
       Max divergence:  0.16E+02 at (43,44,7)
       Min divergence: -0.37E+01 at (42,42,17)
       Max VN number :  0.25E+00 at (44,44,24)
       Mesh    2
       Max CFL number:  0.70E+00 at (1,43,35)
       Max divergence:  0.12E+01 at (1,45,25)
       Min divergence: -0.12E+01 at (1,42,35)
       Max VN number :  0.22E+00 at (31,32,51)
       Mesh    3
       Max CFL number:  0.39E+00 at (42,11,51)
       Max divergence:  0.26E+00 at (41,1,43)
       Min divergence: -0.20E+00 at (42,1,43)
       Max VN number :  0.21E+00 at (44,17,51)
       Mesh    4
       Max CFL number:  0.38E+00 at (1,10,51)
       Max divergence:  0.85E-01 at (1,2,40)
       Min divergence: -0.10E+00 at (2,9,51)
       Max VN number :  0.26E+00 at (32,18,51)
 
       Time Step    30000   August  8, 2026  16:19:41
       Step Size:  0.837E-02 s, Total Time:  284.65830 s
       Pressure Iterations: 2
       Maximum Velocity Error:  0.19E-01 on Mesh 1 at (44,41,49)
       Maximum Pressure Error:  0.51E+03 on Mesh 1 at (43,44,19)
       Maximum CFL Number    :  0.81E+00 on Mesh 1 at (43,44,18)
       Maximum VN Number     :  0.39E+00 on Mesh 3 at (14,13,51)
       ---------------------------------------------------------------
       Mesh    1
       Max CFL number:  0.81E+00 at (43,44,18)
       Max divergence:  0.15E+02 at (43,43,7)
       Min divergence: -0.42E+01 at (43,44,18)
       Max VN number :  0.32E+00 at (24,10,51)
       Mesh    2
       Max CFL number:  0.48E+00 at (1,41,48)
       Max divergence:  0.71E+00 at (1,44,16)
       Min divergence: -0.27E+00 at (1,42,35)
       Max VN number :  0.21E+00 at (6,10,51)
       Mesh    3
       Max CFL number:  0.43E+00 at (42,1,43)
       Max divergence:  0.14E+00 at (44,1,45)
       Min divergence: -0.30E+00 at (43,1,45)
       Max VN number :  0.39E+00 at (14,13,51)
       Mesh    4
       Max CFL number:  0.37E+00 at (5,13,51)
       Max divergence:  0.18E+00 at (1,1,44)
       Min divergence: -0.18E+00 at (17,11,51)
       Max VN number :  0.25E+00 at (4,14,51)
 
       Time Step    30100   August  8, 2026  16:20:32
       Step Size:  0.993E-02 s, Total Time:  285.55430 s
       Pressure Iterations: 3
       Maximum Velocity Error:  0.22E-01 on Mesh 1 at (43,46,37)
       Maximum Pressure Error:  0.25E+03 on Mesh 1 at (40,42,30)
       Maximum CFL Number    :  0.86E+00 on Mesh 1 at (41,43,24)
       Maximum VN Number     :  0.34E+00 on Mesh 3 at (34,14,51)
       ---------------------------------------------------------------
       Mesh    1
       Max CFL number:  0.86E+00 at (41,43,24)
       Max divergence:  0.18E+02 at (41,42,7)
       Min divergence: -0.35E+01 at (42,42,20)
       Max VN number :  0.32E+00 at (25,45,51)
       Mesh    2
       Max CFL number:  0.66E+00 at (2,42,45)
       Max divergence:  0.41E+00 at (1,43,16)
       Min divergence: -0.25E+00 at (3,43,47)
       Max VN number :  0.33E+00 at (7,42,51)
       Mesh    3
       Max CFL number:  0.50E+00 at (33,13,51)
       Max divergence:  0.25E+00 at (43,1,39)
       Min divergence: -0.30E+00 at (43,1,37)
       Max VN number :  0.34E+00 at (34,14,51)
       Mesh    4
       Max CFL number:  0.40E+00 at (2,14,51)
       Max divergence:  0.87E-01 at (1,1,38)
       Min divergence: -0.70E-01 at (12,4,51)
       Max VN number :  0.31E+00 at (9,19,51)
 
       Time Step    30200   August  8, 2026  16:21:23
       Step Size:  0.933E-02 s, Total Time:  286.43078 s
       Pressure Iterations: 3
       Maximum Velocity Error:  0.17E-01 on Mesh 1 at (44,44,37)
       Maximum Pressure Error:  0.62E+03 on Mesh 1 at (42,44,14)
       Maximum CFL Number    :  0.93E+00 on Mesh 1 at (42,42,22)
       Maximum VN Number     :  0.38E+00 on Mesh 1 at (31,46,51)
       ---------------------------------------------------------------
       Mesh    1
       Max CFL number:  0.93E+00 at (42,42,22)
       Max divergence:  0.18E+02 at (43,43,7)
       Min divergence: -0.36E+01 at (41,43,16)
       Max VN number :  0.38E+00 at (31,46,51)
       Mesh    2
       Max CFL number:  0.64E+00 at (1,40,38)
       Max divergence:  0.38E+00 at (1,43,39)
       Min divergence: -0.72E+00 at (1,42,20)
       Max VN number :  0.26E+00 at (21,30,51)
       Mesh    3
       Max CFL number:  0.57E+00 at (32,1,51)
       Max divergence:  0.28E+00 at (43,1,42)
       Min divergence: -0.28E+00 at (44,1,42)
       Max VN number :  0.32E+00 at (23,27,51)
       Mesh    4
       Max CFL number:  0.38E+00 at (1,7,51)
       Max divergence:  0.91E-01 at (1,1,43)
       Min divergence: -0.98E-01 at (1,1,40)
       Max VN number :  0.26E+00 at (18,16,51)
 
       Time Step    30300   August  8, 2026  16:22:14
       Step Size:  0.886E-02 s, Total Time:  287.31289 s
       Pressure Iterations: 4
       Maximum Velocity Error:  0.13E-01 on Mesh 1 at (43,46,36)
       Maximum Pressure Error:  0.15E+03 on Mesh 1 at (43,41,26)
       Maximum CFL Number    :  0.87E+00 on Mesh 1 at (42,42,23)
       Maximum VN Number     :  0.32E+00 on Mesh 3 at (13,15,51)
       ---------------------------------------------------------------
       Mesh    1
       Max CFL number:  0.87E+00 at (42,42,23)
       Max divergence:  0.16E+02 at (41,44,7)
       Min divergence: -0.38E+01 at (42,43,15)
       Max VN number :  0.31E+00 at (15,26,51)
       Mesh    2
       Max CFL number:  0.72E+00 at (1,43,39)
       Max divergence:  0.57E+00 at (1,44,40)
       Min divergence: -0.52E+00 at (1,46,37)
       Max VN number :  0.26E+00 at (1,35,51)
       Mesh    3
       Max CFL number:  0.44E+00 at (40,1,38)
       Max divergence:  0.28E+00 at (43,1,39)
       Min divergence: -0.30E+00 at (40,2,40)
       Max VN number :  0.32E+00 at (13,15,51)
       Mesh    4
       Max CFL number:  0.33E+00 at (3,5,51)
       Max divergence:  0.19E+00 at (2,1,37)
       Min divergence: -0.16E+00 at (1,1,35)
       Max VN number :  0.25E+00 at (4,4,51)
 
       Time Step    30400   August  8, 2026  16:23:07
       Step Size:  0.865E-02 s, Total Time:  288.17512 s
       Pressure Iterations: 3
       Maximum Velocity Error:  0.21E-01 on Mesh 1 at (44,42,28)
       Maximum Pressure Error:  0.44E+03 on Mesh 1 at (40,43,23)
       Maximum CFL Number    :  0.93E+00 on Mesh 1 at (40,43,21)
       Maximum VN Number     :  0.43E+00 on Mesh 1 at (34,38,51)
       ---------------------------------------------------------------
       Mesh    1
       Max CFL number:  0.93E+00 at (40,43,21)
       Max divergence:  0.16E+02 at (42,44,8)
       Min divergence: -0.30E+01 at (40,43,22)
       Max VN number :  0.43E+00 at (34,38,51)
       Mesh    2
       Max CFL number:  0.56E+00 at (3,31,51)
       Max divergence:  0.70E+00 at (1,42,30)
       Min divergence: -0.58E+00 at (1,42,24)
       Max VN number :  0.29E+00 at (14,43,51)
       Mesh    3
       Max CFL number:  0.42E+00 at (41,2,51)
       Max divergence:  0.37E+00 at (42,1,37)
       Min divergence: -0.19E+00 at (44,1,33)
       Max VN number :  0.35E+00 at (40,17,51)
       Mesh    4
       Max CFL number:  0.39E+00 at (17,4,51)
       Max divergence:  0.18E+00 at (1,1,36)
       Min divergence: -0.90E-01 at (2,8,50)
       Max VN number :  0.24E+00 at (5,1,51)
 
       Time Step    30500   August  8, 2026  16:23:59
       Step Size:  0.942E-02 s, Total Time:  289.00663 s
       Pressure Iterations: 4
       Maximum Velocity Error:  0.20E-01 on Mesh 1 at (44,45,36)
       Maximum Pressure Error:  0.82E+03 on Mesh 1 at (43,43,18)
       Maximum CFL Number    :  0.91E+00 on Mesh 1 at (41,43,31)
       Maximum VN Number     :  0.43E+00 on Mesh 2 at (19,17,51)
       ---------------------------------------------------------------
       Mesh    1
       Max CFL number:  0.91E+00 at (41,43,31)
       Max divergence:  0.18E+02 at (41,44,7)
       Min divergence: -0.30E+01 at (43,43,17)
       Max VN number :  0.38E+00 at (34,41,51)
       Mesh    2
       Max CFL number:  0.61E+00 at (1,41,51)
       Max divergence:  0.52E+00 at (2,43,38)
       Min divergence: -0.40E+00 at (1,43,38)
       Max VN number :  0.43E+00 at (19,17,51)
       Mesh    3
       Max CFL number:  0.52E+00 at (42,15,51)
       Max divergence:  0.27E+00 at (42,1,37)
       Min divergence: -0.35E+00 at (42,9,50)
       Max VN number :  0.34E+00 at (41,14,51)
       Mesh    4
       Max CFL number:  0.49E+00 at (1,12,51)
       Max divergence:  0.18E+00 at (1,1,37)
       Min divergence: -0.13E+00 at (2,8,51)
       Max VN number :  0.27E+00 at (10,17,51)
 
       Time Step    30600   August  8, 2026  16:24:53
       Step Size:  0.970E-02 s, Total Time:  289.86566 s
       Pressure Iterations: 3
       Maximum Velocity Error:  0.21E-01 on Mesh 1 at (44,44,33)
       Maximum Pressure Error:  0.45E+03 on Mesh 1 at (41,42,16)
       Maximum CFL Number    :  0.88E+00 on Mesh 1 at (43,44,33)
       Maximum VN Number     :  0.46E+00 on Mesh 3 at (44,13,51)
       ---------------------------------------------------------------
       Mesh    1
       Max CFL number:  0.88E+00 at (43,44,33)
       Max divergence:  0.16E+02 at (43,42,7)
       Min divergence: -0.39E+01 at (42,43,18)
       Max VN number :  0.33E+00 at (41,30,51)
       Mesh    2
       Max CFL number:  0.58E+00 at (1,41,51)
       Max divergence:  0.56E+00 at (1,44,32)
       Min divergence: -0.55E+00 at (1,43,29)
       Max VN number :  0.28E+00 at (1,25,51)
       Mesh    3
       Max CFL number:  0.49E+00 at (42,1,43)
       Max divergence:  0.13E+00 at (42,1,45)
       Min divergence: -0.15E+00 at (44,5,46)
       Max VN number :  0.46E+00 at (44,13,51)
       Mesh    4
       Max CFL number:  0.47E+00 at (2,8,51)
       Max divergence:  0.11E+00 at (1,3,47)
       Min divergence: -0.14E+00 at (3,2,45)
       Max VN number :  0.43E+00 at (1,9,51)
 
       Time Step    30700   August  8, 2026  16:25:44
       Step Size:  0.779E-02 s, Total Time:  290.76907 s
       Pressure Iterations: 3
       Maximum Velocity Error:  0.22E-01 on Mesh 2 at (0,43,36)
       Maximum Pressure Error:  0.38E+03 on Mesh 1 at (42,44,22)
       Maximum CFL Number    :  0.92E+00 on Mesh 1 at (42,44,21)
       Maximum VN Number     :  0.25E+00 on Mesh 1 at (42,44,21)
       ---------------------------------------------------------------
       Mesh    1
       Max CFL number:  0.92E+00 at (42,44,21)
       Max divergence:  0.14E+02 at (42,42,7)
       Min divergence: -0.35E+01 at (42,43,20)
       Max VN number :  0.25E+00 at (42,44,21)
       Mesh    2
       Max CFL number:  0.43E+00 at (1,43,35)
       Max divergence:  0.41E+00 at (1,41,37)
       Min divergence: -0.62E+00 at (1,42,37)
       Max VN number :  0.25E+00 at (14,42,51)
       Mesh    3
       Max CFL number:  0.35E+00 at (39,15,51)
       Max divergence:  0.21E+00 at (42,1,32)
       Min divergence: -0.12E+00 at (40,16,51)
       Max VN number :  0.25E+00 at (40,15,51)
       Mesh    4
       Max CFL number:  0.34E+00 at (10,10,51)
       Max divergence:  0.10E+00 at (1,3,45)
       Min divergence: -0.13E+00 at (2,2,48)
       Max VN number :  0.25E+00 at (15,41,51)
 
       Time Step    30800   August  8, 2026  16:26:35
       Step Size:  0.899E-02 s, Total Time:  291.64213 s
       Pressure Iterations: 3
       Maximum Velocity Error:  0.14E-01 on Mesh 1 at (44,46,34)
       Maximum Pressure Error:  0.36E+03 on Mesh 1 at (43,43,29)
       Maximum CFL Number    :  0.88E+00 on Mesh 1 at (42,42,21)
       Maximum VN Number     :  0.37E+00 on Mesh 4 at (2,7,51)
       ---------------------------------------------------------------
       Mesh    1
       Max CFL number:  0.88E+00 at (42,42,21)
       Max divergence:  0.17E+02 at (43,44,7)
       Min divergence: -0.35E+01 at (42,43,16)
       Max VN number :  0.27E+00 at (41,33,51)
       Mesh    2
       Max CFL number:  0.48E+00 at (2,34,51)
       Max divergence:  0.33E+00 at (1,43,26)
       Min divergence: -0.60E+00 at (1,41,25)
       Max VN number :  0.23E+00 at (9,33,51)
       Mesh    3
       Max CFL number:  0.51E+00 at (41,1,45)
       Max divergence:  0.43E+00 at (44,1,31)
       Min divergence: -0.52E+00 at (43,1,30)
       Max VN number :  0.29E+00 at (22,13,51)
       Mesh    4
       Max CFL number:  0.49E+00 at (3,6,51)
       Max divergence:  0.22E+00 at (1,1,30)
       Min divergence: -0.77E-01 at (2,1,51)
       Max VN number :  0.37E+00 at (2,7,51)
 
       Time Step    30900   August  8, 2026  16:27:28
       Step Size:  0.957E-02 s, Total Time:  292.55965 s
       Pressure Iterations: 3
       Maximum Velocity Error:  0.22E-01 on Mesh 3 at (40,0,43)
       Maximum Pressure Error:  0.19E+03 on Mesh 1 at (43,42,15)
       Maximum CFL Number    :  0.91E+00 on Mesh 1 at (41,42,35)
       Maximum VN Number     :  0.34E+00 on Mesh 2 at (15,40,51)
       ---------------------------------------------------------------
       Mesh    1
       Max CFL number:  0.91E+00 at (41,42,35)
       Max divergence:  0.19E+02 at (43,42,7)
       Min divergence: -0.43E+01 at (42,43,15)
       Max VN number :  0.34E+00 at (27,33,51)
       Mesh    2
       Max CFL number:  0.50E+00 at (1,46,48)
       Max divergence:  0.27E+00 at (1,44,26)
       Min divergence: -0.48E+00 at (1,43,28)
       Max VN number :  0.34E+00 at (15,40,51)
       Mesh    3
       Max CFL number:  0.61E+00 at (40,1,43)
       Max divergence:  0.37E+00 at (39,1,42)
       Min divergence: -0.49E+00 at (40,1,44)
       Max VN number :  0.28E+00 at (34,13,51)
       Mesh    4
       Max CFL number:  0.56E+00 at (4,1,50)
       Max divergence:  0.14E+00 at (7,3,50)
       Min divergence: -0.13E+00 at (6,4,49)
       Max VN number :  0.22E+00 at (14,18,51)
 
       Time Step    31000   August  8, 2026  16:28:20
       Step Size:  0.897E-02 s, Total Time:  293.45458 s
       Pressure Iterations: 3
       Maximum Velocity Error:  0.17E-01 on Mesh 1 at (44,42,46)
       Maximum Pressure Error:  0.16E+03 on Mesh 1 at (42,42,26)
       Maximum CFL Number    :  0.84E+00 on Mesh 1 at (42,42,26)
       Maximum VN Number     :  0.38E+00 on Mesh 1 at (25,31,51)
       ---------------------------------------------------------------
       Mesh    1
       Max CFL number:  0.84E+00 at (42,42,26)
       Max divergence:  0.15E+02 at (41,44,7)
       Min divergence: -0.39E+01 at (42,43,15)
       Max VN number :  0.38E+00 at (25,31,51)
       Mesh    2
       Max CFL number:  0.49E+00 at (1,46,51)
       Max divergence:  0.34E+00 at (1,42,16)
       Min divergence: -0.38E+00 at (2,45,35)
       Max VN number :  0.32E+00 at (2,42,51)
       Mesh    3
       Max CFL number:  0.52E+00 at (40,2,51)
       Max divergence:  0.21E+00 at (41,1,42)
       Min divergence: -0.37E+00 at (42,1,41)
       Max VN number :  0.34E+00 at (41,3,51)
       Mesh    4
       Max CFL number:  0.47E+00 at (1,1,51)
       Max divergence:  0.10E+00 at (2,1,33)
       Min divergence: -0.15E+00 at (1,1,33)
       Max VN number :  0.35E+00 at (1,1,51)
 
       Time Step    31100   August  8, 2026  16:29:11
       Step Size:  0.987E-02 s, Total Time:  294.41351 s
       Pressure Iterations: 5
       Maximum Velocity Error:  0.15E-01 on Mesh 1 at (44,42,26)
       Maximum Pressure Error:  0.44E+03 on Mesh 1 at (41,43,12)
       Maximum CFL Number    :  0.92E+00 on Mesh 1 at (44,42,27)
       Maximum VN Number     :  0.35E+00 on Mesh 4 at (18,21,51)
       ---------------------------------------------------------------
       Mesh    1
       Max CFL number:  0.92E+00 at (44,42,27)
       Max divergence:  0.19E+02 at (42,44,7)
       Min divergence: -0.33E+01 at (41,43,11)
       Max VN number :  0.29E+00 at (41,44,12)
       Mesh    2
       Max CFL number:  0.74E+00 at (1,42,33)
       Max divergence:  0.57E+00 at (1,41,27)
       Min divergence: -0.10E+01 at (1,41,20)
       Max VN number :  0.35E+00 at (17,19,51)
       Mesh    3
       Max CFL number:  0.47E+00 at (40,1,38)
       Max divergence:  0.35E+00 at (42,1,37)
       Min divergence: -0.27E+00 at (43,1,37)
       Max VN number :  0.28E+00 at (28,23,51)
       Mesh    4
       Max CFL number:  0.41E+00 at (8,17,51)
       Max divergence:  0.76E-01 at (4,16,50)
       Min divergence: -0.95E-01 at (4,16,51)
       Max VN number :  0.35E+00 at (18,21,51)
 
       Time Step    31200   August  8, 2026  16:30:03
       Step Size:  0.959E-02 s, Total Time:  295.34148 s
       Pressure Iterations: 3
       Maximum Velocity Error:  0.15E-01 on Mesh 1 at (44,43,36)
       Maximum Pressure Error:  0.27E+03 on Mesh 1 at (42,42,23)
       Maximum CFL Number    :  0.86E+00 on Mesh 1 at (42,42,23)
       Maximum VN Number     :  0.38E+00 on Mesh 2 at (14,43,51)
       ---------------------------------------------------------------
       Mesh    1
       Max CFL number:  0.86E+00 at (42,42,23)
       Max divergence:  0.18E+02 at (41,43,7)
       Min divergence: -0.30E+01 at (41,44,11)
       Max VN number :  0.25E+00 at (44,34,51)
       Mesh    2
       Max CFL number:  0.62E+00 at (1,44,35)
       Max divergence:  0.35E+00 at (1,45,31)
       Min divergence: -0.48E+00 at (1,43,32)
       Max VN number :  0.38E+00 at (14,43,51)
       Mesh    3
       Max CFL number:  0.45E+00 at (43,2,51)
       Max divergence:  0.14E+00 at (41,1,25)
       Min divergence: -0.21E+00 at (42,1,25)
       Max VN number :  0.33E+00 at (14,36,51)
       Mesh    4
       Max CFL number:  0.46E+00 at (10,5,51)
       Max divergence:  0.58E-01 at (1,1,24)
       Min divergence: -0.63E-01 at (2,2,50)
       Max VN number :  0.21E+00 at (16,12,51)
 
       Time Step    31300   August  8, 2026  16:30:54
       Step Size:  0.925E-02 s, Total Time:  296.32521 s
       Pressure Iterations: 4
       Maximum Velocity Error:  0.17E-01 on Mesh 1 at (44,42,26)
       Maximum Pressure Error:  0.53E+03 on Mesh 1 at (41,45,21)
       Maximum CFL Number    :  0.93E+00 on Mesh 1 at (44,43,25)
       Maximum VN Number     :  0.42E+00 on Mesh 4 at (1,6,51)
       ---------------------------------------------------------------
       Mesh    1
       Max CFL number:  0.93E+00 at (44,43,25)
       Max divergence:  0.23E+02 at (41,43,7)
       Min divergence: -0.43E+01 at (41,45,20)
       Max VN number :  0.34E+00 at (36,45,51)
       Mesh    2
       Max CFL number:  0.65E+00 at (1,43,42)
       Max divergence:  0.45E+00 at (1,44,11)
       Min divergence: -0.44E+00 at (1,43,43)
       Max VN number :  0.26E+00 at (3,43,51)
       Mesh    3
       Max CFL number:  0.51E+00 at (39,4,51)
       Max divergence:  0.50E+00 at (41,1,16)
       Min divergence: -0.14E+00 at (44,4,51)
       Max VN number :  0.24E+00 at (42,28,51)
       Mesh    4
       Max CFL number:  0.48E+00 at (2,2,51)
       Max divergence:  0.11E+00 at (2,2,50)
       Min divergence: -0.12E+00 at (1,4,51)
       Max VN number :  0.42E+00 at (1,6,51)
 
       Time Step    31400   August  8, 2026  16:31:46
       Step Size:  0.863E-02 s, Total Time:  297.25026 s
       Pressure Iterations: 4
       Maximum Velocity Error:  0.12E-01 on Mesh 2 at (0,40,44)
       Maximum Pressure Error:  0.64E+03 on Mesh 1 at (41,43,17)
       Maximum CFL Number    :  0.90E+00 on Mesh 1 at (41,43,17)
       Maximum VN Number     :  0.39E+00 on Mesh 4 at (26,6,51)
       ---------------------------------------------------------------
       Mesh    1
       Max CFL number:  0.90E+00 at (41,43,17)
       Max divergence:  0.19E+02 at (42,44,7)
       Min divergence: -0.35E+01 at (41,43,16)
       Max VN number :  0.29E+00 at (41,43,16)
       Mesh    2
       Max CFL number:  0.63E+00 at (1,41,44)
       Max divergence:  0.55E+00 at (1,43,17)
       Min divergence: -0.66E+00 at (1,42,30)
       Max VN number :  0.28E+00 at (20,24,51)
       Mesh    3
       Max CFL number:  0.49E+00 at (38,1,42)
       Max divergence:  0.18E+00 at (42,3,44)
       Min divergence: -0.15E+00 at (38,1,43)
       Max VN number :  0.22E+00 at (15,4,51)
       Mesh    4
       Max CFL number:  0.39E+00 at (25,7,51)
       Max divergence:  0.11E+00 at (1,2,45)
       Min divergence: -0.89E-01 at (1,2,43)
       Max VN number :  0.39E+00 at (26,6,51)
 
       Time Step    31500   August  8, 2026  16:32:39
       Step Size:  0.807E-02 s, Total Time:  298.17879 s
       Pressure Iterations: 3
       Maximum Velocity Error:  0.20E-01 on Mesh 2 at (0,45,41)
       Maximum Pressure Error:  0.21E+03 on Mesh 1 at (41,43,36)
       Maximum CFL Number    :  0.84E+00 on Mesh 1 at (41,43,34)
       Maximum VN Number     :  0.28E+00 on Mesh 1 at (18,2,51)
       ---------------------------------------------------------------
       Mesh    1
       Max CFL number:  0.84E+00 at (41,43,34)
       Max divergence:  0.15E+02 at (41,44,7)
       Min divergence: -0.35E+01 at (42,43,14)
       Max VN number :  0.28E+00 at (18,2,51)
       Mesh    2
       Max CFL number:  0.47E+00 at (1,43,41)
       Max divergence:  0.49E+00 at (1,44,11)
       Min divergence: -0.42E+00 at (1,44,35)
       Max VN number :  0.25E+00 at (1,25,51)
       Mesh    3
       Max CFL number:  0.36E+00 at (37,20,51)
       Max divergence:  0.20E+00 at (44,1,38)
       Min divergence: -0.13E+00 at (38,21,51)
       Max VN number :  0.28E+00 at (38,20,51)
       Mesh    4
       Max CFL number:  0.34E+00 at (8,11,51)
       Max divergence:  0.11E+00 at (1,1,38)
       Min divergence: -0.98E-01 at (21,7,51)
       Max VN number :  0.22E+00 at (38,15,51)
 
       Time Step    31600   August  8, 2026  16:33:34
       Step Size:  0.960E-02 s, Total Time:  299.12571 s
       Pressure Iterations: 4
       Maximum Velocity Error:  0.15E-01 on Mesh 1 at (44,44,47)
       Maximum Pressure Error:  0.26E+03 on Mesh 1 at (42,43,10)
       Maximum CFL Number    :  0.83E+00 on Mesh 1 at (42,44,29)
       Maximum VN Number     :  0.36E+00 on Mesh 2 at (25,31,51)
       ---------------------------------------------------------------
       Mesh    1
       Max CFL number:  0.83E+00 at (42,44,29)
       Max divergence:  0.15E+02 at (43,44,7)
       Min divergence: -0.36E+01 at (42,43,17)
       Max VN number :  0.28E+00 at (42,39,51)
       Mesh    2
       Max CFL number:  0.80E+00 at (1,42,47)
       Max divergence:  0.62E+00 at (1,43,22)
       Min divergence: -0.59E+00 at (1,44,21)
       Max VN number :  0.36E+00 at (25,31,51)
       Mesh    3
       Max CFL number:  0.55E+00 at (44,15,51)
       Max divergence:  0.14E+00 at (43,1,25)
       Min divergence: -0.10E+00 at (42,5,50)
       Max VN number :  0.22E+00 at (44,17,51)
       Mesh    4
       Max CFL number:  0.54E+00 at (2,15,51)
       Max divergence:  0.48E-01 at (11,11,50)
       Min divergence: -0.74E-01 at (1,10,51)
       Max VN number :  0.29E+00 at (1,2,51)
 
       Time Step    31700   August  8, 2026  16:34:28
       Step Size:  0.847E-02 s, Total Time:  300.04738 s
       Pressure Iterations: 2
       Maximum Velocity Error:  0.19E-01 on Mesh 3 at (44,1,41)
       Maximum Pressure Error:  0.33E+03 on Mesh 1 at (43,44,11)
       Maximum CFL Number    :  0.85E+00 on Mesh 1 at (40,43,40)
       Maximum VN Number     :  0.40E+00 on Mesh 2 at (7,43,51)
       ---------------------------------------------------------------
       Mesh    1
       Max CFL number:  0.85E+00 at (40,43,40)
       Max divergence:  0.16E+02 at (43,42,7)
       Min divergence: -0.42E+01 at (42,43,14)
       Max VN number :  0.27E+00 at (36,42,51)
       Mesh    2
       Max CFL number:  0.59E+00 at (2,43,46)
       Max divergence:  0.93E+00 at (1,44,10)
       Min divergence: -0.22E+00 at (1,37,49)
       Max VN number :  0.40E+00 at (7,43,51)
       Mesh    3
       Max CFL number:  0.43E+00 at (30,11,51)
       Max divergence:  0.33E+00 at (41,1,38)
       Min divergence: -0.24E+00 at (44,1,41)
       Max VN number :  0.39E+00 at (42,9,51)
       Mesh    4
       Max CFL number:  0.43E+00 at (1,1,51)
       Max divergence:  0.19E+00 at (1,2,41)
       Min divergence: -0.24E+00 at (1,1,41)
       Max VN number :  0.25E+00 at (20,10,51)
 
       Time Step    31800   August  8, 2026  16:35:25
       Step Size:  0.919E-02 s, Total Time:  300.96074 s
       Pressure Iterations: 4
       Maximum Velocity Error:  0.20E-01 on Mesh 1 at (44,44,39)
       Maximum Pressure Error:  0.20E+03 on Mesh 1 at (41,43,28)
       Maximum CFL Number    :  0.86E+00 on Mesh 1 at (41,43,28)
       Maximum VN Number     :  0.38E+00 on Mesh 2 at (29,32,51)
       ---------------------------------------------------------------
       Mesh    1
       Max CFL number:  0.86E+00 at (41,43,28)
       Max divergence:  0.16E+02 at (41,42,7)
       Min divergence: -0.34E+01 at (42,43,18)
       Max VN number :  0.32E+00 at (39,41,51)
       Mesh    2
       Max CFL number:  0.77E+00 at (1,45,39)
       Max divergence:  0.86E+00 at (1,44,40)
       Min divergence: -0.11E+01 at (1,45,40)
       Max VN number :  0.38E+00 at (29,32,51)
       Mesh    3
       Max CFL number:  0.55E+00 at (44,1,38)
       Max divergence:  0.52E+00 at (40,1,23)
       Min divergence: -0.43E+00 at (44,1,39)
       Max VN number :  0.26E+00 at (22,26,51)
       Mesh    4
       Max CFL number:  0.43E+00 at (3,2,51)
       Max divergence:  0.27E+00 at (1,1,40)
       Min divergence: -0.14E+00 at (1,1,32)
       Max VN number :  0.31E+00 at (3,3,51)
 
       Time Step    31900   August  8, 2026  16:36:23
       Step Size:  0.998E-02 s, Total Time:  301.90029 s
       Pressure Iterations: 3
       Maximum Velocity Error:  0.15E-01 on Mesh 1 at (44,45,27)
       Maximum Pressure Error:  0.41E+03 on Mesh 1 at (41,44,15)
       Maximum CFL Number    :  0.83E+00 on Mesh 1 at (42,44,18)
       Maximum VN Number     :  0.46E+00 on Mesh 1 at (30,37,51)
       ---------------------------------------------------------------
       Mesh    1
       Max CFL number:  0.83E+00 at (42,44,18)
       Max divergence:  0.19E+02 at (42,42,7)
       Min divergence: -0.28E+01 at (42,43,17)
       Max VN number :  0.46E+00 at (30,37,51)
       Mesh    2
       Max CFL number:  0.68E+00 at (5,44,51)
       Max divergence:  0.25E+00 at (1,44,25)
       Min divergence: -0.36E+00 at (1,44,34)
       Max VN number :  0.33E+00 at (3,45,51)
       Mesh    3
       Max CFL number:  0.55E+00 at (40,10,51)
       Max divergence:  0.19E+00 at (43,1,31)
       Min divergence: -0.17E+00 at (42,4,51)
       Max VN number :  0.29E+00 at (43,2,51)
       Mesh    4
       Max CFL number:  0.54E+00 at (3,10,51)
       Max divergence:  0.28E+00 at (1,2,50)
       Min divergence: -0.17E+00 at (2,2,51)
       Max VN number :  0.35E+00 at (2,10,51)
 
       Time Step    32000   August  8, 2026  16:37:19
       Step Size:  0.917E-02 s, Total Time:  302.81325 s
       Pressure Iterations: 5
       Maximum Velocity Error:  0.18E-01 on Mesh 1 at (44,43,33)
       Maximum Pressure Error:  0.43E+03 on Mesh 1 at (42,43,15)
       Maximum CFL Number    :  0.94E+00 on Mesh 1 at (41,43,20)
       Maximum VN Number     :  0.40E+00 on Mesh 1 at (42,44,51)
       ---------------------------------------------------------------
       Mesh    1
       Max CFL number:  0.94E+00 at (41,43,20)
       Max divergence:  0.19E+02 at (43,44,7)
       Min divergence: -0.38E+01 at (42,43,19)
       Max VN number :  0.40E+00 at (42,44,51)
       Mesh    2
       Max CFL number:  0.77E+00 at (1,42,35)
       Max divergence:  0.35E+00 at (2,43,34)
       Min divergence: -0.11E+01 at (1,42,34)
       Max VN number :  0.29E+00 at (1,42,34)
       Mesh    3
       Max CFL number:  0.42E+00 at (43,1,45)
       Max divergence:  0.23E+00 at (41,1,43)
       Min divergence: -0.18E+00 at (42,1,45)
       Max VN number :  0.26E+00 at (42,2,51)
       Mesh    4
       Max CFL number:  0.49E+00 at (5,4,51)
       Max divergence:  0.92E-01 at (7,7,50)
       Min divergence: -0.12E+00 at (4,2,51)
       Max VN number :  0.29E+00 at (23,7,51)
 
       Time Step    32100   August  8, 2026  16:38:14
       Step Size:  0.851E-02 s, Total Time:  303.63012 s
       Pressure Iterations: 4
       Maximum Velocity Error:  0.13E-01 on Mesh 2 at (0,44,25)
       Maximum Pressure Error:  0.24E+03 on Mesh 1 at (43,42,24)
       Maximum CFL Number    :  0.91E+00 on Mesh 1 at (43,43,25)
       Maximum VN Number     :  0.46E+00 on Mesh 3 at (40,18,51)
       ---------------------------------------------------------------
       Mesh    1
       Max CFL number:  0.91E+00 at (43,43,25)
       Max divergence:  0.16E+02 at (43,44,7)
       Min divergence: -0.27E+01 at (42,43,16)
       Max VN number :  0.35E+00 at (37,38,51)
       Mesh    2
       Max CFL number:  0.49E+00 at (4,40,50)
       Max divergence:  0.83E+00 at (1,45,26)
       Min divergence: -0.51E+00 at (1,44,26)
       Max VN number :  0.20E+00 at (1,43,50)
       Mesh    3
       Max CFL number:  0.48E+00 at (42,2,51)
       Max divergence:  0.24E+00 at (41,1,32)
       Min divergence: -0.41E+00 at (42,1,24)
       Max VN number :  0.46E+00 at (40,18,51)
       Mesh    4
       Max CFL number:  0.40E+00 at (2,3,51)
       Max divergence:  0.75E-01 at (4,1,49)
       Min divergence: -0.79E-01 at (12,1,51)
       Max VN number :  0.24E+00 at (11,6,51)
 
       Time Step    32200   August  8, 2026  16:39:10
       Step Size:  0.878E-02 s, Total Time:  304.50654 s
       Pressure Iterations: 4
       Maximum Velocity Error:  0.15E-01 on Mesh 1 at (44,43,31)
       Maximum Pressure Error:  0.50E+03 on Mesh 1 at (43,42,23)
       Maximum CFL Number    :  0.99E+00 on Mesh 1 at (43,42,23)
       Maximum VN Number     :  0.31E+00 on Mesh 1 at (43,42,22)
       ---------------------------------------------------------------
       Mesh    1
       Max CFL number:  0.99E+00 at (43,42,23)
       Max divergence:  0.22E+02 at (42,44,7)
       Min divergence: -0.32E+01 at (42,43,14)
       Max VN number :  0.31E+00 at (43,42,22)
       Mesh    2
       Max CFL number:  0.63E+00 at (2,43,32)
       Max divergence:  0.50E+00 at (1,42,21)
       Min divergence: -0.87E+00 at (2,43,37)
       Max VN number :  0.27E+00 at (7,38,51)
       Mesh    3
       Max CFL number:  0.40E+00 at (40,2,45)
       Max divergence:  0.15E+00 at (40,1,26)
       Min divergence: -0.12E+00 at (40,2,45)
       Max VN number :  0.27E+00 at (43,2,51)
       Mesh    4
       Max CFL number:  0.44E+00 at (4,1,51)
       Max divergence:  0.14E+00 at (5,1,50)
       Min divergence: -0.12E+00 at (2,3,51)
       Max VN number :  0.23E+00 at (26,25,51)
 
       Time Step    32300   August  8, 2026  16:40:04
       Step Size:  0.965E-02 s, Total Time:  305.42969 s
       Pressure Iterations: 4
       Maximum Velocity Error:  0.13E-01 on Mesh 1 at (44,42,40)
       Maximum Pressure Error:  0.43E+03 on Mesh 1 at (42,44,21)
       Maximum CFL Number    :  0.86E+00 on Mesh 1 at (42,44,19)
       Maximum VN Number     :  0.41E+00 on Mesh 3 at (42,11,51)
       ---------------------------------------------------------------
       Mesh    1
       Max CFL number:  0.86E+00 at (42,44,19)
       Max divergence:  0.16E+02 at (41,44,7)
       Min divergence: -0.32E+01 at (42,43,14)
       Max VN number :  0.38E+00 at (41,30,51)
       Mesh    2
       Max CFL number:  0.60E+00 at (1,43,42)
       Max divergence:  0.76E+00 at (1,44,23)
       Min divergence: -0.12E+01 at (1,42,24)
       Max VN number :  0.31E+00 at (21,30,51)
       Mesh    3
       Max CFL number:  0.54E+00 at (41,9,51)
       Max divergence:  0.18E+00 at (39,1,44)
       Min divergence: -0.37E+00 at (40,1,44)
       Max VN number :  0.41E+00 at (42,11,51)
       Mesh    4
       Max CFL number:  0.51E+00 at (6,7,51)
       Max divergence:  0.10E+00 at (7,8,50)
       Min divergence: -0.10E+00 at (6,7,50)
       Max VN number :  0.23E+00 at (5,5,51)
 
       Time Step    32400   August  8, 2026  16:41:00
       Step Size:  0.879E-02 s, Total Time:  306.34004 s
       Pressure Iterations: 3
       Maximum Velocity Error:  0.25E-01 on Mesh 1 at (44,44,29)
       Maximum Pressure Error:  0.29E+03 on Mesh 1 at (42,42,11)
       Maximum CFL Number    :  0.83E+00 on Mesh 1 at (42,43,29)
       Maximum VN Number     :  0.28E+00 on Mesh 2 at (4,9,51)
       ---------------------------------------------------------------
       Mesh    1
       Max CFL number:  0.83E+00 at (42,43,29)
       Max divergence:  0.20E+02 at (41,43,7)
       Min divergence: -0.60E+01 at (42,42,11)
       Max VN number :  0.26E+00 at (40,46,51)
       Mesh    2
       Max CFL number:  0.56E+00 at (2,46,47)
       Max divergence:  0.13E+01 at (1,42,13)
       Min divergence: -0.76E+00 at (1,44,19)
       Max VN number :  0.28E+00 at (4,9,51)
       Mesh    3
       Max CFL number:  0.56E+00 at (44,1,45)
       Max divergence:  0.25E+00 at (42,1,17)
       Min divergence: -0.49E+00 at (44,2,42)
       Max VN number :  0.25E+00 at (20,24,51)
       Mesh    4
       Max CFL number:  0.63E+00 at (1,1,46)
       Max divergence:  0.32E+00 at (2,1,46)
       Min divergence: -0.79E+00 at (1,1,47)
       Max VN number :  0.23E+00 at (36,9,51)
 
       Time Step    32500   August  8, 2026  16:41:54
       Step Size:  0.100E-01 s, Total Time:  307.34173 s
       Pressure Iterations: 3
       Maximum Velocity Error:  0.18E-01 on Mesh 1 at (44,43,39)
       Maximum Pressure Error:  0.22E+03 on Mesh 1 at (41,43,17)
       Maximum CFL Number    :  0.91E+00 on Mesh 1 at (41,43,20)
       Maximum VN Number     :  0.36E+00 on Mesh 1 at (25,2,51)
       ---------------------------------------------------------------
       Mesh    1
       Max CFL number:  0.91E+00 at (41,43,20)
       Max divergence:  0.17E+02 at (41,43,7)
       Min divergence: -0.34E+01 at (41,43,16)
       Max VN number :  0.36E+00 at (25,2,51)
       Mesh    2
       Max CFL number:  0.54E+00 at (1,43,37)
       Max divergence:  0.39E+00 at (1,44,22)
       Min divergence: -0.29E+00 at (1,43,22)
       Max VN number :  0.32E+00 at (3,25,51)
       Mesh    3
       Max CFL number:  0.49E+00 at (42,12,51)
       Max divergence:  0.12E+00 at (37,13,50)
       Min divergence: -0.15E+00 at (40,15,48)
       Max VN number :  0.30E+00 at (20,15,51)
       Mesh    4
       Max CFL number:  0.43E+00 at (14,4,51)
       Max divergence:  0.77E-01 at (15,3,50)
       Min divergence: -0.11E+00 at (16,2,51)
       Max VN number :  0.28E+00 at (22,9,51)
 
       Time Step    32600   August  8, 2026  16:42:49
       Step Size:  0.874E-02 s, Total Time:  308.30151 s
       Pressure Iterations: 3
       Maximum Velocity Error:  0.23E-01 on Mesh 1 at (44,45,29)
       Maximum Pressure Error:  0.36E+03 on Mesh 1 at (42,42,7)
       Maximum CFL Number    :  0.83E+00 on Mesh 1 at (41,42,20)
       Maximum VN Number     :  0.33E+00 on Mesh 4 at (36,11,51)
       ---------------------------------------------------------------
       Mesh    1
       Max CFL number:  0.83E+00 at (41,42,20)
       Max divergence:  0.18E+02 at (43,43,7)
       Min divergence: -0.38E+01 at (41,43,12)
       Max VN number :  0.29E+00 at (28,42,51)
       Mesh    2
       Max CFL number:  0.65E+00 at (1,44,30)
       Max divergence:  0.45E+00 at (1,42,32)
       Min divergence: -0.72E+00 at (1,43,31)
       Max VN number :  0.26E+00 at (17,20,51)
       Mesh    3
       Max CFL number:  0.47E+00 at (39,1,51)
       Max divergence:  0.23E+00 at (44,1,27)
       Min divergence: -0.18E+00 at (43,8,51)
       Max VN number :  0.22E+00 at (38,26,51)
       Mesh    4
       Max CFL number:  0.37E+00 at (7,5,51)
       Max divergence:  0.13E+00 at (1,1,26)
       Min divergence: -0.99E-01 at (9,4,51)
       Max VN number :  0.33E+00 at (36,11,51)
 
       Time Step    32700   August  8, 2026  16:43:44
       Step Size:  0.939E-02 s, Total Time:  309.23611 s
       Pressure Iterations: 3
       Maximum Velocity Error:  0.15E-01 on Mesh 1 at (44,43,26)
       Maximum Pressure Error:  0.31E+03 on Mesh 1 at (41,44,11)
       Maximum CFL Number    :  0.91E+00 on Mesh 1 at (41,43,23)
       Maximum VN Number     :  0.33E+00 on Mesh 1 at (41,34,51)
       ---------------------------------------------------------------
       Mesh    1
       Max CFL number:  0.91E+00 at (41,43,23)
       Max divergence:  0.15E+02 at (43,44,7)
       Min divergence: -0.28E+01 at (41,43,14)
       Max VN number :  0.33E+00 at (41,34,51)
       Mesh    2
       Max CFL number:  0.49E+00 at (2,38,51)
       Max divergence:  0.37E+00 at (1,44,27)
       Min divergence: -0.36E+00 at (1,44,24)
       Max VN number :  0.20E+00 at (13,42,51)
       Mesh    3
       Max CFL number:  0.40E+00 at (43,1,51)
       Max divergence:  0.41E+00 at (42,1,35)
       Min divergence: -0.26E+00 at (44,1,24)
       Max VN number :  0.23E+00 at (39,9,51)
       Mesh    4
       Max CFL number:  0.32E+00 at (1,1,51)
       Max divergence:  0.14E+00 at (1,1,26)
       Min divergence: -0.59E-01 at (10,14,51)
       Max VN number :  0.22E+00 at (15,3,51)
 
       Time Step    32800   August  8, 2026  16:44:40
       Step Size:  0.911E-02 s, Total Time:  310.12186 s
       Pressure Iterations: 3
       Maximum Velocity Error:  0.12E-01 on Mesh 2 at (0,42,40)
       Maximum Pressure Error:  0.36E+03 on Mesh 1 at (42,44,13)
       Maximum CFL Number    :  0.89E+00 on Mesh 1 at (42,41,26)
       Maximum VN Number     :  0.37E+00 on Mesh 1 at (42,41,51)
       ---------------------------------------------------------------
       Mesh    1
       Max CFL number:  0.89E+00 at (42,41,26)
       Max divergence:  0.15E+02 at (41,44,7)
       Min divergence: -0.39E+01 at (41,44,14)
       Max VN number :  0.37E+00 at (42,41,51)
       Mesh    2
       Max CFL number:  0.61E+00 at (3,43,50)
       Max divergence:  0.25E+00 at (6,42,50)
       Min divergence: -0.27E+00 at (1,43,39)
       Max VN number :  0.31E+00 at (11,38,51)
       Mesh    3
       Max CFL number:  0.44E+00 at (28,6,51)
       Max divergence:  0.19E+00 at (40,3,50)
       Min divergence: -0.35E+00 at (42,2,34)
       Max VN number :  0.27E+00 at (2,20,51)
       Mesh    4
       Max CFL number:  0.52E+00 at (7,2,51)
       Max divergence:  0.13E+00 at (6,2,50)
       Min divergence: -0.19E+00 at (6,1,51)
       Max VN number :  0.30E+00 at (9,1,51)
 
       Time Step    32900   August  8, 2026  16:45:35
       Step Size:  0.954E-02 s, Total Time:  311.03917 s
       Pressure Iterations: 3
       Maximum Velocity Error:  0.24E-01 on Mesh 1 at (44,44,33)
       Maximum Pressure Error:  0.71E+03 on Mesh 1 at (41,42,13)
       Maximum CFL Number    :  0.87E+00 on Mesh 1 at (41,42,13)
       Maximum VN Number     :  0.45E+00 on Mesh 1 at (26,37,51)
       ---------------------------------------------------------------
       Mesh    1
       Max CFL number:  0.87E+00 at (41,42,13)
       Max divergence:  0.13E+02 at (41,44,7)
       Min divergence: -0.41E+01 at (41,42,12)
       Max VN number :  0.45E+00 at (26,37,51)
       Mesh    2
       Max CFL number:  0.59E+00 at (1,44,34)
       Max divergence:  0.32E+00 at (1,44,16)
       Min divergence: -0.39E+00 at (1,45,37)
       Max VN number :  0.25E+00 at (37,22,51)
       Mesh    3
       Max CFL number:  0.69E+00 at (41,1,45)
       Max divergence:  0.31E+00 at (41,2,45)
       Min divergence: -0.45E+00 at (41,1,45)
       Max VN number :  0.34E+00 at (25,1,51)
       Mesh    4
       Max CFL number:  0.37E+00 at (6,7,51)
       Max divergence:  0.21E+00 at (1,1,47)
       Min divergence: -0.92E-01 at (1,1,49)
       Max VN number :  0.25E+00 at (18,31,51)
 
       Time Step    33000   August  8, 2026  16:46:30
       Step Size:  0.102E-01 s, Total Time:  312.02597 s
       Pressure Iterations: 7
       Maximum Velocity Error:  0.24E-01 on Mesh 1 at (43,44,5)
       Maximum Pressure Error:  0.35E+04 on Mesh 1 at (43,44,6)
       Maximum CFL Number    :  0.97E+00 on Mesh 1 at (41,43,13)
       Maximum VN Number     :  0.45E+00 on Mesh 3 at (41,3,51)
       ---------------------------------------------------------------
       Mesh    1
       Max CFL number:  0.97E+00 at (41,43,13)
       Max divergence:  0.17E+02 at (41,42,7)
       Min divergence: -0.65E+01 at (41,43,14)
       Max VN number :  0.41E+00 at (41,37,51)
       Mesh    2
       Max CFL number:  0.46E+00 at (12,38,51)
       Max divergence:  0.56E+00 at (1,44,17)
       Min divergence: -0.25E+00 at (1,40,21)
       Max VN number :  0.26E+00 at (21,44,51)
       Mesh    3
       Max CFL number:  0.53E+00 at (37,1,51)
       Max divergence:  0.14E+00 at (42,1,17)
       Min divergence: -0.12E+00 at (41,4,51)
       Max VN number :  0.45E+00 at (41,3,51)
       Mesh    4
       Max CFL number:  0.40E+00 at (1,2,51)
       Max divergence:  0.55E-01 at (15,3,50)
       Min divergence: -0.78E-01 at (1,1,51)
       Max VN number :  0.23E+00 at (37,39,51)
 
       Time Step    33100   August  8, 2026  16:47:27
       Step Size:  0.106E-01 s, Total Time:  312.93706 s
       Pressure Iterations: 3
       Maximum Velocity Error:  0.15E-01 on Mesh 1 at (44,42,44)
       Maximum Pressure Error:  0.31E+03 on Mesh 1 at (41,43,11)
       Maximum CFL Number    :  0.89E+00 on Mesh 1 at (41,43,14)
       Maximum VN Number     :  0.36E+00 on Mesh 1 at (12,30,51)
       ---------------------------------------------------------------
       Mesh    1
       Max CFL number:  0.89E+00 at (41,43,14)
       Max divergence:  0.14E+02 at (42,44,7)
       Min divergence: -0.33E+01 at (42,43,13)
       Max VN number :  0.36E+00 at (12,30,51)
       Mesh    2
       Max CFL number:  0.72E+00 at (4,44,51)
       Max divergence:  0.49E+00 at (1,43,19)
       Min divergence: -0.46E+00 at (2,45,45)
       Max VN number :  0.34E+00 at (4,43,51)
       Mesh    3
       Max CFL number:  0.58E+00 at (44,1,51)
       Max divergence:  0.36E+00 at (40,1,36)
       Min divergence: -0.22E+00 at (41,1,36)
       Max VN number :  0.30E+00 at (17,15,51)
       Mesh    4
       Max CFL number:  0.54E+00 at (2,1,51)
       Max divergence:  0.17E+00 at (1,3,50)
       Min divergence: -0.15E+00 at (2,3,51)
       Max VN number :  0.27E+00 at (39,1,51)
 
       Time Step    33200   August  8, 2026  16:48:22
       Step Size:  0.109E-01 s, Total Time:  313.92391 s
       Pressure Iterations: 4
       Maximum Velocity Error:  0.11E-01 on Mesh 1 at (44,44,28)
       Maximum Pressure Error:  0.12E+03 on Mesh 1 at (42,43,16)
       Maximum CFL Number    :  0.84E+00 on Mesh 1 at (42,43,15)
       Maximum VN Number     :  0.47E+00 on Mesh 2 at (1,44,51)
       ---------------------------------------------------------------
       Mesh    1
       Max CFL number:  0.84E+00 at (42,43,15)
       Max divergence:  0.13E+02 at (41,42,7)
       Min divergence: -0.51E+01 at (42,43,11)
       Max VN number :  0.36E+00 at (17,35,51)
       Mesh    2
       Max CFL number:  0.53E+00 at (1,42,32)
       Max divergence:  0.27E+00 at (1,45,25)
       Min divergence: -0.44E+00 at (1,44,25)
       Max VN number :  0.47E+00 at (1,44,51)
       Mesh    3
       Max CFL number:  0.56E+00 at (42,9,51)
       Max divergence:  0.10E+00 at (37,4,49)
       Min divergence: -0.18E+00 at (43,8,51)
       Max VN number :  0.31E+00 at (40,9,51)
       Mesh    4
       Max CFL number:  0.60E+00 at (3,2,51)
       Max divergence:  0.55E-01 at (1,10,49)
       Min divergence: -0.66E-01 at (1,12,51)
       Max VN number :  0.33E+00 at (20,20,51)
 
       Time Step    33300   August  8, 2026  16:49:14
       Step Size:  0.108E-01 s, Total Time:  314.99885 s
       Pressure Iterations: 3
       Maximum Velocity Error:  0.24E-01 on Mesh 1 at (44,45,34)
       Maximum Pressure Error:  0.88E+03 on Mesh 1 at (43,44,8)
       Maximum CFL Number    :  0.91E+00 on Mesh 1 at (41,42,26)
       Maximum VN Number     :  0.36E+00 on Mesh 4 at (20,7,51)
       ---------------------------------------------------------------
       Mesh    1
       Max CFL number:  0.91E+00 at (41,42,26)
       Max divergence:  0.17E+02 at (43,43,7)
       Min divergence: -0.45E+01 at (42,43,12)
       Max VN number :  0.28E+00 at (25,46,51)
       Mesh    2
       Max CFL number:  0.63E+00 at (1,44,32)
       Max divergence:  0.11E+01 at (1,44,10)
       Min divergence: -0.51E+00 at (1,44,33)
       Max VN number :  0.24E+00 at (17,19,51)
       Mesh    3
       Max CFL number:  0.49E+00 at (41,2,51)
       Max divergence:  0.24E+00 at (44,1,32)
       Min divergence: -0.25E+00 at (43,1,33)
       Max VN number :  0.26E+00 at (42,3,51)
       Mesh    4
       Max CFL number:  0.45E+00 at (22,1,51)
       Max divergence:  0.93E-01 at (1,1,29)
       Min divergence: -0.60E-01 at (6,17,51)
       Max VN number :  0.36E+00 at (20,7,51)
 
       Time Step    33400   August  8, 2026  16:50:05
       Step Size:  0.115E-01 s, Total Time:  316.05467 s
       Pressure Iterations: 3
       Maximum Velocity Error:  0.17E-01 on Mesh 1 at (42,46,30)
       Maximum Pressure Error:  0.15E+03 on Mesh 1 at (42,44,26)
       Maximum CFL Number    :  0.96E+00 on Mesh 1 at (42,43,23)
       Maximum VN Number     :  0.42E+00 on Mesh 3 at (36,25,51)
       ---------------------------------------------------------------
       Mesh    1
       Max CFL number:  0.96E+00 at (42,43,23)
       Max divergence:  0.15E+02 at (43,42,7)
       Min divergence: -0.38E+01 at (42,43,14)
       Max VN number :  0.37E+00 at (34,22,51)
       Mesh    2
       Max CFL number:  0.55E+00 at (3,37,51)
       Max divergence:  0.24E+00 at (1,44,22)
       Min divergence: -0.99E-01 at (1,44,20)
       Max VN number :  0.33E+00 at (19,43,51)
       Mesh    3
       Max CFL number:  0.48E+00 at (32,1,51)
       Max divergence:  0.20E+00 at (42,1,31)
       Min divergence: -0.18E+00 at (42,7,50)
       Max VN number :  0.42E+00 at (36,25,51)
       Mesh    4
       Max CFL number:  0.42E+00 at (1,1,51)
       Max divergence:  0.54E-01 at (7,5,50)
       Min divergence: -0.60E-01 at (7,6,51)
       Max VN number :  0.25E+00 at (31,33,51)
 
       Time Step    33500   August  8, 2026  16:50:56
       Step Size:  0.107E-01 s, Total Time:  317.11210 s
       Pressure Iterations: 3
       Maximum Velocity Error:  0.16E-01 on Mesh 1 at (44,45,27)
       Maximum Pressure Error:  0.40E+03 on Mesh 1 at (42,42,19)
       Maximum CFL Number    :  0.91E+00 on Mesh 1 at (42,42,18)
       Maximum VN Number     :  0.44E+00 on Mesh 3 at (41,1,51)
       ---------------------------------------------------------------
       Mesh    1
       Max CFL number:  0.91E+00 at (42,42,18)
       Max divergence:  0.14E+02 at (43,42,7)
       Min divergence: -0.32E+01 at (42,43,15)
       Max VN number :  0.35E+00 at (44,39,51)
       Mesh    2
       Max CFL number:  0.59E+00 at (2,45,49)
       Max divergence:  0.29E+00 at (1,43,18)
       Min divergence: -0.49E+00 at (1,44,30)
       Max VN number :  0.27E+00 at (7,46,51)
       Mesh    3
       Max CFL number:  0.54E+00 at (39,1,51)
       Max divergence:  0.33E+00 at (43,1,27)
       Min divergence: -0.24E+00 at (42,1,25)
       Max VN number :  0.44E+00 at (41,1,51)
       Mesh    4
       Max CFL number:  0.49E+00 at (4,8,51)
       Max divergence:  0.11E+00 at (1,1,26)
       Min divergence: -0.71E-01 at (11,7,51)
       Max VN number :  0.29E+00 at (3,9,51)
 
       Time Step    33600   August  8, 2026  16:51:49
       Step Size:  0.106E-01 s, Total Time:  318.15195 s
       Pressure Iterations: 3
       Maximum Velocity Error:  0.16E-01 on Mesh 2 at (0,44,32)
       Maximum Pressure Error:  0.18E+03 on Mesh 1 at (42,43,9)
       Maximum CFL Number    :  0.88E+00 on Mesh 1 at (41,44,22)
       Maximum VN Number     :  0.38E+00 on Mesh 4 at (15,26,51)
       ---------------------------------------------------------------
       Mesh    1
       Max CFL number:  0.88E+00 at (41,44,22)
       Max divergence:  0.19E+02 at (41,42,7)
       Min divergence: -0.23E+01 at (42,44,12)
       Max VN number :  0.33E+00 at (39,40,51)
       Mesh    2
       Max CFL number:  0.56E+00 at (1,42,35)
       Max divergence:  0.10E+01 at (1,42,9)
       Min divergence: -0.35E+00 at (1,44,28)
       Max VN number :  0.27E+00 at (14,2,51)
       Mesh    3
       Max CFL number:  0.52E+00 at (40,3,47)
       Max divergence:  0.27E+00 at (42,1,23)
       Min divergence: -0.94E-01 at (43,6,49)
       Max VN number :  0.27E+00 at (35,30,51)
       Mesh    4
       Max CFL number:  0.39E+00 at (2,1,51)
       Max divergence:  0.48E-01 at (1,6,49)
       Min divergence: -0.50E-01 at (2,4,50)
       Max VN number :  0.38E+00 at (15,26,51)
 
       Time Step    33700   August  8, 2026  16:52:41
       Step Size:  0.102E-01 s, Total Time:  319.16086 s
       Pressure Iterations: 3
       Maximum Velocity Error:  0.24E-01 on Mesh 1 at (44,42,23)
       Maximum Pressure Error:  0.44E+03 on Mesh 1 at (41,42,13)
       Maximum CFL Number    :  0.95E+00 on Mesh 1 at (41,44,16)
       Maximum VN Number     :  0.39E+00 on Mesh 1 at (23,27,51)
       ---------------------------------------------------------------
       Mesh    1
       Max CFL number:  0.95E+00 at (41,44,16)
       Max divergence:  0.15E+02 at (43,44,7)
       Min divergence: -0.26E+01 at (39,44,20)
       Max VN number :  0.39E+00 at (23,27,51)
       Mesh    2
       Max CFL number:  0.82E+00 at (1,42,24)
       Max divergence:  0.58E+00 at (1,43,27)
       Min divergence: -0.12E+01 at (1,42,25)
       Max VN number :  0.34E+00 at (15,2,51)
       Mesh    3
       Max CFL number:  0.64E+00 at (42,1,43)
       Max divergence:  0.26E+00 at (40,1,16)
       Min divergence: -0.42E+00 at (44,1,46)
       Max VN number :  0.22E+00 at (19,7,51)
       Mesh    4
       Max CFL number:  0.38E+00 at (15,4,51)
       Max divergence:  0.12E+00 at (1,1,46)
       Min divergence: -0.93E-01 at (1,1,39)
       Max VN number :  0.27E+00 at (22,15,51)
 
       Time Step    33800   August  8, 2026  16:53:33
       Step Size:  0.876E-02 s, Total Time:  320.07231 s
       Pressure Iterations: 2
       Maximum Velocity Error:  0.25E-01 on Mesh 1 at (44,41,49)
       Maximum Pressure Error:  0.43E+03 on Mesh 1 at (41,41,24)
       Maximum CFL Number    :  0.86E+00 on Mesh 1 at (41,41,24)
       Maximum VN Number     :  0.33E+00 on Mesh 1 at (26,32,51)
       ---------------------------------------------------------------
       Mesh    1
       Max CFL number:  0.86E+00 at (41,41,24)
       Max divergence:  0.18E+02 at (42,44,7)
       Min divergence: -0.40E+01 at (42,43,15)
       Max VN number :  0.33E+00 at (26,32,51)
       Mesh    2
       Max CFL number:  0.57E+00 at (2,41,51)
       Max divergence:  0.29E+00 at (1,42,20)
       Min divergence: -0.33E+00 at (1,46,37)
       Max VN number :  0.25E+00 at (3,36,51)
       Mesh    3
       Max CFL number:  0.55E+00 at (35,1,42)
       Max divergence:  0.49E+00 at (42,1,24)
       Min divergence: -0.69E+00 at (43,1,25)
       Max VN number :  0.20E+00 at (39,18,51)
       Mesh    4
       Max CFL number:  0.40E+00 at (9,2,51)
       Max divergence:  0.11E+00 at (2,1,37)
       Min divergence: -0.31E+00 at (1,1,36)
       Max VN number :  0.20E+00 at (1,22,51)
 
       Time Step    33900   August  8, 2026  16:54:24
       Step Size:  0.103E-01 s, Total Time:  321.05655 s
       Pressure Iterations: 4
       Maximum Velocity Error:  0.10E-01 on Mesh 1 at (44,41,17)
       Maximum Pressure Error:  0.24E+03 on Mesh 1 at (42,42,13)
       Maximum CFL Number    :  0.87E+00 on Mesh 1 at (44,42,16)
       Maximum VN Number     :  0.35E+00 on Mesh 1 at (44,42,16)
       ---------------------------------------------------------------
       Mesh    1
       Max CFL number:  0.87E+00 at (44,42,16)
       Max divergence:  0.13E+02 at (42,44,7)
       Min divergence: -0.50E+01 at (44,42,17)
       Max VN number :  0.35E+00 at (44,42,16)
       Mesh    2
       Max CFL number:  0.51E+00 at (1,45,32)
       Max divergence:  0.11E+01 at (1,42,17)
       Min divergence: -0.81E+00 at (1,42,14)
       Max VN number :  0.25E+00 at (13,41,51)
       Mesh    3
       Max CFL number:  0.52E+00 at (44,2,44)
       Max divergence:  0.15E+00 at (41,1,41)
       Min divergence: -0.93E-01 at (43,1,38)
       Max VN number :  0.34E+00 at (33,11,51)
       Mesh    4
       Max CFL number:  0.54E+00 at (3,11,51)
       Max divergence:  0.13E+00 at (1,13,50)
       Min divergence: -0.13E+00 at (1,13,51)
       Max VN number :  0.34E+00 at (2,12,51)
 
       Time Step    34000   August  8, 2026  16:55:16
       Step Size:  0.985E-02 s, Total Time:  322.07445 s
       Pressure Iterations: 4
       Maximum Velocity Error:  0.13E-01 on Mesh 2 at (0,42,18)
       Maximum Pressure Error:  0.49E+03 on Mesh 1 at (41,41,9)
       Maximum CFL Number    :  0.82E+00 on Mesh 1 at (42,44,17)
       Maximum VN Number     :  0.30E+00 on Mesh 2 at (40,37,51)
       ---------------------------------------------------------------
       Mesh    1
       Max CFL number:  0.82E+00 at (42,44,17)
       Max divergence:  0.18E+02 at (42,42,7)
       Min divergence: -0.28E+01 at (42,44,16)
       Max VN number :  0.28E+00 at (42,42,6)
       Mesh    2
       Max CFL number:  0.45E+00 at (3,43,51)
       Max divergence:  0.23E+01 at (1,44,10)
       Min divergence: -0.25E+00 at (1,42,18)
       Max VN number :  0.30E+00 at (40,37,51)
       Mesh    3
       Max CFL number:  0.38E+00 at (44,1,50)
       Max divergence:  0.34E+00 at (43,1,30)
       Min divergence: -0.90E-01 at (44,1,45)
       Max VN number :  0.25E+00 at (27,26,51)
       Mesh    4
       Max CFL number:  0.39E+00 at (1,4,51)
       Max divergence:  0.11E+00 at (2,1,38)
       Min divergence: -0.84E-01 at (1,1,38)
       Max VN number :  0.20E+00 at (12,15,51)
 
       Time Step    34100   August  8, 2026  16:56:08
       Step Size:  0.945E-02 s, Total Time:  323.00843 s
       Pressure Iterations: 3
       Maximum Velocity Error:  0.18E-01 on Mesh 1 at (44,46,45)
       Maximum Pressure Error:  0.38E+03 on Mesh 1 at (42,43,12)
       Maximum CFL Number    :  0.92E+00 on Mesh 1 at (42,44,32)
       Maximum VN Number     :  0.33E+00 on Mesh 1 at (9,2,51)
       ---------------------------------------------------------------
       Mesh    1
       Max CFL number:  0.92E+00 at (42,44,32)
       Max divergence:  0.13E+02 at (41,43,7)
       Min divergence: -0.26E+01 at (42,43,12)
       Max VN number :  0.33E+00 at (9,2,51)
       Mesh    2
       Max CFL number:  0.65E+00 at (1,43,48)
       Max divergence:  0.76E+00 at (1,44,19)
       Min divergence: -0.68E+00 at (1,44,17)
       Max VN number :  0.24E+00 at (5,41,51)
       Mesh    3
       Max CFL number:  0.48E+00 at (36,3,51)
       Max divergence:  0.29E+00 at (43,1,17)
       Min divergence: -0.27E+00 at (44,1,43)
       Max VN number :  0.17E+00 at (29,42,40)
       Mesh    4
       Max CFL number:  0.41E+00 at (6,4,51)
       Max divergence:  0.22E+00 at (1,1,43)
       Min divergence: -0.15E+00 at (1,1,39)
       Max VN number :  0.27E+00 at (27,41,51)
 
       Time Step    34200   August  8, 2026  16:56:59
       Step Size:  0.101E-01 s, Total Time:  323.95823 s
       Pressure Iterations: 3
       Maximum Velocity Error:  0.16E-01 on Mesh 1 at (44,46,43)
       Maximum Pressure Error:  0.48E+03 on Mesh 1 at (42,44,12)
       Maximum CFL Number    :  0.86E+00 on Mesh 1 at (42,41,40)
       Maximum VN Number     :  0.34E+00 on Mesh 4 at (9,12,51)
       ---------------------------------------------------------------
       Mesh    1
       Max CFL number:  0.86E+00 at (42,41,40)
       Max divergence:  0.12E+02 at (41,43,7)
       Min divergence: -0.38E+01 at (42,43,14)
       Max VN number :  0.27E+00 at (2,46,51)
       Mesh    2
       Max CFL number:  0.58E+00 at (1,43,48)
       Max divergence:  0.54E+00 at (1,43,20)
       Min divergence: -0.22E+00 at (1,42,36)
       Max VN number :  0.25E+00 at (30,35,51)
       Mesh    3
       Max CFL number:  0.56E+00 at (44,1,44)
       Max divergence:  0.23E+00 at (41,1,44)
       Min divergence: -0.24E+00 at (40,1,44)
       Max VN number :  0.29E+00 at (22,28,51)
       Mesh    4
       Max CFL number:  0.51E+00 at (10,11,51)
       Max divergence:  0.80E-01 at (1,2,44)
       Min divergence: -0.94E-01 at (9,21,51)
       Max VN number :  0.34E+00 at (9,12,51)
 
       Time Step    34300   August  8, 2026  16:57:51
       Step Size:  0.104E-01 s, Total Time:  324.91541 s
       Pressure Iterations: 3
       Maximum Velocity Error:  0.18E-01 on Mesh 2 at (0,43,45)
       Maximum Pressure Error:  0.34E+03 on Mesh 1 at (41,43,13)
       Maximum CFL Number    :  0.95E+00 on Mesh 1 at (43,42,33)
       Maximum VN Number     :  0.45E+00 on Mesh 1 at (24,45,51)
       ---------------------------------------------------------------
       Mesh    1
       Max CFL number:  0.95E+00 at (43,42,33)
       Max divergence:  0.11E+02 at (41,43,7)
       Min divergence: -0.30E+01 at (42,43,13)
       Max VN number :  0.45E+00 at (24,45,51)
       Mesh    2
       Max CFL number:  0.56E+00 at (1,45,51)
       Max divergence:  0.41E+00 at (1,44,18)
       Min divergence: -0.34E+00 at (1,41,19)
       Max VN number :  0.37E+00 at (8,40,51)
       Mesh    3
       Max CFL number:  0.51E+00 at (42,1,38)
       Max divergence:  0.19E+00 at (42,1,41)
       Min divergence: -0.39E+00 at (42,1,39)
       Max VN number :  0.40E+00 at (44,14,51)
       Mesh    4
       Max CFL number:  0.50E+00 at (1,2,51)
       Max divergence:  0.82E-01 at (1,1,36)
       Min divergence: -0.14E+00 at (1,3,50)
       Max VN number :  0.40E+00 at (10,41,51)
 
       Time Step    34400   August  8, 2026  16:58:43
       Step Size:  0.117E-01 s, Total Time:  325.93097 s
       Pressure Iterations: 3
       Maximum Velocity Error:  0.24E-01 on Mesh 1 at (44,41,23)
       Maximum Pressure Error:  0.38E+03 on Mesh 1 at (41,43,14)
       Maximum CFL Number    :  0.90E+00 on Mesh 1 at (41,43,13)
       Maximum VN Number     :  0.38E+00 on Mesh 1 at (42,45,51)
       ---------------------------------------------------------------
       Mesh    1
       Max CFL number:  0.90E+00 at (41,43,13)
       Max divergence:  0.96E+01 at (41,44,7)
       Min divergence: -0.32E+01 at (42,43,12)
       Max VN number :  0.38E+00 at (42,45,51)
       Mesh    2
       Max CFL number:  0.65E+00 at (7,41,51)
       Max divergence:  0.45E+00 at (1,43,24)
       Min divergence: -0.10E+01 at (1,42,24)
       Max VN number :  0.30E+00 at (6,40,51)
       Mesh    3
       Max CFL number:  0.57E+00 at (42,4,51)
       Max divergence:  0.13E+00 at (39,2,46)
       Min divergence: -0.11E+00 at (32,3,51)
       Max VN number :  0.30E+00 at (27,30,51)
       Mesh    4
       Max CFL number:  0.61E+00 at (5,2,51)
       Max divergence:  0.92E-01 at (8,4,50)
       Min divergence: -0.92E-01 at (5,2,50)
       Max VN number :  0.29E+00 at (8,31,51)
 
       Time Step    34500   August  8, 2026  16:59:35
       Step Size:  0.123E-01 s, Total Time:  327.10677 s
       Pressure Iterations: 3
       Maximum Velocity Error:  0.14E-01 on Mesh 1 at (40,46,42)
       Maximum Pressure Error:  0.25E+03 on Mesh 1 at (41,43,7)
       Maximum CFL Number    :  0.91E+00 on Mesh 1 at (43,42,32)
       Maximum VN Number     :  0.35E+00 on Mesh 1 at (40,22,51)
       ---------------------------------------------------------------
       Mesh    1
       Max CFL number:  0.91E+00 at (43,42,32)
       Max divergence:  0.12E+02 at (42,42,7)
       Min divergence: -0.32E+01 at (43,42,10)
       Max VN number :  0.35E+00 at (40,22,51)
       Mesh    2
       Max CFL number:  0.60E+00 at (4,41,45)
       Max divergence:  0.28E+00 at (1,42,28)
       Min divergence: -0.15E+00 at (1,42,25)
       Max VN number :  0.27E+00 at (13,32,51)
       Mesh    3
       Max CFL number:  0.57E+00 at (42,1,38)
       Max divergence:  0.19E+00 at (42,1,42)
       Min divergence: -0.12E+00 at (41,2,42)
       Max VN number :  0.32E+00 at (9,10,51)
       Mesh    4
       Max CFL number:  0.40E+00 at (2,7,51)
       Max divergence:  0.55E-01 at (1,1,39)
       Min divergence: -0.50E-01 at (15,8,49)
       Max VN number :  0.26E+00 at (10,23,51)
 
       Time Step    34600   August  8, 2026  17:00:26
       Step Size:  0.106E-01 s, Total Time:  328.27189 s
       Pressure Iterations: 3
       Maximum Velocity Error:  0.17E-01 on Mesh 1 at (43,46,43)
       Maximum Pressure Error:  0.12E+03 on Mesh 1 at (41,44,23)
       Maximum CFL Number    :  0.80E+00 on Mesh 1 at (41,44,23)
       Maximum VN Number     :  0.36E+00 on Mesh 1 at (27,42,51)
       ---------------------------------------------------------------
       Mesh    1
       Max CFL number:  0.80E+00 at (41,44,23)
       Max divergence:  0.14E+02 at (42,44,7)
       Min divergence: -0.30E+01 at (42,43,10)
       Max VN number :  0.36E+00 at (27,42,51)
       Mesh    2
       Max CFL number:  0.43E+00 at (1,44,45)
       Max divergence:  0.13E+00 at (1,43,12)
       Min divergence: -0.17E+00 at (1,44,45)
       Max VN number :  0.26E+00 at (14,11,51)
       Mesh    3
       Max CFL number:  0.58E+00 at (41,1,37)
       Max divergence:  0.11E+00 at (44,1,41)
       Min divergence: -0.10E+00 at (40,1,38)
       Max VN number :  0.24E+00 at (32,2,51)
       Mesh    4
       Max CFL number:  0.41E+00 at (7,9,51)
       Max divergence:  0.39E-01 at (1,1,40)
       Min divergence: -0.63E-01 at (19,3,51)
       Max VN number :  0.30E+00 at (12,12,51)
 
       Time Step    34700   August  8, 2026  17:01:17
       Step Size:  0.129E-01 s, Total Time:  329.49566 s
       Pressure Iterations: 3
       Maximum Velocity Error:  0.16E-01 on Mesh 1 at (44,43,14)
       Maximum Pressure Error:  0.23E+03 on Mesh 1 at (42,43,12)
       Maximum CFL Number    :  0.90E+00 on Mesh 1 at (43,41,17)
       Maximum VN Number     :  0.37E+00 on Mesh 2 at (12,34,51)
       ---------------------------------------------------------------
       Mesh    1
       Max CFL number:  0.90E+00 at (43,41,17)
       Max divergence:  0.96E+01 at (41,42,7)
       Min divergence: -0.31E+01 at (42,43,11)
       Max VN number :  0.31E+00 at (43,41,16)
       Mesh    2
       Max CFL number:  0.52E+00 at (1,42,29)
       Max divergence:  0.45E+00 at (1,42,15)
       Min divergence: -0.10E+00 at (1,42,30)
       Max VN number :  0.37E+00 at (12,34,51)
       Mesh    3
       Max CFL number:  0.58E+00 at (41,1,41)
       Max divergence:  0.74E-01 at (42,2,42)
       Min divergence: -0.98E-01 at (41,1,42)
       Max VN number :  0.30E+00 at (36,30,51)
       Mesh    4
       Max CFL number:  0.39E+00 at (11,15,51)
       Max divergence:  0.32E-01 at (1,1,44)
       Min divergence: -0.44E-01 at (10,16,51)
       Max VN number :  0.28E+00 at (24,30,51)
 
       Time Step    34800   August  8, 2026  17:02:09
       Step Size:  0.116E-01 s, Total Time:  330.70100 s
       Pressure Iterations: 3
       Maximum Velocity Error:  0.14E-01 on Mesh 1 at (44,42,41)
       Maximum Pressure Error:  0.14E+03 on Mesh 1 at (42,42,17)
       Maximum CFL Number    :  0.85E+00 on Mesh 1 at (41,43,26)
       Maximum VN Number     :  0.27E+00 on Mesh 1 at (42,42,16)
       ---------------------------------------------------------------
       Mesh    1
       Max CFL number:  0.85E+00 at (41,43,26)
       Max divergence:  0.10E+02 at (43,43,7)
       Min divergence: -0.24E+01 at (42,43,11)
       Max VN number :  0.27E+00 at (42,42,16)
       Mesh    2
       Max CFL number:  0.52E+00 at (1,42,42)
       Max divergence:  0.20E+00 at (1,43,18)
       Min divergence: -0.16E+00 at (1,42,19)
       Max VN number :  0.23E+00 at (5,34,51)
       Mesh    3
       Max CFL number:  0.44E+00 at (33,1,51)
       Max divergence:  0.62E-01 at (42,1,17)
       Min divergence: -0.63E-01 at (34,2,51)
       Max VN number :  0.25E+00 at (2,3,51)
       Mesh    4
       Max CFL number:  0.40E+00 at (11,5,51)
       Max divergence:  0.20E-01 at (15,1,50)
       Min divergence: -0.36E-01 at (15,1,51)
       Max VN number :  0.25E+00 at (2,22,51)
 
       Time Step    34900   August  8, 2026  17:03:00
       Step Size:  0.130E-01 s, Total Time:  332.01100 s
       Pressure Iterations: 4
       Maximum Velocity Error:  0.14E-01 on Mesh 1 at (41,42,4)
       Maximum Pressure Error:  0.99E+03 on Mesh 1 at (43,42,6)
       Maximum CFL Number    :  0.83E+00 on Mesh 1 at (42,44,25)
       Maximum VN Number     :  0.47E+00 on Mesh 1 at (23,40,51)
       ---------------------------------------------------------------
       Mesh    1
       Max CFL number:  0.83E+00 at (42,44,25)
       Max divergence:  0.96E+01 at (42,42,7)
       Min divergence: -0.25E+01 at (42,42,14)
       Max VN number :  0.47E+00 at (23,40,51)
       Mesh    2
       Max CFL number:  0.39E+00 at (1,44,40)
       Max divergence:  0.12E+00 at (1,43,16)
       Min divergence: -0.72E-01 at (1,45,43)
       Max VN number :  0.31E+00 at (1,38,51)
       Mesh    3
       Max CFL number:  0.47E+00 at (42,11,51)
       Max divergence:  0.55E-01 at (43,1,16)
       Min divergence: -0.71E-01 at (35,13,51)
       Max VN number :  0.30E+00 at (22,5,51)
       Mesh    4
       Max CFL number:  0.51E+00 at (9,13,51)
       Max divergence:  0.48E-01 at (2,14,50)
       Min divergence: -0.64E-01 at (2,14,51)
       Max VN number :  0.46E+00 at (7,14,51)
 
       Time Step    35000   August  8, 2026  17:03:51
       Step Size:  0.137E-01 s, Total Time:  333.45518 s
       Pressure Iterations: 2
       Maximum Velocity Error:  0.15E-01 on Mesh 1 at (44,45,47)
       Maximum Pressure Error:  0.13E+03 on Mesh 1 at (42,42,15)
       Maximum CFL Number    :  0.81E+00 on Mesh 1 at (42,42,13)
       Maximum VN Number     :  0.36E+00 on Mesh 2 at (17,3,51)
       ---------------------------------------------------------------
       Mesh    1
       Max CFL number:  0.81E+00 at (42,42,13)
       Max divergence:  0.77E+01 at (43,43,7)
       Min divergence: -0.23E+01 at (42,42,13)
       Max VN number :  0.30E+00 at (8,11,51)
       Mesh    2
       Max CFL number:  0.51E+00 at (1,44,51)
       Max divergence:  0.13E+00 at (1,42,17)
       Min divergence: -0.59E-01 at (1,44,49)
       Max VN number :  0.36E+00 at (17,3,51)
       Mesh    3
       Max CFL number:  0.56E+00 at (41,3,51)
       Max divergence:  0.45E-01 at (44,2,50)
       Min divergence: -0.58E-01 at (43,1,41)
       Max VN number :  0.28E+00 at (39,4,51)
       Mesh    4
       Max CFL number:  0.48E+00 at (1,1,51)
       Max divergence:  0.26E-01 at (1,1,50)
       Min divergence: -0.45E-01 at (1,2,51)
       Max VN number :  0.30E+00 at (18,38,51)
 
       Time Step    35100   August  8, 2026  17:04:42
       Step Size:  0.163E-01 s, Total Time:  335.02086 s
       Pressure Iterations: 3
       Maximum Velocity Error:  0.17E-01 on Mesh 1 at (44,43,22)
       Maximum Pressure Error:  0.66E+02 on Mesh 1 at (42,44,15)
       Maximum CFL Number    :  0.89E+00 on Mesh 1 at (41,42,18)
       Maximum VN Number     :  0.37E+00 on Mesh 1 at (2,2,51)
       ---------------------------------------------------------------
       Mesh    1
       Max CFL number:  0.89E+00 at (41,42,18)
       Max divergence:  0.66E+01 at (42,44,7)
       Min divergence: -0.15E+01 at (42,44,11)
       Max VN number :  0.37E+00 at (2,2,51)
       Mesh    2
       Max CFL number:  0.61E+00 at (1,42,25)
       Max divergence:  0.13E+00 at (1,43,26)
       Min divergence: -0.26E+00 at (1,42,21)
       Max VN number :  0.29E+00 at (14,40,51)
       Mesh    3
       Max CFL number:  0.42E+00 at (40,1,51)
       Max divergence:  0.29E-01 at (41,1,26)
       Min divergence: -0.25E-01 at (43,5,51)
       Max VN number :  0.31E+00 at (22,22,51)
       Mesh    4
       Max CFL number:  0.37E+00 at (7,3,51)
       Max divergence:  0.12E-01 at (7,1,50)
       Min divergence: -0.21E-01 at (6,5,51)
       Max VN number :  0.27E+00 at (24,13,51)
 
       Time Step    35200   August  8, 2026  17:05:33
       Step Size:  0.257E-01 s, Total Time:  336.94838 s
       Pressure Iterations: 3
       Maximum Velocity Error:  0.14E-01 on Mesh 1 at (44,45,46)
       Maximum Pressure Error:  0.34E+01 on Mesh 1 at (42,38,51)
       Maximum CFL Number    :  0.88E+00 on Mesh 1 at (42,44,29)
       Maximum VN Number     :  0.68E+00 on Mesh 3 at (24,13,51)
       ---------------------------------------------------------------
       Mesh    1
       Max CFL number:  0.88E+00 at (42,44,29)
       Max divergence:  0.79E-01 at (42,43,7)
       Min divergence: -0.17E+00 at (41,43,7)
       Max VN number :  0.42E+00 at (1,7,32)
       Mesh    2
       Max CFL number:  0.62E+00 at (1,42,47)
       Max divergence:  0.19E-01 at (6,42,47)
       Min divergence: -0.20E-01 at (5,41,49)
       Max VN number :  0.41E+00 at (40,41,51)
       Mesh    3
       Max CFL number:  0.58E+00 at (25,15,51)
       Max divergence:  0.82E-02 at (38,1,35)
       Min divergence: -0.16E-01 at (35,42,51)
       Max VN number :  0.68E+00 at (24,13,51)
       Mesh    4
       Max CFL number:  0.53E+00 at (13,10,51)
       Max divergence:  0.64E-02 at (40,6,50)
       Min divergence: -0.17E-01 at (41,5,51)
       Max VN number :  0.42E+00 at (40,8,51)
 
       Time Step    35281   August  8, 2026  17:06:14
       Step Size:  0.864E-02 s, Total Time:  340.00000 s
       Pressure Iterations: 1
       Maximum Velocity Error:  0.13E-01 on Mesh 1 at (35,46,51)
       Maximum Pressure Error:  0.15E+01 on Mesh 3 at (35,1,51)
       Maximum CFL Number    :  0.13E+00 on Mesh 1 at (30,32,51)
       Maximum VN Number     :  0.14E+00 on Mesh 2 at (41,12,17)
       ---------------------------------------------------------------
       Mesh    1
       Max CFL number:  0.13E+00 at (30,32,51)
       Max divergence:  0.79E-02 at (44,42,25)
       Min divergence: -0.16E-01 at (1,33,51)
       Max VN number :  0.11E+00 at (1,22,30)
       Mesh    2
       Max CFL number:  0.12E+00 at (40,1,25)
       Max divergence:  0.86E-02 at (40,3,11)
       Min divergence: -0.15E-01 at (41,46,51)
       Max VN number :  0.14E+00 at (41,12,17)
       Mesh    3
       Max CFL number:  0.12E+00 at (21,6,51)
       Max divergence:  0.76E-02 at (2,41,47)
       Min divergence: -0.15E-01 at (1,42,51)
       Max VN number :  0.94E-01 at (24,13,51)
       Mesh    4
       Max CFL number:  0.12E+00 at (23,23,51)
       Max divergence:  0.60E-02 at (39,35,49)
       Min divergence: -0.15E-01 at (6,42,51)
       Max VN number :  0.10E+00 at (40,6,51)
 


 Time Stepping Wall Clock Time (s):    17726.686
 Total Elapsed Wall Clock Time (s):    17731.735

STOP: FDS completed successfully (CHID: hep_160_150_1_1)
